180	2	6.6359923041501897e+03	-3.6213786034070776e+00
190	2	6.5998012225391649e+03	-3.6168048400448356e+00
200	2	6.5636568590172710e+03	-3.6120342046902274e+00
210	2	6.5275612005905632e+03	-3.6070632620998841e+00
220	2	6.4915162685344894e+03	-3.6018885005300398e+00
230	2	6.4555241192491594e+03	-3.5965063301763083e+00
240	2	6.4195868451279666e+03	-3.5909130816055885e+00
250	2	6.3837065754393707e+03	-3.5851050041823407e+00
260	2	6.3478854772219056e+03	-3.5790782644916241e+00
270	2	6.3121257561923276e+03	-3.5728289447616581e+00
280	2	6.2764296576666911e+03	-3.5663530412887545e+00
290	2	6.2407994674943002e+03	-3.5596464628678350e+00
300	2	6.2052375130037435e+03	-3.5527050292320004e+00
310	2	6.1697461629822956e+03	-3.5455244688451821e+00
320	2	6.1343278307876735e+03	-3.5381004155275919e+00
330	2	6.0989849749529540e+03	-3.5304284086647622e+00
340	2	6.0637200985930031e+03	-3.5225038922358487e+00
350	2	6.0285357504495869e+03	-3.5143222133332386e+00
360	2	5.9934345259486427e+03	-3.5058786207170423e+00
370	2	5.9584190682692069e+03	-3.4971682634102859e+00
380	2	5.9234920694233733e+03	-3.4881861893412611e+00
390	2	5.8886562713467956e+03	-3.4789273440398301e+00
400	2	5.8539144669988282e+03	-3.4693865693950512e+00
410	2	5.8192695014717438e+03	-3.4595586024819793e+00
420	2	5.7847242731079905e+03	-3.4494380744660855e+00
430	2	5.7502817344333553e+03	-3.4390195095392837e+00
440	2	5.7159448924601948e+03	-3.4282973223414301e+00
450	2	5.6817168130265472e+03	-3.4172658167414780e+00
460	2	5.6476006195238415e+03	-3.4059191868421035e+00
470	2	5.6135994934695618e+03	-3.3942515164794052e+00
480	2	5.5797166756955494e+03	-3.3822567787658406e+00
490	2	5.5459554675372683e+03	-3.3699288357850157e+00
500	2	5.5123192320224225e+03	-3.3572614384522308e+00
510	2	5.4788113950570705e+03	-3.3442482265553433e+00
520	2	5.4454354466070918e+03	-3.3308827289913818e+00
530	2	5.4121949418729992e+03	-3.3171583642152944e+00
540	2	5.3790935024555529e+03	-3.3030684409179170e+00
550	2	5.3461348175097082e+03	-3.2886061589513287e+00
560	2	5.3133226447732441e+03	-3.2737646104352773e+00
570	2	5.2806608109582239e+03	-3.2585367791291726e+00
580	2	5.2481532154783145e+03	-3.2429155425572547e+00
590	2	5.2158038295799424e+03	-3.2268936755963904e+00
600	2	5.1836166968114667e+03	-3.2104638528139824e+00
610	2	5.1515959340943054e+03	-3.1936186512601408e+00
620	2	5.1197457327610409e+03	-3.1763505536574139e+00
630	2	5.0880703595562800e+03	-3.1586519520135887e+00
640	2	5.0565741575955899e+03	-3.1405151516840655e+00
650	2	5.0252615472778652e+03	-3.1219323759111570e+00
660	2	4.9941370271458791e+03	-3.1028957708684799e+00
670	2	4.9632051746898005e+03	-3.0833974112394200e+00
680	2	4.9324706470878264e+03	-3.0634293063592115e+00
690	2	4.9019381815635143e+03	-3.0429834065371515e+00
700	2	4.8716125960964464e+03	-3.0220516080870166e+00
710	2	4.8414987915588326e+03	-3.0006257632065303e+00
720	2	4.8116017501667266e+03	-2.9786976890520718e+00
730	2	4.7819265357138574e+03	-2.9562591770366744e+00
740	2	4.7524782938574481e+03	-2.9333020029411032e+00
750	2	4.7232622522952797e+03	-2.9098179378031768e+00
760	2	4.6942837208259471e+03	-2.8857987596159069e+00
770	2	4.6655480912839002e+03	-2.8612362658646124e+00
780	2	4.6370608373403993e+03	-2.8361222869317531e+00
790	2	4.6088275141614777e+03	-2.8104487003972607e+00
800	2	4.5808537579134663e+03	-2.7842074462603694e+00
810	2	4.5531452850379010e+03	-2.7573905430204704e+00
820	2	4.5257078908909143e+03	-2.7299901027157052e+00
830	2	4.4985474506137862e+03	-2.7019983497325999e+00
840	2	4.4716699165108412e+03	-2.6734076409689513e+00
850	2	4.4450813162053737e+03	-2.6442104856922035e+00
860	2	4.4187877510875087e+03	-2.6143995666310915e+00
870	2	4.3927953945417266e+03	-2.5839677620909018e+00
880	2	4.3671104899436068e+03	-2.5529081690906952e+00
890	2	4.3417393484154272e+03	-2.5212141275153082e+00
900	2	4.3166883463301483e+03	-2.4888792452682931e+00
910	2	4.2919639225537849e+03	-2.4558974244055571e+00
920	2	4.2675725754161003e+03	-2.4222628882215478e+00
930	2	4.2435208593253546e+03	-2.3879702091201471e+00
940	2	4.2198153808021680e+03	-2.3530143353099522e+00
950	2	4.1964627960738417e+03	-2.3173906216676845e+00
960	2	4.1734698056122534e+03	-2.2810948607860877e+00
970	2	4.1508431493354037e+03	-2.2441233137823393e+00
980	2	4.1285896018357653e+03	-2.2064727419513450e+00
990	2	4.1067159672844118e+03	-2.1681404389195142e+00
1000	2	4.0852290740062581e+03	-2.1291242631926242e+00
1010	2	4.0641357687227423e+03	-2.0894226709794115e+00
1020	2	4.0434429104595947e+03	-2.0490347491607066e+00
1030	2	4.0231573641186769e+03	-2.0079602482622412e+00
1040	2	4.0032859937142885e+03	-1.9661996152769148e+00
1050	2	3.9838356550352250e+03	-1.9237540253563870e+00
1060	2	3.9648131886155575e+03	-1.8806254121876642e+00
1070	2	3.9462254123768248e+03	-1.8368165015391396e+00
1080	2	3.9280791126284298e+03	-1.7923308410579186e+00
1090	2	3.9103810357466664e+03	-1.7471728295350502e+00
1100	2	3.8931378795847363e+03	-1.7013477449097900e+00
1110	2	3.8763562846040586e+03	-1.6548617707539834e+00
1120	2	3.8600428247429695e+03	-1.6077220210094050e+00
1130	2	3.8442039980412169e+03	-1.5599365627470534e+00
1140	2	3.8288462170408093e+03	-1.5115144367148687e+00
1150	2	3.8139757989863879e+03	-1.4624656754406891e+00
1160	2	3.7995989557330372e+03	-1.4128013181550754e+00
1170	2	3.7857217837091302e+03	-1.3625334213836966e+00
1180	2	3.7723502542029782e+03	-1.3116750705043378e+00
1190	2	3.7594902022974316e+03	-1.2602403851983968e+00
1200	2	3.7471473165200250e+03	-1.2082445218196822e+00
1210	2	3.7353271285343462e+03	-1.1557036721681730e+00
1220	2	3.7240350028560629e+03	-1.1026350583893023e+00
1230	2	3.7132761266327821e+03	-1.0490569238537808e+00
1240	2	3.7030554995284128e+03	-9.9498851989594039e-01
1250	2	3.6933779237536119e+03	-9.4045008831364640e-01
1260	2	3.6842479942850027e+03	-8.8546283956077065e-01
1270	2	3.6756700891794712e+03	-8.3004892549402376e-01
1280	2	3.6676483606081688e+03	-7.7423140809232927e-01
1290	2	3.6601867258897969e+03	-7.1803422628242042e-01
1300	2	3.6532888585836272e+03	-6.6148215599161420e-01
1310	2	3.6469581803813307e+03	-6.0460076683886488e-01
1320	2	3.6411978534459863e+03	-5.4741637479771876e-01
1330	2	3.6360107732362067e+03	-4.8995599099241549e-01
1340	2	3.6313995618530012e+03	-4.3224726682885733e-01
1350	2	3.6273665619446015e+03	-3.7431843569555479e-01
1360	2	3.6239138312022151e+03	-3.1619825150257891e-01
1370	2	3.6210431374384648e+03	-2.5791592381345801e-01
1380	2	3.6187559543999887e+03	-1.9950104946350941e-01
1390	2	3.6170534583240369e+03	-1.4098354538031926e-01
1400	2	3.6159365248979670e+03	-8.2393576981923289e-02
1410	2	3.6154057271627858e+03	-2.3761485820316123e-02
1420	2	3.6154613341478121e+03	3.4882283702311633e-02
1430	2	3.6161033102332999e+03	9.3507258205695734e-02
1440	2	3.6173313152447104e+03	1.5208300936927424e-01
1450	2	3.6191447052781546e+03	2.1057922771132292e-01
1460	2	3.6215425342485059e+03	2.6896579578336471e-01
1470	2	3.6245235561358195e+03	3.2721286163128172e-01
1480	2	3.6280862280407409e+03	3.8529090838951818e-01
1490	2	3.6322287138339721e+03	4.4317082291264753e-01
1500	2	3.6369488885386609e+03	5.0082396236380611e-01
1510	2	3.6422443433736903e+03	5.5822221794070281e-01
1520	2	3.6481123914115137e+03	6.1533807567035470e-01
1530	2	3.6545500738197734e+03	6.7214467398073308e-01
1540	2	3.6615541666532476e+03	7.2861585778876903e-01
1550	2	3.6691211881612103e+03	7.8472622931503988e-01
1560	2	3.6772474065520623e+03	8.4045119545244262e-01
1570	2	3.6859288482631664e+03	8.9576700920332752e-01
1580	2	3.6951613066671589e+03	9.5065080828454407e-01
1590	2	3.7049403511050627e+03	1.0050806490441397e+00
1600	2	3.7152613362280272e+03	1.0590355360223829e+00
1610	2	3.7261194116048487e+03	1.1124954471592368e+00
1620	2	3.7375095315518251e+03	1.1654413546628211e+00
1630	2	3.7494264651405529e+03	1.2178552418908466e+00
1640	2	3.7618648063130836e+03	1.2697201166523078e+00
1650	2	3.7748189842138913e+03	1.3210200185313314e+00
1660	2	3.7882832736017044e+03	1.3717400234103212e+00
1670	2	3.8022518052159598e+03	1.4218662438705028e+00
1680	2	3.8167185761192627e+03	1.4713858258854748e+00
1690	2	3.8316774599820819e+03	1.5202869420297138e+00
1700	2	3.8471222173271635e+03	1.5685587817667952e+00
1710	2	3.8630465054577248e+03	1.6161915386690142e+00
1720	2	3.8794438885333420e+03	1.6631763941813043e+00
1730	2	3.8963078474539620e+03	1.7095054990118836e+00
1740	2	3.9136317894411723e+03	1.7551719520633893e+00
1750	2	3.9314090573903072e+03	1.8001697772037835e+00
1760	2	3.9496329389731509e+03	1.8444938981102006e+00
1770	2	3.9682966754944246e+03	1.8881401115108136e+00
1780	2	3.9873934704379340e+03	1.9311050596867538e+00
1790	2	4.0069164976064299e+03	1.9733862005751552e+00
1800	2	4.0268589093941919e+03	2.0149817770538263e+00
1810	2	4.0472138444995921e+03	2.0558907854857473e+00
1820	2	4.0679744352830357e+03	2.0961129435845964e+00
1830	2	4.0891338147941719e+03	2.1356486578285878e+00
1840	2	4.1106851234649475e+03	2.1744989905968644e+00
1850	2	4.1326215155417667e+03	2.2126656273183025e+00
1860	2	4.1549361650420342e+03	2.2501508443741565e+00
1870	2	4.1776222712040671e+03	2.2869574760674274e+00
1880	2	4.2006730643630872e+03	2.3230888819343538e+00
1890	2	4.2240818110572391e+03	2.3585489146508762e+00
1900	2	4.2478418187817633e+03	2.3933418884545463e+00
1910	2	4.2719464404237751e+03	2.4274725481838382e+00
1920	2	4.2963890783845927e+03	2.4609460390168825e+00
1930	2	4.3211631883971331e+03	2.4937678769809533e+00
1940	2	4.3462622831286899e+03	2.5259439204405685e+00
1950	2	4.3716799353868764e+03	2.5574803434567412e+00
1960	2	4.3974097806560203e+03	2.5883836084450893e+00
1970	2	4.4234455204883952e+03	2.6186604399286768e+00
1980	2	4.4497809250385280e+03	2.6483177995942229e+00
1990	2	4.4764098352916881e+03	2.6773628623334158e+00
2000	2	4.5033261650517816e+03	2.7058029933035099e+00
2010	2	4.5305239026991421e+03	2.7336457260133491e+00
2020	2	4.5579971127287108e+03	2.7608987414353638e+00
2030	2	4.5857399370790199e+03	2.7875698481387845e+00
2040	2	4.6137465964496714e+03	2.8136669638013627e+00
2050	2	4.6420113909020583e+03	2.8391980985949572e+00
2060	2	4.6705287004798001e+03	2.8641713373196938e+00
2070	2	4.6992929865691394e+03	2.8885948232371228e+00
2080	2	4.7282987923968194e+03	2.9124767430462564e+00
2090	2	4.7575407433647297e+03	2.9358253127722906e+00
2100	2	4.7870135472423854e+03	2.9586487645469819e+00
2110	2	4.8167119942263853e+03	2.9809553342527768e+00
2120	2	4.8466309568753613e+03	3.0027532500013230e+00
2130	2	4.8767653899290199e+03	3.0240507214163110e+00
2140	2	4.9071103301280327e+03	3.0448559298047777e+00
2150	2	4.9376608958869747e+03	3.0651770203371904e+00
2160	2	4.9684122859676809e+03	3.0850220931790360e+00
2170	2	4.9993597799927247e+03	3.1043991948564571e+00
2180	2	5.0304987379700397e+03	3.1233163110418536e+00
2190	2	5.0618245996198593e+03	3.1417813599554756e+00
2200	2	5.0933328836335631e+03	3.1598021863556953e+00
2210	2	5.1250191868705087e+03	3.1773865560879004e+00
2220	2	5.1568791834983504e+03	3.1945421511623744e+00
2230	2	5.1889086240822717e+03	3.2112765653324220e+00
2240	2	5.2211033346280728e+03	3.2275973001445717e+00
2250	2	5.2534592158292426e+03	3.2435117617062161e+00
2260	2	5.2859722417004887e+03	3.2590272591956970e+00
2270	2	5.3186384579746655e+03	3.2741510012044648e+00
2280	2	5.3514539821888920e+03	3.2888900927170042e+00
2290	2	5.3844150026454117e+03	3.3032515330868644e+00
2300	2	5.4175177773107634e+03	3.3172422143363689e+00
2310	2	5.4507586326949158e+03	3.3308689197597121e+00
2320	2	5.4841339627136249e+03	3.3441383228087882e+00
2330	2	5.5176402275368364e+03	3.3570569862418709e+00
2340	2	5.5512739524257604e+03	3.3696313615163125e+00
2350	2	5.5850317265612621e+03	3.3818677884073329e+00
2360	2	5.6189102020213986e+03	3.3937724949289656e+00
2370	2	5.6529060927145965e+03	3.4053515989023802e+00
2380	2	5.6870161719338857e+03	3.4166111079969439e+00
2390	2	5.7212372726294816e+03	3.4275569187946275e+00
2400	2	5.7555662864410615e+03	3.4381948172220094e+00
2410	2	5.7900001625562854e+03	3.4485304791607629e+00
2420	2	5.8245359065720604e+03	3.4585694711849646e+00
2430	2	5.8591705793597839e+03	3.4683172514136626e+00
2440	2	5.8939012959358715e+03	3.4777791704679646e+00
2450	2	5.9287252243386138e+03	3.4869604725224277e+00
2460	2	5.9636395845125162e+03	3.4958662964413083e+00
2470	2	5.9986416472010014e+03	3.5045016769907540e+00
2480	2	6.0337287332892583e+03	3.5128715464934723e+00
2490	2	6.0688982118955710e+03	3.5209807380662594e+00
2500	2	6.1041474990154038e+03	3.5288339856546176e+00
2510	2	6.1394740578044948e+03	3.5364359246253931e+00
2520	2	6.1748753975744285e+03	3.5437910932110328e+00
2530	2	6.2103490727871331e+03	3.5509039339908774e+00
2540	2	6.2458926820608058e+03	3.5577787954028000e+00
2550	2	6.2815038671873917e+03	3.5644199332799658e+00
2560	2	6.3171803121621961e+03	3.5708315124080707e+00
2570	2	6.3529197422258194e+03	3.5770176080986955e+00
2580	2	6.3887199229186554e+03	3.5829822077746813e+00
2590	2	6.4245786591482693e+03	3.5887292125638899e+00
2600	2	6.4604937947127246e+03	3.5942624391668945e+00
2610	2	6.4964632107108455e+03	3.5995856235382360e+00
2620	2	6.5324848239720141e+03	3.6047024213411403e+00
2630	2	6.5685565878026691e+03	3.6096164083583555e+00
2640	2	6.6046764911879063e+03	3.6143310820473946e+00
2650	2	6.6408425579732148e+03	3.6188498630970005e+00
5000	1	6.6632925336819662e+03	-3.5640364107327103e+00
5010	1	6.6276754286072055e+03	-3.5593527738753465e+00
5020	1	6.5921061204206644e+03	-3.5544766689850884e+00
5030	1	6.5565865499115516e+03	-3.5494048113526175e+00
5040	1	6.5211186909718981e+03	-3.5441338454303102e+00
5050	1	6.4857045513802232e+03	-3.5386603434768684e+00
5060	1	6.4503461735960072e+03	-3.5329808041999353e+00
5070	1	6.4150456355648939e+03	-3.5270916513989654e+00
5080	1	6.3798050508340548e+03	-3.5209892321585756e+00
5090	1	6.3446265708127021e+03	-3.5146698137285015e+00
5100	1	6.3095123856945220e+03	-3.5081295835691981e+00
5110	1	6.2744647237449763e+03	-3.5013646486258474e+00
5120	1	6.2394858521903807e+03	-3.4943710339897045e+00
5130	1	6.2045780781208996e+03	-3.4871446815759310e+00
5140	1	6.1697437494040914e+03	-3.4796814488219345e+00
5150	1	6.1349852556087180e+03	-3.4719771074103791e+00
5160	1	6.1003050289384246e+03	-3.4640273420213008e+00
5170	1	6.0657055451748665e+03	-3.4558277491181908e+00
5180	1	6.0311893246297495e+03	-3.4473738357731838e+00
5190	1	5.9967589331053405e+03	-3.4386610185369308e+00
5200	1	5.9624169820274728e+03	-3.4296846217330126e+00
5210	1	5.9281661312271945e+03	-3.4204398746897002e+00
5220	1	5.8940090897247783e+03	-3.4109219123807861e+00
5230	1	5.8599486151942838e+03	-3.4011257750005561e+00
5240	1	5.8259875149961426e+03	-3.3910464071235422e+00
5250	1	5.7921286472151096e+03	-3.3806786569491414e+00
5260	1	5.7583749217025952e+03	-3.3700172756398348e+00
5270	1	5.7247293011222337e+03	-3.3590569167621940e+00
5280	1	5.6911948019974516e+03	-3.3477921358404994e+00
5290	1	5.6577744957597715e+03	-3.3362173900333403e+00
5300	1	5.6244715097964281e+03	-3.3243270379442111e+00
5310	1	5.5912890284957284e+03	-3.3121153395777250e+00
5320	1	5.5582302938842913e+03	-3.2995764562409335e+00
5330	1	5.5252986067165684e+03	-3.2867044488337460e+00
5340	1	5.4924973296936541e+03	-3.2734932790627504e+00
5350	1	5.4598298860702689e+03	-3.2599368111760301e+00
5360	1	5.4272997605126784e+03	-3.2460288128117556e+00
5370	1	5.3949105001386215e+03	-3.2317629560682914e+00
5380	1	5.3626657155423782e+03	-3.2171328188182211e+00
5390	1	5.3305690818022649e+03	-3.2021318862835209e+00
5400	1	5.2986243394677485e+03	-3.1867535528899666e+00
5410	1	5.2668352955231367e+03	-3.1709911244195932e+00
5420	1	5.2352058243245810e+03	-3.1548378204807772e+00
5430	1	5.2037398685069475e+03	-3.1382867773162411e+00
5440	1	5.1724414398569361e+03	-3.1213310509700696e+00
5450	1	5.1413146194914561e+03	-3.1039636201892744e+00
5460	1	5.1103635596742215e+03	-3.0861773883194372e+00
5470	1	5.0795924855742242e+03	-3.0679651895438780e+00
5480	1	5.0490056938912612e+03	-3.0493197940392198e+00
5490	1	5.0186075535155705e+03	-3.0302339132169060e+00
5500	1	4.9884025061646453e+03	-3.0107002054700871e+00
5510	1	4.9583950669566575e+03	-2.9907112824420783e+00
5520	1	4.9285898249149368e+03	-2.9702597158418560e+00
5530	1	4.8989914433976883e+03	-2.9493380448323032e+00
5540	1	4.8696046604469457e+03	-2.9279387840170292e+00
5550	1	4.8404342890504640e+03	-2.9060544320515365e+00
5560	1	4.8114852173099480e+03	-2.8836774809043493e+00
5570	1	4.7827624085088055e+03	-2.8608004257933368e+00
5580	1	4.7542709005467605e+03	-2.8374157748887665e+00
5590	1	4.7260158067138327e+03	-2.8135160587321479e+00
5600	1	4.6980023160559913e+03	-2.7890938447861231e+00
5610	1	4.6702356912924097e+03	-2.7641417500992822e+00
5620	1	4.6427212683059852e+03	-2.7386524548925317e+00
5630	1	4.6154644555146606e+03	-2.7126187169681812e+00
5640	1	4.5884707330905776e+03	-2.6860333869413431e+00
5650	1	4.5617456520186279e+03	-2.6588894243079597e+00
5660	1	4.5352948329856881e+03	-2.6311799143611765e+00
5670	1	4.5091239650918233e+03	-2.6028980859645201e+00
5680	1	4.4832388043746314e+03	-2.5740373301870059e+00
5690	1	4.4576451721378826e+03	-2.5445912198013598e+00
5700	1	4.4323489530349989e+03	-2.5145535295859052e+00
5710	1	4.4073560923981058e+03	-2.4839182553981574e+00
5720	1	4.3826725957669832e+03	-2.4526796367714607e+00
5730	1	4.3583045251400790e+03	-2.4208321810081102e+00
5740	1	4.3342579956496602e+03	-2.3883706864584595e+00
5750	1	4.3105391726030794e+03	-2.3552902668819686e+00
5760	1	4.2871542682722784e+03	-2.3215863765332632e+00
5770	1	4.2641095384242344e+03	-2.2872548359278264e+00
5780	1	4.2414112785855741e+03	-2.2522918582339977e+00
5790	1	4.2190658200351509e+03	-2.2166940762298499e+00
5800	1	4.1970795255190542e+03	-2.1804585697548999e+00
5810	1	4.1754587846832237e+03	-2.1435828935777050e+00
5820	1	4.1542100092196733e+03	-2.1060651055911803e+00
5830	1	4.1333396272854088e+03	-2.0679037937448221e+00
5840	1	4.1128540791208352e+03	-2.0290981038720197e+00
5850	1	4.0927598110910249e+03	-1.9896477702208986e+00
5860	1	4.0730632688438095e+03	-1.9495531432179680e+00
5870	1	4.0537708910761075e+03	-1.9088152175838000e+00
5880	1	4.0348891030157197e+03	-1.8674356600518809e+00
5890	1	4.0164243096229930e+03	-1.8254168365381733e+00
5900	1	3.9983828885184598e+03	-1.7827618386009290e+00
5910	1	3.9807711826440991e+03	-1.7394745090225960e+00
5920	1	3.9635954926675909e+03	-1.6955594663390201e+00
5930	1	3.9468620691407882e+03	-1.6510221281352084e+00
5940	1	3.9305771044163316e+03	-1.6058687328990982e+00
5950	1	3.9147467240081246e+03	-1.5601063583314920e+00
5960	1	3.8993769791107898e+03	-1.5137429402908213e+00
5970	1	3.8844738373501295e+03	-1.4667872903987207e+00
5980	1	3.8700431735558591e+03	-1.4192491096985669e+00
5990	1	3.8560907608672765e+03	-1.3711390005305961e+00
6000	1	3.8426222617265985e+03	-1.3224684758599876e+00
6010	1	3.8296432187860555e+03	-1.2732499658821335e+00
6020	1	3.8171590457565953e+03	-1.2234968217379363e+00
6030	1	3.8051750182276273e+03	-1.1732233161826719e+00
6040	1	3.7936962644887813e+03	-1.1224446410649580e+00
6050	1	3.7827277563860716e+03	-1.0711769014872610e+00
6060	1	3.7722743001340691e+03	-1.0194371059008573e+00
6070	1	3.7623405274744287e+03	-9.6724315139121320e-01
6080	1	3.7529308872540737e+03	-9.1461380972329009e-01
6090	1	3.7440496361480923e+03	-8.6156870648440631e-01
6100	1	3.7357008302572094e+03	-8.0812829725092739e-01
6110	1	3.7278883169903902e+03	-7.5431384020129821e-01
6120	1	3.7206157272323703e+03	-7.0014736510022146e-01
6130	1	3.7138864678319378e+03	-6.4565163871008713e-01
6140	1	3.7077037144461228e+03	-5.9085012671380666e-01
6150	1	3.7020704047744803e+03	-5.3576695226171311e-01
6160	1	3.6969892322164283e+03	-4.8042685128322599e-01
6170	1	3.6924626399275353e+03	-4.2485512420894028e-01
6180	1	3.6884928154709328e+03	-3.6907758345596220e-01
6190	1	3.6850816861908147e+03	-3.1312050241330608e-01
6200	1	3.6822309145219906e+03	-2.5701055897304859e-01
6210	1	3.6799418942514794e+03	-2.0077477757718859e-01
6220	1	3.6782157473875050e+03	-1.4444046955438186e-01
6230	1	3.6770533216252984e+03	-8.8035171922541372e-02
6240	1	3.6764551884234024e+03	-3.1586584977396449e-02
6250	1	3.6764216417008456e+03	2.4877491001193391e-02
6260	1	3.6769526971622563e+03	8.1329219584651807e-02
6270	1	3.6780480922544612e+03	1.3774079222935756e-01
6280	1	3.6797072867109550e+03	1.9408449357549315e-01
6290	1	3.6819294639056993e+03	2.5033276482519751e-01
6300	1	3.6847135326653211e+03	3.0645826518903041e-01
6310	1	3.6880581297101094e+03	3.6243393393663659e-01
6320	1	3.6919616227847609e+03	4.1823305024551105e-01
6330	1	3.6964221143707709e+03	4.7382929123922035e-01
6340	1	3.7014374459609535e+03	5.2919678792534308e-01
6350	1	3.7070052028736668e+03	5.8431017876310642e-01
6360	1	3.7131227195818647e+03	6.3914466061262243e-01
6370	1	3.7197870855296892e+03	6.9367603684160462e-01
6380	1	3.7269951514058453e+03	7.4788076346885912e-01
6390	1	3.7347435358431594e+03	8.0173599149360386e-01
6400	1	3.7430286325905990e+03	8.5521960403549924e-01
6410	1	3.7518466180514761e+03	9.0831025201190674e-01
6420	1	3.7611934591341778e+03	9.6098738555344088e-01
6430	1	3.7710649213909396e+03	1.0132312817918312e+00
6440	1	3.7814565774083853e+03	1.0650230689897211e+00
6450	1	3.7923638154132805e+03	1.1163447470079098e+00
6460	1	3.8037818480611995e+03	1.1671792041693156e+00
6470	1	3.8157057214021638e+03	1.2175102315439810e+00
6480	1	3.8281303237977572e+03	1.2673225323581014e+00
6490	1	3.8410503952198596e+03	1.3166017280113542e+00
6500	1	3.8544605365074426e+03	1.3653343611588995e+00
6510	1	3.8683552185817007e+03	1.4135078953915772e+00
6520	1	3.8827287916348755e+03	1.4611107118520561e+00
6530	1	3.8975754942630501e+03	1.5081321029421997e+00
6540	1	3.9128894625148623e+03	1.5545622632879070e+00
6550	1	3.9286647388409360e+03	1.6003922783134508e+00
6560	1	3.9448952808774729e+03	1.6456141114643379e+00
6570	1	3.9615749700752322e+03	1.6902205870864908e+00
6580	1	3.9786976204140728e+03	1.7342053723052608e+00
6590	1	3.9962569867440861e+03	1.7775629570513407e+00
6600	1	4.0142467728930815e+03	1.8202886323645766e+00
6610	1	4.0326606395426384e+03	1.8623784672586619e+00
6620	1	4.0514922118595418e+03	1.9038292843325180e+00
6630	1	4.0707350868829080e+03	1.9446386345824642e+00
6640	1	4.0903828405844488e+03	1.9848047718798294e+00
6650	1	4.1104290348092964e+03	2.0243266250988299e+00
6660	1	4.1308672240303358e+03	2.0632037705938746e+00
6670	1	4.1516909616672674e+03	2.1014364041077931e+00
6680	1	4.1728938061125145e+03	2.1390253123904355e+00
6690	1	4.1944693264662619e+03	2.1759718446850975e+00
6700	1	4.2164111080861867e+03	2.2122778844596374e+00
6710	1	4.2387127574887081e+03	2.2479458215565420e+00
6720	1	4.2613679074160409e+03	2.2829785236785507e+00
6730	1	4.2843702216706088e+03	2.3173793084171463e+00
6740	1	4.3077133994542783e+03	2.3511519157406560e+00
6750	1	4.3313911794285423e+03	2.3843004809697903e+00
6760	1	4.3553973435010712e+03	2.4168295083117912e+00
6770	1	4.3797257203471063e+03	2.4487438450198273e+00
6780	1	4.4043701887589305e+03	2.4800486568138420e+00
6790	1	4.4293246803776474e+03	2.5107494037739211e+00
6800	1	4.4545831827947468e+03	2.5408518160692202e+00
6810	1	4.4801397422840746e+03	2.5703618710639802e+00
6820	1	4.5059884661343958e+03	2.5992857711913011e+00
6830	1	4.5321235247590612e+03	2.6276299226650637e+00
6840	1	4.5585391535914305e+03	2.6554009150436211e+00
6850	1	4.5852296547886481e+03	2.6826055016550692e+00
6860	1	4.6121893989655600e+03	2.7092505813026064e+00
6870	1	4.6394128258226656e+03	2.7353431811336639e+00
6880	1	4.6668944458308415e+03	2.7608904389792084e+00
6890	1	4.6946288414944402e+03	2.7858995870420600e+00
6900	1	4.7226106681893352e+03	2.8103779365450987e+00
6910	1	4.7508346548460986e+03	2.8343328632059812e+00
6920	1	4.7792956044867169e+03	2.8577717935219717e+00
6930	1	4.8079883946230539e+03	2.8807021918463116e+00
6940	1	4.8369079775250711e+03	2.9031315482358053e+00
6950	1	4.8660493805632523e+03	2.9250673673525962e+00
6960	1	4.8954077058850307e+03	2.9465171589562260e+00
6970	1	4.9249781302389456e+03	2.9674884270826287e+00
6980	1	4.9547559055481297e+03	2.9879886604058128e+00
6990	1	4.9847363586925712e+03	3.0080253235477383e+00
7000	1	5.0149148911928869e+03	3.0276058490151900e+00
7010	1	5.0452869788115395e+03	3.0467376297399316e+00
7020	1	5.0758481710776414e+03	3.0654280121963349e+00
7030	1	5.1065940907411950e+03	3.0836842900706971e+00
7040	1	5.1375204331623172e+03	3.1015136984567033e+00
7050	1	5.1686229659112842e+03	3.1189234089265505e+00
7060	1	5.1998975275112152e+03	3.1359205259999205e+00
7070	1	5.2313400266407562e+03	3.1525120817222052e+00
7080	1	5.2629464421570583e+03	3.1687050313137610e+00
7090	1	5.2947128222809879e+03	3.1845062495840817e+00
7100	1	5.3266352837384802e+03	3.1999225277296688e+00
7110	1	5.3587100108672339e+03	3.2149605704944388e+00
7120	1	5.3909332546924015e+03	3.2296269936714928e+00
7130	1	5.4233013319747597e+03	3.2439283219258059e+00
7140	1	5.4558106242346857e+03	3.2578709869181099e+00
7150	1	5.4884575768466957e+03	3.2714613257612148e+00
7160	1	5.5212386982498647e+03	3.2847055809231334e+00
7170	1	5.5541505577741900e+03	3.2976098993005323e+00
7180	1	5.5871897858057637e+03	3.3101803301618311e+00
7190	1	5.6203530729874410e+03	3.3224228244147271e+00
7200	1	5.6536371691937056e+03	3.3343432341296704e+00
7210	1	5.6870388824975871e+03	3.3459473122501189e+00
7220	1	5.7205550781314942e+03	3.3572407124757051e+00
7230	1	5.7541826774438350e+03	3.3682289893052713e+00
7240	1	5.7879186568530986e+03	3.3789175982273920e+00
7250	1	5.8217600468009714e+03	3.3893118960465962e+00
7260	1	5.8557039308492203e+03	3.3994171414043279e+00
7270	1	5.8897474447920258e+03	3.4092384967643388e+00
7280	1	5.9238877743660914e+03	3.4187810290897596e+00
7290	1	5.9581221556289211e+03	3.4280497092813111e+00
7300	1	5.9924478741487037e+03	3.4370494129409908e+00
7310	1	6.0268622640140629e+03	3.4457849212695857e+00
7320	1	6.0613627068494088e+03	3.4542609220363212e+00
7330	1	6.0959466308365963e+03	3.4624820106133312e+00
7340	1	6.1306115097436768e+03	3.4704526910680826e+00
7350	1	6.1653548619614439e+03	3.4781773773073299e+00
7360	1	6.2001742495483450e+03	3.4856603942665894e+00
7370	1	6.2350672772997823e+03	3.4929059791402239e+00
7380	1	6.2700315924024890e+03	3.4999182834147620e+00
7390	1	6.3050648819590042e+03	3.5067013756066188e+00
7400	1	6.3401648729850567e+03	3.5132592408151941e+00
7410	1	6.3753293322514637e+03	3.5195957816605361e+00
7420	1	6.4105560654238052e+03	3.5257148196142936e+00
7430	1	6.4458429162119364e+03	3.5316200963459585e+00
7440	1	6.4811877655295793e+03	3.5373152750809740e+00
7450	1	6.5165885306642131e+03	3.5428039419675290e+00
7460	1	6.5520431644574883e+03	3.5480896074491661e+00
7470	1	6.5875496544962616e+03	3.5531757076404982e+00
7480	1	6.6231060223143768e+03	3.5580656057035194e+00
7490	1	6.6587103227053285e+03	3.5627625932354703e+00
8690	3	6.6391128243746707e+03	-3.2041372713639773e+00
8700	3	6.6071152596461689e+03	-3.1953345403557214e+00
8710	3	6.5752069622042918e+03	-3.1862832923543705e+00
8720	3	6.5433904351906303e+03	-3.1769798944273475e+00
8730	3	6.5116682182651639e+03	-3.1674206650043466e+00
8740	3	6.4800428881483558e+03	-3.1576018742169718e+00
8750	3	6.4485170591524893e+03	-3.1475197443139256e+00
8760	3	6.4170933835561909e+03	-3.1371704493909642e+00
8770	3	6.3857745526776498e+03	-3.1265501155488686e+00
8780	3	6.3545632968319942e+03	-3.1156548225835050e+00
8790	3	6.3234623855372165e+03	-3.1044806047455840e+00
8800	3	6.2924746280304871e+03	-3.0930234516152382e+00
8810	3	6.2616028737718825e+03	-3.0812793090879973e+00
8820	3	6.2308500129343174e+03	-3.0692440804781369e+00
8830	3	6.2002189768783192e+03	-3.0569136277457418e+00
8840	3	6.1697127385812282e+03	-3.0442837727250520e+00
8850	3	6.1393343131516112e+03	-3.0313502975929869e+00
8860	3	6.1090867583416439e+03	-3.0181089471779137e+00
8870	3	6.0789731744658675e+03	-3.0045554310138636e+00
8880	3	6.0489967047671407e+03	-2.9906854252255588e+00
8890	3	6.0191605357999779e+03	-2.9764945746147293e+00
8900	3	5.9894678977885987e+03	-2.9619784949177217e+00
8910	3	5.9599220649560457e+03	-2.9471327752400818e+00
8920	3	5.9305263557486496e+03	-2.9319529802436453e+00
8930	3	5.9012841333885135e+03	-2.9164346525622986e+00
8940	3	5.8721988057458957e+03	-2.9005733164003962e+00
8950	3	5.8432738253761654e+03	-2.8843644807645505e+00
8960	3	5.8145126897135560e+03	-2.8678036428864040e+00
8970	3	5.7859189412257738e+03	-2.8508862918700051e+00
8980	3	5.7574961675266204e+03	-2.8336079125715679e+00
8990	3	5.7292480012568794e+03	-2.8159639895382260e+00
9000	3	5.7011781205916859e+03	-2.7979500106404629e+00
9010	3	5.6732902489108883e+03	-2.7795614721566295e+00
9020	3	5.6455881543745027e+03	-2.7607938838450181e+00
9030	3	5.6180756498228820e+03	-2.7416427740717229e+00
9040	3	5.5907565926202969e+03	-2.7221036952136899e+00
9050	3	5.5636348844389895e+03	-2.7021722293432355e+00
9060	3	5.5367144709806935e+03	-2.6818439942000105e+00
9070	3	5.5099993414821365e+03	-2.6611146491921689e+00
9080	3	5.4834935286537675e+03	-2.6399799011267437e+00
9090	3	5.4572011081168694e+03	-2.6184355116761333e+00
9100	3	5.4311261973657329e+03	-2.5964773046900844e+00
9110	3	5.4052729551660677e+03	-2.5741011736429833e+00
9120	3	5.3796455808761120e+03	-2.5513030893917068e+00
9130	3	5.3542483136842447e+03	-2.5280791082443277e+00
9140	3	5.3290854317598769e+03	-2.5044253803397436e+00
9150	3	5.3041612512903266e+03	-2.4803381582864121e+00
9160	3	5.2794801253974683e+03	-2.4558138052454002e+00
9170	3	5.2550464433784364e+03	-2.4308488044263439e+00
9180	3	5.2308646289496473e+03	-2.4054397690990763e+00
9190	3	5.2069391388505446e+03	-2.3795834524072412e+00
9200	3	5.1832744614486674e+03	-2.3532767575129148e+00
9210	3	5.1598751152372161e+03	-2.3265167480157465e+00
9220	3	5.1367456472223002e+03	-2.2993006586352500e+00
9230	3	5.1138906311937135e+03	-2.2716259061213999e+00
9240	3	5.0913146658767300e+03	-2.2434900995974276e+00
9250	3	5.0690223730975576e+03	-2.2148910520637330e+00
9260	3	5.0470183954065187e+03	-2.1858267923969694e+00
9270	3	5.0253073938350908e+03	-2.1562955769577234e+00
9280	3	5.0038940456090095e+03	-2.1262959014701517e+00
9290	3	4.9827830417368377e+03	-2.0958265130277236e+00
9300	3	4.9619790844469617e+03	-2.0648864221655310e+00
9310	3	4.9414868844950806e+03	-2.0334749144902480e+00
9320	3	4.9213111586294563e+03	-2.0015915628014733e+00
9330	3	4.9014566262871604e+03	-1.9692362395396108e+00
9340	3	4.8819280065271187e+03	-1.9364091289154193e+00
9350	3	4.8627300148976228e+03	-1.9031107389604800e+00
9360	3	4.8438673601785413e+03	-1.8693419134544236e+00
9370	3	4.8253447409995078e+03	-1.8351038436839462e+00
9380	3	4.8071668422078737e+03	-1.8003980797004646e+00
9390	3	4.7893383315520759e+03	-1.7652265409619716e+00
9400	3	4.7718638558253979e+03	-1.7295915277023726e+00
9410	3	4.7547480367258677e+03	-1.6934957315349659e+00
9420	3	4.7379954669392091e+03	-1.6569422455954164e+00
9430	3	4.7216107061173898e+03	-1.6199345742084255e+00
9440	3	4.7055982767574014e+03	-1.5824766420214720e+00
9450	3	4.6899626599857138e+03	-1.5445728025486400e+00
9460	3	4.6747082912022242e+03	-1.5062278459607206e+00
9470	3	4.6598395556779124e+03	-1.4674470053416986e+00
9480	3	4.6453607844829849e+03	-1.4282359634593227e+00
9490	3	4.6312762494776243e+03	-1.3886008585017304e+00
9500	3	4.6175901587240651e+03	-1.3485482887434814e+00
9510	3	4.6043066519092745e+03	-1.3080853163199104e+00
9520	3	4.5914297957288018e+03	-1.2672194700208399e+00
9530	3	4.5789635792416921e+03	-1.2259587470532807e+00
9540	3	4.5669119092068349e+03	-1.1843116137255574e+00
9550	3	4.5552786053848622e+03	-1.1422870049407079e+00
9560	3	4.5440673957639519e+03	-1.0998943215052615e+00
9570	3	4.5332819123829922e+03	-1.0571434276738263e+00
9580	3	4.5229256862813154e+03	-1.0140446473255196e+00
9590	3	4.5130021428665568e+03	-9.7060875853467377e-01
9600	3	4.5035145974458146e+03	-9.2684698696835932e-01
9610	3	4.4944662508230913e+03	-8.8277099798805370e-01
9620	3	4.4858601849757551e+03	-8.3839288744502982e-01
9630	3	4.4776993588231117e+03	-7.9372517116538699e-01
9640	3	4.4699866040999477e+03	-7.4878077312716051e-01
9650	3	4.4627246212918708e+03	-7.0357301208247547e-01
9660	3	4.4559159757747129e+03	-6.5811558584134899e-01
9670	3	4.4495630943937695e+03	-6.1242255665408796e-01
9680	3	4.4436682615250556e+03	-5.6650833412625878e-01
9690	3	4.4382336156997681e+03	-5.2038765705339407e-01
9700	3	4.4332611464430756e+03	-4.7407557418469004e-01
9710	3	4.4287526913041638e+03	-4.2758742389717908e-01
9720	3	4.4247099330879873e+03	-3.8093881283900760e-01
9730	3	4.4211343972986379e+03	-3.3414559360683549e-01
9740	3	4.4180274498036079e+03	-2.8722384152852759e-01
9750	3	4.4153902947157876e+03	-2.4018983055507087e-01
9760	3	4.4132239724401243e+03	-1.9306000702638654e-01
9770	3	4.4115293583520788e+03	-1.4585096495588634e-01
9780	3	4.4103071612275189e+03	-9.8579420291832281e-02
9790	3	4.4095579221161879e+03	-5.1262184240264359e-02
9800	3	4.4092820135547681e+03	-3.9161364749011746e-03
9810	3	4.4094796390423480e+03	4.3441801908608760e-02
9820	3	4.4101508327802903e+03	9.0794695591434424e-02
9830	3	4.4112954596774380e+03	1.3812562227953773e-01
9840	3	4.4129132156206160e+03	1.8541769989685641e-01
9850	3	4.4150036280093882e+03	2.3265411362006497e-01
9860	3	4.4175660565413082e+03	2.7981814292220769e-01
9870	3	4.4205996942575193e+03	3.2689318966784381e-01
9880	3	4.4241035689602249e+03	3.7386280258585841e-01
9890	3	4.4280765447388685e+03	4.2071070291578694e-01
9900	3	4.4325173238396801e+03	4.6742080927466517e-01
9910	3	4.4374244487838278e+03	5.1397726164552682e-01
9920	3	4.4427963047143976e+03	5.6036444454477174e-01
9930	3	4.4486311219636009e+03	6.0656700929181706e-01
9940	3	4.4549269788309584e+03	6.5256989531054466e-01
9950	3	4.4616818045624104e+03	6.9835835039799776e-01
9960	3	4.4688933825198355e+03	7.4391794990255822e-01
9970	3	4.4765593535357166e+03	7.8923461485569535e-01
9980	3	4.4846772194661371e+03	8.3429463060225595e-01
9990	3	4.4932443467275225e+03	8.7908466142809760e-01
10000	3	4.5022579702883922e+03	9.2359176461469239e-01
10010	3	4.5117151977296753e+03	9.6780340379050112e-01
10020	3	4.5216130133857841e+03	1.0117074606921224e+00
10030	3	4.5319482825898976e+03	1.0552922456199192e+00
10040	3	4.5427177560103019e+03	1.0985465065862725e+00
10050	3	4.5539180740648708e+03	1.1414594371610964e+00
10060	3	4.5655457714008116e+03	1.1840206830256010e+00
10070	3	4.5775972814269007e+03	1.2262203472510982e+00
10080	3	4.5900689408856942e+03	1.2680489943253188e+00
10090	3	4.6029569945250314e+03	1.3094976534482712e+00
10100	3	4.6162575996545384e+03	1.3505578219163599e+00
10110	3	4.6299668305099003e+03	1.3912214636856004e+00
10120	3	4.6440806833351498e+03	1.4314810090298695e+00
10130	3	4.6585950810752965e+03	1.4713293528287315e+00
10140	3	4.6735058780164254e+03	1.5107598517552447e+00
10150	3	4.6888088643860256e+03	1.5497663204886580e+00
10160	3	4.7044997709042127e+03	1.5883430270046845e+00
10170	3	4.7205742732770032e+03	1.6264846869978504e+00
10180	3	4.7370279966233611e+03	1.6641864574916538e+00
10190	3	4.7538565198283159e+03	1.7014439296932364e+00
10200	3	4.7710553798150668e+03	1.7382531211498338e+00
10210	3	4.7886200758378391e+03	1.7746104676578700e+00
10220	3	4.8065460735465122e+03	1.8105128161733473e+00
10230	3	4.8248288084120632e+03	1.8459574134372621e+00
10240	3	4.8434636903893979e+03	1.8809418959090178e+00
10250	3	4.8624461078260347e+03	1.9154642793112051e+00
10260	3	4.8817714312001299e+03	1.9495229477214506e+00
10270	3	4.9014350167414295e+03	1.9831166423532143e+00
10280	3	4.9214322099325937e+03	2.0162444500762278e+00
10290	3	4.9417583488885521e+03	2.0489057917253213e+00
10300	3	4.9624087676121999e+03	2.0811004102444257e+00
10310	3	4.9833787991252202e+03	2.1128283587102774e+00
10320	3	5.0046637784731574e+03	2.1440899882781741e+00
10330	3	5.0262590456143143e+03	2.1748859361046020e+00
10340	3	5.0481599485803572e+03	2.2052171147951420e+00
10350	3	5.0703618450325575e+03	2.2350847006825925e+00
10360	3	5.0928601053468374e+03	2.2644901203452661e+00
10370	3	5.1156501155412134e+03	2.2934350388501747e+00
10380	3	5.1387272795963254e+03	2.3219213479242904e+00
10390	3	5.1620870216525045e+03	2.3499511542786560e+00
10400	3	5.1857247880851792e+03	2.3775267681090377e+00
10410	3	5.2096360494606879e+03	2.4046506917944934e+00
10420	3	5.2338163023747256e+03	2.4313256088131348e+00
10430	3	5.2582610711758380e+03	2.4575543728920870e+00
10440	3	5.2829659095765164e+03	2.4833399974067487e+00
10450	3	5.3079264021546696e+03	2.5086856450424762e+00
10460	3	5.3331381657787160e+03	2.5335946177772488e+00
10470	3	5.3585968513045545e+03	2.5580703490082710e+00
10480	3	5.3842981434763242e+03	2.5821163938915066e+00
10490	3	5.4102377629586908e+03	2.6057364186570164e+00
10500	3	5.4364114678149435e+03	2.6289341918264029e+00
10510	3	5.4628150544719883e+03	2.6517135755682437e+00
10520	3	5.4894443585950385e+03	2.6740785173624237e+00
10530	3	5.5162952558754105e+03	2.6960330419744363e+00
10540	3	5.5433636627345759e+03	2.7175812437394797e+00
10550	3	5.5706455369477389e+03	2.7387272791552770e+00
10560	3	5.5981368781902083e+03	2.7594753597815433e+00
10570	3	5.6258337285097314e+03	2.7798297454431959e+00
10580	3	5.6537321727279714e+03	2.7997947377336478e+00
10590	3	5.6818283388574046e+03	2.8193746739592616e+00
10600	3	5.7101183985990465e+03	2.8385739234002632e+00
10610	3	5.7385985663191022e+03	2.8573968807370438e+00
10620	3	5.7672651004454892e+03	2.8758479595607342e+00
10630	3	5.7961143038587179e+03	2.8939315873550906e+00
10640	3	5.8251425239827931e+03	2.9116522006417336e+00
10650	3	5.8543461528241523e+03	2.9290142403865138e+00
10660	3	5.8837216269613509e+03	2.9460221476597961e+00
10670	3	5.9132654274881952e+03	2.9626803595432230e+00
10680	3	5.9429740799128103e+03	2.9789933052754214e+00
10690	3	5.9728441540151771e+03	2.9949654026289059e+00
10700	3	6.0028722636655421e+03	3.0106010545104813e+00
10710	3	6.0330550666060435e+03	3.0259046457772723e+00
10720	3	6.0633892645563110e+03	3.0408805411864761e+00
10730	3	6.0938716020715528e+03	3.0555330841434909e+00
10740	3	6.1244988664060784e+03	3.0698665920298365e+00
10750	3	6.1552678881176798e+03	3.0838853536426667e+00
10760	3	6.1861755407436185e+03	3.0975936269334889e+00
10770	3	6.2172187404492788e+03	3.1109956369173206e+00
10780	3	6.2483944456526260e+03	3.1240955737457976e+00
10790	3	6.2796996566260987e+03	3.1368975909370862e+00
10800	3	6.3111314150776634e+03	3.1494058037554380e+00
10810	3	6.3426868037125914e+03	3.1616242877335274e+00
10820	3	6.3743629457775169e+03	3.1735570773307682e+00
10830	3	6.4061570045880926e+03	3.1852081647210579e+00
10840	3	6.4380661833398754e+03	3.1965814993460246e+00
10850	3	6.4700877239592091e+03	3.2076809886981184e+00
10860	3	6.5022189065150042e+03	3.2185104955692543e+00
10870	3	6.5344570497507293e+03	3.2290738369093321e+00
10880	3	6.5667995105991695e+03	3.2393747831410131e+00
10890	3	6.5992436836773677e+03	3.2494170575653842e+00
10900	3	6.6317870007722213e+03	3.2592043358577798e+00
11070	2	6.6360033932999568e+03	-3.5469454842399064e+00
11080	2	6.6005639354798641e+03	-3.5409095949987703e+00
11090	2	6.5651859272724532e+03	-3.5346549470897655e+00
11100	2	6.5298715752567878e+03	-3.5281778429714930e+00
11110	2	6.4946231230317590e+03	-3.5214745104871330e+00
11120	2	6.4594428520444098e+03	-3.5145411017354768e+00
11130	2	6.4243330824269051e+03	-3.5073736919632408e+00
11140	2	6.3892961738417735e+03	-3.4999682784823674e+00
11150	2	6.3543345263350020e+03	-3.4923207796162719e+00
11160	2	6.3194505811966828e+03	-3.4844270336793199e+00
11170	2	6.2846468218285554e+03	-3.4762827979940316e+00
11180	2	6.2499257742166146e+03	-3.4678837472049149e+00
11190	2	6.2152900088427823e+03	-3.4592254712450048e+00
11200	2	6.1807421411552205e+03	-3.4503034760034814e+00
11210	2	6.1462848316008731e+03	-3.4411131826625838e+00
11220	2	6.1119207865535627e+03	-3.4316499269573479e+00
11230	2	6.0776527592464972e+03	-3.4219089585059299e+00
11240	2	6.0434835507081361e+03	-3.4118854402175143e+00
11250	2	6.0094160107007092e+03	-3.4015744477852983e+00
11260	2	5.9754530386601873e+03	-3.3909709692724457e+00
11270	2	5.9415975846366964e+03	-3.3800699047994094e+00
11280	2	5.9078526502207469e+03	-3.3688660660129295e+00
11290	2	5.8742212896634164e+03	-3.3573541743396969e+00
11300	2	5.8407066106750981e+03	-3.3455288628653141e+00
11310	2	5.8073117748477298e+03	-3.3333846764621202e+00
11320	2	5.7740399985810309e+03	-3.3209160720021393e+00
11330	2	5.7408945540290706e+03	-3.3081174188270848e+00
11340	2	5.7078787700380453e+03	-3.2949829993911974e+00
11350	2	5.6749960330733138e+03	-3.2815070100895216e+00
11360	2	5.6422497880364017e+03	-3.2676835621336999e+00
11370	2	5.6096435393555385e+03	-3.2535066819350260e+00
11380	2	5.5771808519420665e+03	-3.2389703130492586e+00
11390	2	5.5448653514579055e+03	-3.2240683181659571e+00
11400	2	5.5127007251656951e+03	-3.2087944810447522e+00
11410	2	5.4806907227742267e+03	-3.1931425087262033e+00
11420	2	5.4488391572568744e+03	-3.1771060340318038e+00
11430	2	5.4171499056397579e+03	-3.1606786183704783e+00
11440	2	5.3856269095546113e+03	-3.1438537546946259e+00
11450	2	5.3542741763916047e+03	-3.1266248700815931e+00
11460	2	5.3230957799300395e+03	-3.1089853300508539e+00
11470	2	5.2920958603291256e+03	-3.0909284430764008e+00
11480	2	5.2612786247417353e+03	-3.0724474651737244e+00
11490	2	5.2306483478812306e+03	-3.0535356049065507e+00
11500	2	5.2002093725322020e+03	-3.0341860288343656e+00
11510	2	5.1699661100006088e+03	-3.0143918674216841e+00
11520	2	5.1399230404855152e+03	-2.9941462213996508e+00
11530	2	5.1100847133361676e+03	-2.9734421677406506e+00
11540	2	5.0804557476394984e+03	-2.9522727671808653e+00
11550	2	5.0510408318174714e+03	-2.9306310727472500e+00
11560	2	5.0218447235854082e+03	-2.9085101381856866e+00
11570	2	4.9928722499645164e+03	-2.8859030270459058e+00
11580	2	4.9641283071964181e+03	-2.8628028223724544e+00
11590	2	4.9356178605534378e+03	-2.8392026370210659e+00
11600	2	4.9073459440147990e+03	-2.8150956245000338e+00
11610	2	4.8793176599104190e+03	-2.7904749897257650e+00
11620	2	4.8515381784048295e+03	-2.7653340018366523e+00
11630	2	4.8240127364479176e+03	-2.7396660073041810e+00
11640	2	4.7967466369677686e+03	-2.7134644435582884e+00
11650	2	4.7697452479478716e+03	-2.6867228533592362e+00
11660	2	4.7430140013524469e+03	-2.6594348998918367e+00
11670	2	4.7165583917737385e+03	-2.6315943824952353e+00
11680	2	4.6903839752442509e+03	-2.6031952525393836e+00
11690	2	4.6644963677473743e+03	-2.5742316308668030e+00
11700	2	4.6389012429438881e+03	-2.5446978260292412e+00
11710	2	4.6136043302532971e+03	-2.5145883529809141e+00
11720	2	4.5886114127517358e+03	-2.4838979524769784e+00
11730	2	4.5639283248675511e+03	-2.4526216111624137e+00
11740	2	4.5395609498674157e+03	-2.4207545823298187e+00
11750	2	4.5155152170280235e+03	-2.3882924070146090e+00
11760	2	4.4917970989230662e+03	-2.3552309352206491e+00
11770	2	4.4684126081734503e+03	-2.3215663491277518e+00
11780	2	4.4453677936416443e+03	-2.2872951861603577e+00
11790	2	4.4226687368171770e+03	-2.2524143625267397e+00
11800	2	4.4003215479639375e+03	-2.2169211971808380e+00
11810	2	4.3783323620205520e+03	-2.1808134361379214e+00
11820	2	4.3567073342506164e+03	-2.1440892770723634e+00
11830	2	4.3354526354084310e+03	-2.1067473938513444e+00
11840	2	4.3145744473659324e+03	-2.0687869606377842e+00
11850	2	4.2940789579781613e+03	-2.0302076772490198e+00
11860	2	4.2739723551501475e+03	-1.9910097940781020e+00
11870	2	4.2542608212672576e+03	-1.9511941367099210e+00
11880	2	4.2349505273772702e+03	-1.9107621302309807e+00
11890	2	4.2160476271257130e+03	-1.8697158231089748e+00
11900	2	4.1975582504492222e+03	-1.8280579105120980e+00
11910	2	4.1794884970328530e+03	-1.7857917569316837e+00
11920	2	4.1618444294515411e+03	-1.7429214177990577e+00
11930	2	4.1446320661463515e+03	-1.6994516590185815e+00
11940	2	4.1278573748734161e+03	-1.6553879773398790e+00
11950	2	4.1115262645400180e+03	-1.6107366187698891e+00
11960	2	4.0956445775972975e+03	-1.5655045953820925e+00
11970	2	4.0802180823572844e+03	-1.5196997005904616e+00
11980	2	4.0652524651597009e+03	-1.4733305226648834e+00
11990	2	4.0507533224067165e+03	-1.4264064563327357e+00
12000	2	4.0367261524852975e+03	-1.3789377123139526e+00
12010	2	4.0231763475983971e+03	-1.3309353246414231e+00
12020	2	4.0101091854338642e+03	-1.2824111553665269e+00
12030	2	3.9975298208797935e+03	-1.2333778955590662e+00
12040	2	3.9854432783238440e+03	-1.1838490663183701e+00
12050	2	3.9738544426584044e+03	-1.1338390156769469e+00
12060	2	3.9627680510236091e+03	-1.0833629127523097e+00
12070	2	3.9521886846887060e+03	-1.0324367390715086e+00
12080	2	3.9421207610284337e+03	-9.8107727690406021e-01
12090	2	3.9325685256243132e+03	-9.2930209454723178e-01
12100	2	3.9235360445214087e+03	-8.7712952852614401e-01
12110	2	3.9150271966713221e+03	-8.2457866269062963e-01
12120	2	3.9070456665893157e+03	-7.7166930420225444e-01
12130	2	3.8995949370360481e+03	-7.1842195510346096e-01
12140	2	3.8926782827937718e+03	-6.6485778228708237e-01
12150	2	3.8862987638937793e+03	-6.1099858520795414e-01
12160	2	3.8804592192056421e+03	-5.5686675941794117e-01
12170	2	3.8751622607168997e+03	-5.0248525783740716e-01
12180	2	3.8704102682060930e+03	-4.4787754941061619e-01
12190	2	3.8662053843343197e+03	-3.9306757530208047e-01
12200	2	3.8625495101789206e+03	-3.3807970281191918e-01
12210	2	3.8594443012309953e+03	-2.8293867720758947e-01
12220	2	3.8568911638764102e+03	-2.2766957168743687e-01
12230	2	3.8548912523726558e+03	-1.7229773568137302e-01
12240	2	3.8534454661869586e+03	-1.1684874009648261e-01
12250	2	3.8525544484674806e+03	-6.1348323729845167e-02
12260	2	3.8522185843934358e+03	-5.8223388276901680e-03
12270	2	3.8524380001805898e+03	4.9703305105566205e-02
12280	2	3.8532125628301087e+03	1.0520269723528619e-01
12290	2	3.8545418804293308e+03	1.6064998133111197e-01
12300	2	3.8564253030030027e+03	2.1601941142239298e-01
12310	2	3.8588619239106920e+03	2.7128540689207159e-01
12320	2	3.8618505817833752e+03	3.2642260673106349e-01
12330	2	3.8653898629893774e+03	3.8140592268339352e-01
12340	2	3.8694781046173230e+03	4.3621059102207704e-01
12350	2	3.8741133979225788e+03	4.9081222353982806e-01
12360	2	3.8792935923515529e+03	5.4518685728552374e-01
12370	2	3.8850163000810371e+03	5.9931099861466686e-01
12380	2	3.8912789008233640e+03	6.5316166810784115e-01
12390	2	3.8980785472109155e+03	7.0671644211119888e-01
12400	2	3.9054121705787852e+03	7.5995349161594916e-01
12410	2	3.9132764871147747e+03	8.1285161838797859e-01
12420	2	3.9216680043485703e+03	8.6539028823303532e-01
12430	2	3.9305830279510778e+03	9.1754966130518933e-01
12440	2	3.9400176688140323e+03	9.6931061938881369e-01
12450	2	3.9499678503794653e+03	1.0206547901070293e+00
12460	2	3.9604293161882729e+03	1.0715645680313055e+00
12470	2	3.9713976376697628e+03	1.1220231341415019e+00
12480	2	3.9828682219210550e+03	1.1720144711642664e+00
12490	2	3.9948363197859708e+03	1.2215233737400997e+00
12500	2	4.0072970341622854e+03	1.2705354581138855e+00
12510	2	4.0202453282743522e+03	1.3190371680205766e+00
12520	2	4.0336760339824586e+03	1.3670157777285750e+00
12530	2	4.0475838601011155e+03	1.4144593923429019e+00
12540	2	4.0619634006995552e+03	1.4613569454824444e+00
12550	2	4.0768091433589193e+03	1.5076981944568018e+00
12560	2	4.0921154773619801e+03	1.5534737130769622e+00
12570	2	4.1078767017925720e+03	1.5986748822419796e+00
12580	2	4.1240870335234467e+03	1.6432938784495696e+00
12590	2	4.1407406151928744e+03	1.6873236612169895e+00
12600	2	4.1578315227550293e+03	1.7307579596280049e+00
12610	2	4.1753537727801931e+03	1.7735912531244848e+00
12620	2	4.1933013303690987e+03	1.8158187539399782e+00
12630	2	4.2116681164139000e+03	1.8574363875243352e+00
12640	2	4.2304480146355963e+03	1.8984407717718892e+00
12650	2	4.2496348784013426e+03	1.9388291952548615e+00
12660	2	4.2692225373125884e+03	1.9785995946093315e+00
12670	2	4.2892048035564958e+03	2.0177505312165089e+00
12680	2	4.3095754780144534e+03	2.0562811673159151e+00
12690	2	4.3303283561228827e+03	2.0941912416815711e+00
12700	2	4.3514572334828053e+03	2.1314810449850752e+00
12710	2	4.3729559112243760e+03	2.1681513949845481e+00
12720	2	4.3948182014488175e+03	2.2042036135110505e+00
12730	2	4.4170379311792885e+03	2.2396395013868777e+00
12740	2	4.4396089474619839e+03	2.2744613122117858e+00
12750	2	4.4625251221854260e+03	2.3086717281350544e+00
12760	2	4.4857803562456047e+03	2.3422738354582462e+00
12770	2	4.5093685834620192e+03	2.3752711005895937e+00
12780	2	4.5332837742487454e+03	2.4076673464154146e+00
12790	2	4.5575199390451180e+03	2.4394667291470680e+00
12800	2	4.5820711315113194e+03	2.4706737156946406e+00
12810	2	4.6069314514945545e+03	2.5012930616124658e+00
12820	2	4.6320950477719243e+03	2.5313297896547047e+00
12830	2	4.6575561205765262e+03	2.5607891689736788e+00
12840	2	4.6833089239414776e+03	2.5896766950583343e+00
12850	2	4.7093477681301683e+03	2.6179980725335641e+00
12860	2	4.7356670204877801e+03	2.6457591956290898e+00
12870	2	4.7622611080283505e+03	2.6729661289040578e+00
12880	2	4.7891245193878603e+03	2.6996250902154366e+00
12890	2	4.8162518062622657e+03	2.7257424340894190e+00
12900	2	4.8436375846769652e+03	2.7513246358268137e+00
12910	2	4.8712765360951644e+03	2.7763782763396447e+00
12920	2	4.8991634083726767e+03	2.8009100277131678e+00
12930	2	4.9272930165665521e+03	2.8249266394850836e+00
12940	2	4.9556602436048315e+03	2.8484349256311714e+00
12950	2	4.9842600408246817e+03	2.8714417522447251e+00
12960	2	5.0130874283859393e+03	2.8939540258952410e+00
12970	2	5.0421374957795424e+03	2.9159786832533974e+00
12980	2	5.0714054017101626e+03	2.9375226828248766e+00
12990	2	5.1008863736740695e+03	2.9585929930510098e+00
13000	2	5.1305757090625711e+03	2.9791965830818419e+00
13010	2	5.1604687751475158e+03	2.9993404142462063e+00
13020	2	5.1905610089390429e+03	3.0190314320522686e+00
13030	2	5.2208479169609373e+03	3.0382765587375009e+00
13040	2	5.2513250749491144e+03	3.0570826863469112e+00
13050	2	5.2819881274786840e+03	3.0754566703183301e+00
13060	2	5.3128327875246623e+03	3.0934053235533927e+00
13070	2	5.3438548359613105e+03	3.1109354109530987e+00
13080	2	5.3750501210047487e+03	3.1280536443968323e+00
13090	2	5.4064145577532881e+03	3.1447666784452419e+00
13100	2	5.4379441274664432e+03	3.1610811082110892e+00
13110	2	5.4696348760420569e+03	3.1770034640588007e+00
13120	2	5.5014829145080139e+03	3.1925402074883866e+00
13130	2	5.5334844183927826e+03	3.2076977280305421e+00
13140	2	5.5656356269609896e+03	3.2224823404177791e+00
13150	2	5.5979328424176720e+03	3.2369002820650294e+00
13160	2	5.6303724290844202e+03	3.2509577108422603e+00
13170	2	5.6629508125503698e+03	3.2646607031221668e+00
13180	2	5.6956644788008452e+03	3.2780152520865311e+00
13190	2	5.7285099733263733e+03	3.2910272662756790e+00
13200	2	5.7614839002145372e+03	3.3037025683657615e+00
13210	2	5.7945829214844234e+03	3.3160468947469171e+00
13220	2	5.8278037556261015e+03	3.3280658964266099e+00
13230	2	5.8611431765061470e+03	3.3397651365990857e+00
13240	2	5.8945980134424244e+03	3.3511500898568038e+00
13250	2	5.9281651502976656e+03	3.3622261418715853e+00
13260	2	5.9618415245521965e+03	3.3729985892198724e+00
13270	2	5.9956241263715647e+03	3.3834726393490420e+00
13280	2	6.0295099976705451e+03	3.3936534106742728e+00
13290	2	6.0634962311750414e+03	3.4035459327960882e+00
13300	2	6.0975799694829784e+03	3.4131551468290642e+00
13310	2	6.1317584041256059e+03	3.4224859058328727e+00
13320	2	6.1660287747215571e+03	3.4315429754618449e+00
13330	2	6.2003883681211610e+03	3.4403310362571968e+00
13340	2	6.2348345165819273e+03	3.4488546837360943e+00
13350	2	6.2693645980204883e+03	3.4571184280405785e+00
13360	2	6.3039760352884960e+03	3.4651266947437160e+00
13370	2	6.3386662952910046e+03	3.4728838257040779e+00
13380	2	6.3734328881100564e+03	3.4803940799743933e+00
13390	2	6.4082733661339398e+03	3.4876616347587484e+00
13400	2	6.4431853231928726e+03	3.4946905864131610e+00
13410	2	6.4781663937014901e+03	3.5014849514845396e+00
13420	2	6.5132142518086912e+03	3.5080486677834877e+00
13430	2	6.5483266106568699e+03	3.5143855956337391e+00
13440	2	6.5835012215268707e+03	3.5204995206004881e+00
13450	2	6.6187358723288044e+03	3.5263941539302417e+00
13460	2	6.6540283878914570e+03	3.5320731327290305e+00
15960	1	6.6430668299941644e+03	-3.6116436205511055e+00
15970	1	6.6069731568038324e+03	-3.6070580536759929e+00
15980	1	6.5709263286722944e+03	-3.6022742210254255e+00
15990	1	6.5349283454522511e+03	-3.5972886543436937e+00
16000	1	6.4989812418969623e+03	-3.5920978086776310e+00
16010	1	6.4630870885049117e+03	-3.5866980608410435e+00
16020	1	6.4272479923771480e+03	-3.5810857078734268e+00
16030	1	6.3914660980873487e+03	-3.5752569654953126e+00
16040	1	6.3557435885597815e+03	-3.5692079665606684e+00
16050	1	6.3200826854624520e+03	-3.5629347585671787e+00
16060	1	6.2844856515280862e+03	-3.5564333011027291e+00
16070	1	6.2489547906987154e+03	-3.5496994659203946e+00
16080	1	6.2134924482576307e+03	-3.5427290355335064e+00
16090	1	6.1781010118064678e+03	-3.5355177016884758e+00
16100	1	6.1427829122549847e+03	-3.5280610638561036e+00
16110	1	6.1075406248230956e+03	-3.5203546277458280e+00
16120	1	6.0723766700549140e+03	-3.5123938038478566e+00
16130	1	6.0372936148443068e+03	-3.5041739060083934e+00
16140	1	6.0022940734715066e+03	-3.4956901500436626e+00
16150	1	5.9673807086293764e+03	-3.4869376523840363e+00
16160	1	5.9325562320895342e+03	-3.4779114276463265e+00
16170	1	5.8978234070908729e+03	-3.4686063869178079e+00
16180	1	5.8631850483844955e+03	-3.4590173379350357e+00
16190	1	5.8286440228195161e+03	-3.4491389839944948e+00
16200	1	5.7942032504679682e+03	-3.4389659229140435e+00
16210	1	5.7598657057568953e+03	-3.4284926460843415e+00
16220	1	5.7256344186064334e+03	-3.4177135376200041e+00
16230	1	5.6915124755727948e+03	-3.4066228736208699e+00
16240	1	5.6575030209948354e+03	-3.3952148215544447e+00
16250	1	5.6236092581427401e+03	-3.3834834397712537e+00
16260	1	5.5898344501799565e+03	-3.3714226767583284e+00
16270	1	5.5561819217216735e+03	-3.3590263695237756e+00
16280	1	5.5226550601790605e+03	-3.3462882449256779e+00
16290	1	5.4892573159341291e+03	-3.3332019200448699e+00
16300	1	5.4559922034850979e+03	-3.3197609025195773e+00
16310	1	5.4228633026092530e+03	-3.3059585911110911e+00
16320	1	5.3898742595157009e+03	-3.2917882765042119e+00
16330	1	5.3570287879855432e+03	-3.2772431423606223e+00
16340	1	5.3243306704965598e+03	-3.2623162666442895e+00
16350	1	5.2917837593294480e+03	-3.2470006232385256e+00
16360	1	5.2593919776059329e+03	-3.2312890829605876e+00
16370	1	5.2271593206907355e+03	-3.2151744153707167e+00
16380	1	5.1950898567459772e+03	-3.1986492926521439e+00
16390	1	5.1631877274682647e+03	-3.1817062923505852e+00
16400	1	5.1314571490861654e+03	-3.1643379007471757e+00
16410	1	5.0999024133181892e+03	-3.1465365166609227e+00
16420	1	5.0685278882867033e+03	-3.1282944557070538e+00
16430	1	5.0373380193821249e+03	-3.1096039550381671e+00
16440	1	5.0063373298647939e+03	-3.0904571782286054e+00
16450	1	4.9755304222053828e+03	-3.0708462203177227e+00
16460	1	4.9449219783695717e+03	-3.0507631148356755e+00
16470	1	4.9145167600349450e+03	-3.0301998408667097e+00
16480	1	4.8843196091654218e+03	-3.0091483305980167e+00
16490	1	4.8543354485030086e+03	-2.9876004775258678e+00
16500	1	4.8245692819699434e+03	-2.9655481453497008e+00
16510	1	4.7950261949740761e+03	-2.9429831775848601e+00
16520	1	4.7657113545756683e+03	-2.9198974077379094e+00
16530	1	4.7366300096892082e+03	-2.8962826693992856e+00
16540	1	4.7077874910803475e+03	-2.8721308089718329e+00
16550	1	4.6791892107580388e+03	-2.8474336985348021e+00
16560	1	4.6508406616875372e+03	-2.8221832494202568e+00
16570	1	4.6227474173855007e+03	-2.7963714267136490e+00
16580	1	4.5949151313610146e+03	-2.7699902646686922e+00
16590	1	4.5673495363861202e+03	-2.7430318830470330e+00
16600	1	4.5400564435406050e+03	-2.7154885038303425e+00
16610	1	4.5130417414228805e+03	-2.6873524693098654e+00
16620	1	4.4863113944573997e+03	-2.6586162617840601e+00
16630	1	4.4598714413188727e+03	-2.6292725237561783e+00
16640	1	4.4337279932826150e+03	-2.5993140791607763e+00
16650	1	4.4078872323527039e+03	-2.5687339555931934e+00
16660	1	4.3823554091550686e+03	-2.5375254075369971e+00
16670	1	4.3571388404079798e+03	-2.5056819402544055e+00
16680	1	4.3322439068453605e+03	-2.4731973343691944e+00
16690	1	4.3076770499726363e+03	-2.4400656724219956e+00
16700	1	4.2834447686649355e+03	-2.4062813659615259e+00
16710	1	4.2595536157975184e+03	-2.3718391834324670e+00
16720	1	4.2360101945879624e+03	-2.3367342788943462e+00
16730	1	4.2128211546418152e+03	-2.3009622215149284e+00
16740	1	4.1899931876940409e+03	-2.2645190257719392e+00
16750	1	4.1675330229057281e+03	-2.2274011818993849e+00
16760	1	4.1454474223202242e+03	-2.1896056864840312e+00
16770	1	4.1237431755522048e+03	-2.1511300749413551e+00
16780	1	4.1024270938462050e+03	-2.1119724535932054e+00
16790	1	4.0815060042621153e+03	-2.0721315319967650e+00
16800	1	4.0609867435330852e+03	-2.0316066553617276e+00
16810	1	4.0408761515935425e+03	-1.9903978369107871e+00
16820	1	4.0211810647783764e+03	-1.9485057900287681e+00
16830	1	4.0019083086494566e+03	-1.9059319599793580e+00
16840	1	3.9830646904023474e+03	-1.8626785541878690e+00
16850	1	3.9646569918335622e+03	-1.8187485727936206e+00
16860	1	3.9466919605665016e+03	-1.7741458384618167e+00
16870	1	3.9291763015876018e+03	-1.7288750246775986e+00
16880	1	3.9121166686571551e+03	-1.6829416827372568e+00
16890	1	3.8955196554516729e+03	-1.6363522671686641e+00
16900	1	3.8793917864543560e+03	-1.5891141593578031e+00
16910	1	3.8637395076125358e+03	-1.5412356891551813e+00
16920	1	3.8485691767831522e+03	-1.4927261542343482e+00
16930	1	3.8338870538358751e+03	-1.4435958364582240e+00
16940	1	3.8196992910441732e+03	-1.3938560149674577e+00
16950	1	3.8060119232314983e+03	-1.3435189785770425e+00
16960	1	3.7928308570634431e+03	-1.2925980335307201e+00
16970	1	3.7801618608909921e+03	-1.2411075082426479e+00
16980	1	3.7680105545686556e+03	-1.1890627545420589e+00
16990	1	3.7563823992714938e+03	-1.1364801452312929e+00
17000	1	3.7452826873485169e+03	-1.0833770678023389e+00
17010	1	3.7347165322513397e+03	-1.0297719141777855e+00
17020	1	3.7246888585781835e+03	-9.7568406636479954e-01
17030	1	3.7152043921752474e+03	-9.2113387749286413e-01
17040	1	3.7062676506558391e+03	-8.6614264760568938e-01
17050	1	3.6978829344065634e+03	-8.1073259816469789e-01
17060	1	3.6900543169770335e+03	-7.5492684023730994e-01
17070	1	3.6827856363792066e+03	-6.9874933890885216e-01
17080	1	3.6760804867869724e+03	-6.4222487361759928e-01
17090	1	3.6699422106451557e+03	-5.8537899444835884e-01
17100	1	3.6643738912276208e+03	-5.2823797452272447e-01
17110	1	3.6593783456823644e+03	-4.7082875865813201e-01
17120	1	3.6549581185999095e+03	-4.1317890850158451e-01
17130	1	3.6511154761382422e+03	-3.5531654437329396e-01
17140	1	3.6478524005999193e+03	-2.9727028268873473e-01
17150	1	3.6451705861561322e+03	-2.3906917208967449e-01
17160	1	3.6430714346812915e+03	-1.8074262813283098e-01
17170	1	3.6415560522320566e+03	-1.2232036428645966e-01
17180	1	3.6406252464599311e+03	-6.3832321924120694e-02
17190	1	3.6402795247226895e+03	-5.3085990373939627e-03
17200	1	3.6405190929054133e+03	5.3220621933874342e-02
17210	1	3.6413438549577900e+03	1.1172514674610359e-01
17220	1	3.6427534131502998e+03	1.7017484205873296e-01
17230	1	3.6447470690478708e+03	2.2853970779005306e-01
17240	1	3.6473238251953726e+03	2.8678994871261537e-01
17250	1	3.6504823874619087e+03	3.4489604622515641e-01
17260	1	3.6542211682659067e+03	4.0282882761918076e-01
17270	1	3.6585382903175700e+03	4.6055953152928736e-01
17280	1	3.6634315909824190e+03	5.1805987348559934e-01
17290	1	3.6688986273977116e+03	5.7530210793669601e-01
17300	1	3.6749366821864505e+03	6.3225908734127512e-01
17310	1	3.6815427697382088e+03	6.8890431805115004e-01
17320	1	3.6887136430234277e+03	7.4521201273810378e-01
17330	1	3.6964458009055697e+03	8.0115713914895215e-01
17340	1	3.7047354959135746e+03	8.5671546500678597e-01
17350	1	3.7135787424353557e+03	9.1186359891020941e-01
17360	1	3.7229713253073564e+03	9.6657902740061974e-01
17370	1	3.7329088087828472e+03	1.0208401497746400e+00
17380	1	3.7433865455987830e+03	1.0746263043028954e+00
17390	1	3.7543996866360667e+03	1.1279177927340109e+00
17400	1	3.7659431907124576e+03	1.1806959003770672e+00
17410	1	3.7780118345205442e+03	1.2329429117063291e+00
17420	1	3.7906002226928317e+03	1.2846421218515458e+00
17430	1	3.8037027979534892e+03	1.3357778440781196e+00
17440	1	3.8173138513173617e+03	1.3863354133848587e+00
17450	1	3.8314275322983303e+03	1.4363011863684232e+00
17460	1	3.8460378590906812e+03	1.4856625375222594e+00
17470	1	3.8611387286889367e+03	1.5344078521537892e+00
17480	1	3.8767239269782676e+03	1.5825265164996030e+00
17490	1	3.8927871387133150e+03	1.6300089067338210e+00
17500	1	3.9093219567816141e+03	1.6768463707035779e+00
17510	1	3.9263218923363970e+03	1.7230312097655249e+00
17520	1	3.9437803843093234e+03	1.7685566580481384e+00
17530	1	3.9616908086340350e+03	1.8134168594237166e+00
17540	1	3.9800464872220778e+03	1.8576068426192156e+00
17550	1	3.9988406966739358e+03	1.9011224946902650e+00
17560	1	4.0180666767100970e+03	1.9439605330785574e+00
17570	1	4.0377176383093019e+03	1.9861184764668192e+00
17580	1	4.0577867715431794e+03	2.0275946146382817e+00
17590	1	4.0782672530986242e+03	2.0683879775394254e+00
17600	1	4.0991522534982669e+03	2.1084983037779410e+00
17610	1	4.1204349443565088e+03	2.1479260106607878e+00
17620	1	4.1421085039620757e+03	2.1866721614159230e+00
17630	1	4.1641661241017218e+03	2.2247384317561525e+00
17640	1	4.1866010163948795e+03	2.2621270779215545e+00
17650	1	4.2094064179387451e+03	2.2988409044778937e+00
17660	1	4.2325755966256083e+03	2.3348832324186239e+00
17670	1	4.2561018561360706e+03	2.3702578676827462e+00
17680	1	4.2799785406132332e+03	2.4049690701896878e+00
17690	1	4.3041990390235887e+03	2.4390215234811157e+00
17700	1	4.3287567892114112e+03	2.4724203050490638e+00
17710	1	4.3536452816540950e+03	2.5051708574194502e+00
17720	1	4.3788580629265107e+03	2.5372789600501870e+00
17730	1	4.4043887389798456e+03	2.5687507023157341e+00
17740	1	4.4302309783140581e+03	2.5995924596058804e+00
17750	1	4.4563785134108630e+03	2.6298108662973103e+00
17760	1	4.4828251442840783e+03	2.6594127907298657e+00
17770	1	4.5095647409077010e+03	2.6884053118752953e+00
17780	1	4.5365912451963804e+03	2.7167956968019777e+00
17790	1	4.5638986727591864e+03	2.7445913791422853e+00
17800	1	4.5914811144369160e+03	2.7717999385630789e+00
17810	1	4.6193327376332054e+03	2.7984290812349895e+00
17820	1	4.6474477874496233e+03	2.8244866212917437e+00
17830	1	4.6758205876347856e+03	2.8499804632667418e+00
17840	1	4.7044455413574697e+03	2.8749185854908270e+00
17850	1	4.7333171318133936e+03	2.8993090244320130e+00
17860	1	4.7624299228951577e+03	2.9231598605092555e+00
17870	1	4.7917785593156104e+03	2.9464792065356531e+00
17880	1	4.8213577659948396e+03	2.9692751924389218e+00
17890	1	4.8511623493762590e+03	2.9915559529596494e+00
17900	1	4.8811871974656060e+03	3.0133296163307177e+00
17910	1	4.9114272796876412e+03	3.0346042936817890e+00
17920	1	4.9418776466352047e+03	3.0553880692027442e+00
17930	1	4.9725334297183445e+03	3.0756889910356491e+00
17940	1	5.0033898407207689e+03	3.0955150628646226e+00
17950	1	5.0344421712707435e+03	3.1148742361729167e+00
17960	1	5.0656857922330792e+03	3.1337744031366341e+00
17970	1	5.0971161530286836e+03	3.1522233901248047e+00
17980	1	5.1287287809374675e+03	3.1702289518435167e+00
17990	1	5.1605192806814721e+03	3.1877987678622905e+00
18000	1	5.1924833322092454e+03	3.2049404374283599e+00
18010	1	5.2246166909513258e+03	3.2216614736589184e+00
18020	1	5.2569151872937773e+03	3.2379692996820229e+00
18030	1	5.2893747256293564e+03	3.2538712451148348e+00
18040	1	5.3219912833707313e+03	3.2693745429554046e+00
18050	1	5.3547609099298688e+03	3.2844863268631315e+00
18060	1	5.3876797256676091e+03	3.2992136288039444e+00
18070	1	5.4207439208171163e+03	3.3135633770371111e+00
18080	1	5.4539497543846583e+03	3.3275423944214877e+00
18090	1	5.4872935530310197e+03	3.3411573970200572e+00
18100	1	5.5207717099840602e+03	3.3544149930342537e+00
18110	1	5.5543806842638569e+03	3.3673216836173285e+00
18120	1	5.5881169982057982e+03	3.3798838622220897e+00
18130	1	5.6219772374686727e+03	3.3921078126840736e+00
18140	1	5.6559580502849512e+03	3.4039997090132781e+00
18150	1	5.6900561463246986e+03	3.4155656153532630e+00
18160	1	5.7242682955557830e+03	3.4268114861178738e+00
18170	1	5.7585913271020836e+03	3.4377431662913214e+00
18180	1	5.7930221281015729e+03	3.4483663918781695e+00
18190	1	5.8275576425657036e+03	3.4586867904904675e+00
18200	1	5.8621948702416776e+03	3.4687098820600539e+00
18210	1	5.8969308654789002e+03	3.4784410796647864e+00
18220	1	5.9317627363029260e+03	3.4878856907735143e+00
18230	1	5.9666876430835300e+03	3.4970489201469572e+00
18240	1	6.0017027967702024e+03	3.5059358695842069e+00
18250	1	6.0368054590634138e+03	3.5145515383575989e+00
18260	1	6.0719929414212102e+03	3.5229008244445894e+00
18270	1	6.1072626040087634e+03	3.5309885258056912e+00
18280	1	6.1426118546572170e+03	3.5388193417166858e+00
18290	1	6.1780381478324816e+03	3.5463978741483726e+00
18300	1	6.2135389836144741e+03	3.5537286291875909e+00
18310	1	6.2491119066874016e+03	3.5608160184936875e+00
18320	1	6.2847545053415179e+03	3.5676643607850234e+00
18330	1	6.3204644105819525e+03	3.5742778834574480e+00
18340	1	6.3562392952735536e+03	3.5806607257350644e+00
18350	1	6.3920768722139037e+03	3.5868169397586089e+00
18360	1	6.4279748944268631e+03	3.5927504909363099e+00
18370	1	6.4639311544400780e+03	3.5984652594811504e+00
18380	1	6.4999434833940641e+03	3.6039650419604423e+00
18390	1	6.5360097501633509e+03	3.6092535528489842e+00
18400	1	6.5721278604898034e+03	3.6143344260828294e+00
18410	1	6.6082957561283047e+03	3.6192112166110944e+00
18420	1	6.6445114140047635e+03	3.6238874019432572e+00
19350	3	6.6584927545587425e+03	-3.6287838687567961e+00
19360	3	6.6222271623697616e+03	-3.6243021574819543e+00
19370	3	6.5860073625410641e+03	-3.6196249123390198e+00
19380	3	6.5498353272916720e+03	-3.6147487444108735e+00
19390	3	6.5137130629710709e+03	-3.6096701892266174e+00
19400	3	6.4776426108933974e+03	-3.6043857052125272e+00
19410	3	6.4416260481843938e+03	-3.5988916721347497e+00
19420	3	6.4056654885738189e+03	-3.5931843895334281e+00
19430	3	6.3697630830391809e+03	-3.5872600745054521e+00
19440	3	6.3339210217518757e+03	-3.5811148595396531e+00
19450	3	6.2981415338620027e+03	-3.5747447919580209e+00
19460	3	6.2624268881931293e+03	-3.5681458324483435e+00
19470	3	6.2267793941927212e+03	-3.5613138534906263e+00
19480	3	6.1912014028955182e+03	-3.5542446377937642e+00
19490	3	6.1556953078996548e+03	-3.5469338767463867e+00
19500	3	6.1202635463551924e+03	-3.5393771688861126e+00
19510	3	6.0849085999542076e+03	-3.5315700183919425e+00
19520	3	6.0496329954912862e+03	-3.5235078331432752e+00
19530	3	6.0144393071294180e+03	-3.5151859222062209e+00
19540	3	5.9793301566382161e+03	-3.5065994955021900e+00
19550	3	5.9443082138554637e+03	-3.4977436626961222e+00
19560	3	5.9093761977741115e+03	-3.4886134318610131e+00
19570	3	5.8745368776395126e+03	-3.4792037081996083e+00
19580	3	5.8397930740561706e+03	-3.4695092928309017e+00
19590	3	5.8051476601031973e+03	-3.4595248816494966e+00
19600	3	5.7706035624574897e+03	-3.4492450642665609e+00
19610	3	5.7361637624712966e+03	-3.4386643230318010e+00
19620	3	5.7018312968599166e+03	-3.4277770313421376e+00
19630	3	5.6676092603745537e+03	-3.4165774521616048e+00
19640	3	5.6335008057072228e+03	-3.4050597385607118e+00
19650	3	5.5995091442280718e+03	-3.3932179333249519e+00
19660	3	5.5656375471680467e+03	-3.3810459685709739e+00
19670	3	5.5318893468015622e+03	-3.3685376655211972e+00
19680	3	5.4982679376274009e+03	-3.3556867344511803e+00
19690	3	5.4647767775458633e+03	-3.3424867748246543e+00
19700	3	5.4314193890300803e+03	-3.3289312756320988e+00
19710	3	5.3981993602891607e+03	-3.3150136159495767e+00
19720	3	5.3651203459483659e+03	-3.3007270653209915e+00
19730	3	5.3321860691569200e+03	-3.2860647833973076e+00
19740	3	5.2994003227707472e+03	-3.2710198223680798e+00
19750	3	5.2667669692698755e+03	-3.2555851289605484e+00
19760	3	5.2342899418784091e+03	-3.2397535463424330e+00
19770	3	5.2019732456650745e+03	-3.2235178163625116e+00
19780	3	5.1698209586161329e+03	-3.2068705821518013e+00
19790	3	5.1378372326768504e+03	-3.1898043911095848e+00
19800	3	5.1060262947572610e+03	-3.1723116982992785e+00
19810	3	5.0743924476979519e+03	-3.1543848702802664e+00
19820	3	5.0429400711849757e+03	-3.1360161894006802e+00
19830	3	5.0116736219777049e+03	-3.1171978577662904e+00
19840	3	4.9805976363251693e+03	-3.0979220014575808e+00
19850	3	4.9497167300191577e+03	-3.0781806777075502e+00
19860	3	4.9190355982125684e+03	-3.0579658814454276e+00
19870	3	4.8885590160864422e+03	-3.0372695522857809e+00
19880	3	4.8582918394403523e+03	-3.0160835821545553e+00
19890	3	4.8282390051993580e+03	-2.9943998235831266e+00
19900	3	4.7984055318306418e+03	-2.9722100987019284e+00
19910	3	4.7687965196623090e+03	-2.9495062089650141e+00
19920	3	4.7394171510968190e+03	-2.9262799456368800e+00
19930	3	4.7102726907109300e+03	-2.9025231010723944e+00
19940	3	4.6813684847965378e+03	-2.8782274803391430e+00
19950	3	4.6527099618588509e+03	-2.8533849124983282e+00
19960	3	4.6243026330738239e+03	-2.8279872658046918e+00
19970	3	4.5961520903031387e+03	-2.8020264626731892e+00
19980	3	4.5682640055199099e+03	-2.7754944952876732e+00
19990	3	4.5406441301038585e+03	-2.7483834421732940e+00
20000	3	4.5132982939616804e+03	-2.7206854857431044e+00
20010	3	4.4862324044626148e+03	-2.6923929308366810e+00
20020	3	4.4594524451789430e+03	-2.6634982242648384e+00
20030	3	4.4329644744210254e+03	-2.6339939753708741e+00
20040	3	4.4067746235565410e+03	-2.6038729776143046e+00
20050	3	4.3808890950937957e+03	-2.5731282311714225e+00
20060	3	4.3553141598212715e+03	-2.5417529652381274e+00
20070	3	4.3300561561865989e+03	-2.5097406620310339e+00
20080	3	4.3051214869088681e+03	-2.4770850838306768e+00
20090	3	4.2805166151984013e+03	-2.4437802993654296e+00
20100	3	4.2562480616322209e+03	-2.4098207112727681e+00
20110	3	4.2323224007458339e+03	-2.3752010844554801e+00
20120	3	4.2087462573323046e+03	-2.3399165752841675e+00
20130	3	4.1855263024401738e+03	-2.3039627615879690e+00
20140	3	4.1626692490624382e+03	-2.2673356733654773e+00
20150	3	4.1401818475094788e+03	-2.2300318241374528e+00
20160	3	4.1180708804597361e+03	-2.1920482428519068e+00
20170	3	4.0963431576827679e+03	-2.1533825062409679e+00
20180	3	4.0750055098027383e+03	-2.1140327702151360e+00
20190	3	4.0540647836729918e+03	-2.0739978018177920e+00
20200	3	4.0335278360226644e+03	-2.0332770140564191e+00
20210	3	4.0134015257211936e+03	-1.9918704983102062e+00
20220	3	3.9936927069061962e+03	-1.9497790569514721e+00
20230	3	3.9744082217817599e+03	-1.9070042355699126e+00
20240	3	3.9555548930917175e+03	-1.8635483546182088e+00
20250	3	3.9371395162742674e+03	-1.8194145402868003e+00
20260	3	3.9191688513064069e+03	-1.7746067544062520e+00
20270	3	3.9016496142486817e+03	-1.7291298231665320e+00
20280	3	3.8845884685028627e+03	-1.6829894644349830e+00
20290	3	3.8679920157974793e+03	-1.6361923134484830e+00
20300	3	3.8518667867744666e+03	-1.5887459463608578e+00
20310	3	3.8362192311147633e+03	-1.5406588993712618e+00
20320	3	3.8210557095949321e+03	-1.4919406903855710e+00
20330	3	3.8063824827439212e+03	-1.4426018357708223e+00
20340	3	3.7922057005818974e+03	-1.3926538640789996e+00
20350	3	3.7785313925097093e+03	-1.3421093270644329e+00
20360	3	3.7653654570978224e+03	-1.2909818074834634e+00
20370	3	3.7527136518075949e+03	-1.2392859234714935e+00
20380	3	3.7405815826798871e+03	-1.1870373293067920e+00
20390	3	3.7289746940277082e+03	-1.1342527123856758e+00
20400	3	3.7178982581713640e+03	-1.0809497862531094e+00
20410	3	3.7073573652560185e+03	-1.0271472795538512e+00
20420	3	3.6973569131928289e+03	-9.7286492079355980e-01
20430	3	3.6879015976556589e+03	-9.1812341838038569e-01
20440	3	3.6789959022087241e+03	-8.6294443372961527e-01
20450	3	3.6706440900182479e+03	-8.0735055644824782e-01
20460	3	3.6628501937333358e+03	-7.5136527103810569e-01
20470	3	3.6556180066233792e+03	-6.9501291962193323e-01
20480	3	3.6489510742638818e+03	-6.3831866083556565e-01
20490	3	3.6428526866466386e+03	-5.8130842461382903e-01
20500	3	3.6373258707544769e+03	-5.2400886301805916e-01
20510	3	3.6323733836390129e+03	-4.6644729728823719e-01
20520	3	3.6279977060379351e+03	-4.0865166133732050e-01
20530	3	3.6242010365660290e+03	-3.5065044193831685e-01
20540	3	3.6209852865114763e+03	-2.9247261588659018e-01
20550	3	3.6183520752660756e+03	-2.3414758444861758e-01
20560	3	3.6163027262940764e+03	-1.7570510439523457e-01
20570	3	3.6148382640071709e+03	-1.1717521582755536e-01
20580	3	3.6139594116449198e+03	-5.8588174278501520e-02
20590	3	3.6136665889837541e+03	2.5623638157134837e-05
20600	3	3.6139599113231520e+03	5.8635713969735458e-02
20610	3	3.6148391892276018e+03	1.1721163942452695e-01
20620	3	3.6163039290005972e+03	1.7572302333494697e-01
20630	3	3.6183533338880666e+03	2.3413964316001035e-01
20640	3	3.6209863060045082e+03	2.9243150310833049e-01
20650	3	3.6242014489708331e+03	3.5056890547158842e-01
20660	3	3.6279970712491017e+03	4.0852252027193947e-01
20670	3	3.6323711901553756e+03	4.6626345284374154e-01
20680	3	3.6373215365197962e+03	5.2376330916721514e-01
20690	3	3.6428455599128811e+03	5.8099426110512342e-01
20700	3	3.6489404347466457e+03	6.3792910325783025e-01
20710	3	3.6556030666854176e+03	6.9454130899466826e-01
20720	3	3.6628300996992566e+03	7.5080508342880192e-01
20730	3	3.6706179236613411e+03	8.0669541195248196e-01
20740	3	3.6789626824025186e+03	8.6218810478083951e-01
20750	3	3.6878602821823270e+03	9.1725983736225858e-01
20760	3	3.6973064005346737e+03	9.7188818654897036e-01
20770	3	3.7072964954454596e+03	1.0260516624568057e+00
20780	3	3.7178258148189452e+03	1.0797297359777924e+00
20790	3	3.7288894061894557e+03	1.1329028619426225e+00
20800	3	3.7404821266409735e+03	1.1855524980963768e+00
20810	3	3.7525986529043803e+03	1.2376611221976987e+00
20820	3	3.7652334913898926e+03	1.2892122405097204e+00
20830	3	3.7783809886946028e+03	1.3401903939257729e+00
20840	3	3.7920353420441293e+03	1.3905811608694951e+00
20850	3	3.8061906096827283e+03	1.4403711558811401e+00
20860	3	3.8208407212229699e+03	1.4895480246142512e+00
20870	3	3.8359794879201818e+03	1.5381004354371015e+00
20880	3	3.8516006128388685e+03	1.5860180678456302e+00
20890	3	3.8676977008804965e+03	1.6332915979055243e+00
20900	3	3.8842642686442800e+03	1.6799126809482883e+00
20910	3	3.9012937540948064e+03	1.7258739317515450e+00
20920	3	3.9187795260731059e+03	1.7711689030362789e+00
20930	3	3.9367148934174543e+03	1.8157920633074023e+00
20940	3	3.9550931137349394e+03	1.8597387684290887e+00
20950	3	3.9739074025810942e+03	1.9030052346589386e+00
20960	3	3.9931509419533531e+03	1.9455885097466528e+00
20970	3	4.0128168884574093e+03	1.9874864427760481e+00
20980	3	4.0328983811595754e+03	2.0286976530671965e+00
20990	3	4.0533885491169640e+03	2.0692214983397026e+00
21000	3	4.0742805185793409e+03	2.1090580423280141e+00
21010	3	4.0955674198582233e+03	2.1482080220291389e+00
21020	3	4.1172423938607026e+03	2.1866728147518839e+00
21030	3	4.1392985983260369e+03	2.2244544053173767e+00
21040	3	4.1617292137392587e+03	2.2615553551819207e+00
21050	3	4.1845274483824269e+03	2.2979787682977482e+00
21060	3	4.2076865441942955e+03	2.3337282585729922e+00
21070	3	4.2311997818102463e+03	2.3688079181815809e+00
21080	3	4.2550604851780899e+03	2.4032222862360402e+00
21090	3	4.2792620258569432e+03	2.4369763181185786e+00
21100	3	4.3037978270065150e+03	2.4700753555475745e+00
21110	3	4.3286613670745965e+03	2.5025250974459046e+00
21120	3	4.3538461831913946e+03	2.5343315716679782e+00
21130	3	4.3793458742797357e+03	2.5655011076327088e+00
21140	3	4.4051541039727326e+03	2.5960403102615222e+00
21150	3	4.4312646030758278e+03	2.6259560362565471e+00
21160	3	4.4576711715836454e+03	2.6552553680369142e+00
21170	3	4.4843676814815390e+03	2.6839455902458469e+00
21180	3	4.5113480786834243e+03	2.7120341673355775e+00
21190	3	4.5386063846999441e+03	2.7395287221101956e+00
21200	3	4.5661366980912080e+03	2.7664370152942763e+00
21210	3	4.5939331957145341e+03	2.7927669261204104e+00
21220	3	4.6219901337775636e+03	2.8185264339246778e+00
21230	3	4.6503018487069721e+03	2.8437236007351281e+00
21240	3	4.6788627578620799e+03	2.8683665548989983e+00
21250	3	4.7076673601419807e+03	2.8924634770809381e+00
21260	3	4.7367102358909551e+03	2.9160225851769330e+00
21270	3	4.7659860478030369e+03	2.9390521198782085e+00
21280	3	4.7954895412207788e+03	2.9615603319947326e+00
21290	3	4.8252155441461018e+03	2.9835554704788514e+00
21300	3	4.8551589671302663e+03	3.0050457712704719e+00
21310	3	4.8853148030510383e+03	3.0260394469330754e+00
21320	3	4.9156781267851884e+03	3.0465446770495874e+00
21330	3	4.9462440947838650e+03	3.0665695993466180e+00
21340	3	4.9770079446053096e+03	3.0861223019513124e+00
21350	3	5.0079649941251082e+03	3.1052108170489392e+00
21360	3	5.0391106410150169e+03	3.1238431125946899e+00
21370	3	5.0704403624554416e+03	3.1420270860670123e+00
21380	3	5.1019497143740109e+03	3.1597705587409539e+00
21390	3	5.1336343306160970e+03	3.1770812704868652e+00
21400	3	5.1654899220612697e+03	3.1939668750847243e+00
21410	3	5.1975122756909350e+03	3.2104349360257012e+00
21420	3	5.2296972536465755e+03	3.2264929228246451e+00
21430	3	5.2620407922385521e+03	3.2421482085898430e+00
21440	3	5.2945389005551542e+03	3.2574080670038139e+00
21450	3	5.3271876600282549e+03	3.2722796691762484e+00
21460	3	5.3599832234477499e+03	3.2867700814484770e+00
21470	3	5.3929218138613023e+03	3.3008862635352165e+00
21480	3	5.4259997234528391e+03	3.3146350669805811e+00
21490	3	5.4592133124029497e+03	3.3280232339071221e+00
21500	3	5.4925590077366005e+03	3.3410573960470056e+00
21510	3	5.5260333021686429e+03	3.3537440747707605e+00
21520	3	5.5596327527639614e+03	3.3660896806928156e+00
21530	3	5.5933539802006226e+03	3.3781005126247061e+00
21540	3	5.6271936677348349e+03	3.3897827575463126e+00
21550	3	5.6611485600348378e+03	3.4011424906934926e+00
21560	3	5.6952154620126585e+03	3.4121856758174438e+00
21570	3	5.7293912376571470e+03	3.4229181656020096e+00
21580	3	5.7636728089747157e+03	3.4333457025193552e+00
21590	3	5.7980571544915056e+03	3.4434739201123801e+00
21600	3	5.8325413085032460e+03	3.4533083431587954e+00
21610	3	5.8671223601789970e+03	3.4628543884274916e+00
21620	3	5.9017974524370811e+03	3.4721173656774527e+00
21630	3	5.9365637808277597e+03	3.4811024787465854e+00
21640	3	5.9714185924237136e+03	3.4898148267212368e+00
21650	3	6.0063591848399510e+03	3.4982594052082310e+00
21660	3	6.0413829049533233e+03	3.5064411084461797e+00
21670	3	6.0764871476645849e+03	3.5143647305444738e+00
21680	3	6.1116693555163347e+03	3.5220349662370727e+00
21690	3	6.1469270176811333e+03	3.5294564123035674e+00
21700	3	6.1822576689390080e+03	3.5366335690412507e+00
21710	3	6.2176588886664267e+03	3.5435708417696881e+00
21720	3	6.2531282998371034e+03	3.5502725423625141e+00
21730	3	6.2886635680803793e+03	3.5567428908130410e+00
21740	3	6.3242624008113135e+03	3.5629860175037988e+00
21750	3	6.3599225456616796e+03	3.5690059651729023e+00
21760	3	6.3956417903619595e+03	3.5748066895394617e+00
21770	3	6.4314179619806355e+03	3.5803920608017354e+00
21780	3	6.4672489260274342e+03	3.5857658652231676e+00
21790	3	6.5031325855690920e+03	3.5909318067195910e+00
21800	3	6.5390668803578037e+03	3.5958935084448860e+00
21810	3	6.5750497859724746e+03	3.6006545143724575e+00
21820	3	6.6110793131110886e+03	3.6052182908757762e+00
21830	3	6.6471535066964443e+03	3.6095882292602672e+00
22090	2	6.6645550313042904e+03	-2.3325390350322914e+00
22100	2	6.6413207442671510e+03	-2.3142748385170973e+00
22110	2	6.6182704119242953e+03	-2.2957478581796362e+00
22120	2	6.5954066676171506e+03	-2.2769569736315187e+00
22130	2	6.5727321552848716e+03	-2.2579011218984393e+00
22140	2	6.5502495298399936e+03	-2.2385792989681601e+00
22150	2	6.5279614564518488e+03	-2.2189905637734486e+00
22160	2	6.5058706090731766e+03	-2.1991340411995841e+00
22170	2	6.4839796698288401e+03	-2.1790089249332558e+00
22180	2	6.4622913283726512e+03	-2.1586144803499874e+00
22190	2	6.4408082812114380e+03	-2.1379500474369610e+00
22200	2	6.4195332309959585e+03	-2.1170150437479451e+00
22210	2	6.3984688857781730e+03	-2.0958089673867972e+00
22220	2	6.3776179582345940e+03	-2.0743314000156885e+00
22230	2	6.3569831648553527e+03	-2.0525820098840324e+00
22240	2	6.3365672247721495e+03	-2.0305605544505956e+00
22250	2	6.3163728593857650e+03	-2.0082668819638583e+00
22260	2	6.2964027919796072e+03	-1.9857009357369706e+00
22270	2	6.2766597456299287e+03	-1.9628627574551851e+00
22280	2	6.2571464422450317e+03	-1.9397524902054186e+00
22290	2	6.2378656015943398e+03	-1.9163703815042514e+00
22300	2	6.2188199403033732e+03	-1.8927167863107324e+00
22310	2	6.2000121708146180e+03	-1.8687921700178252e+00
22320	2	6.1814450003145212e+03	-1.8445971114160984e+00
22330	2	6.1631211296267493e+03	-1.8201323056230005e+00
22340	2	6.1450432520720196e+03	-1.7953985669707984e+00
22350	2	6.1272140522646023e+03	-1.7703968318210650e+00
22360	2	6.1096362044017415e+03	-1.7451281600491386e+00
22370	2	6.0923123724998577e+03	-1.7195937375165702e+00
22380	2	6.0752452082362197e+03	-1.6937948798398805e+00
22390	2	6.0584373491980004e+03	-1.6677330348741148e+00
22400	2	6.0418914176060434e+03	-1.6414097851719058e+00
22410	2	6.0256100190103743e+03	-1.6148268503479639e+00
22420	2	6.0095957409583034e+03	-1.5879860893407589e+00
22430	2	5.9938511516361841e+03	-1.5608895025631284e+00
22440	2	5.9783787984856945e+03	-1.5335392339333898e+00
22450	2	5.9631812067959800e+03	-1.5059375727785911e+00
22460	2	5.9482608782726847e+03	-1.4780869556014400e+00
22470	2	5.9336202895575425e+03	-1.4499899676733001e+00
22480	2	5.9192618902471022e+03	-1.4216493430332779e+00
22490	2	5.9051881028494108e+03	-1.3930679657269827e+00
22500	2	5.8914013204539597e+03	-1.3642488720627746e+00
22510	2	5.8779039047623210e+03	-1.3351952514090446e+00
22520	2	5.8646981846095978e+03	-1.3059104469484994e+00
22530	2	5.8517864544747699e+03	-1.2763979562410239e+00
22540	2	5.8391709729819077e+03	-1.2466614315879918e+00
22550	2	5.8268539613941157e+03	-1.2167046801911088e+00
22560	2	5.8148376021022041e+03	-1.1865316640992791e+00
22570	2	5.8031240371100994e+03	-1.1561464999372304e+00
22580	2	5.7917153665192072e+03	-1.1255534584102405e+00
22590	2	5.7806136470138190e+03	-1.0947569635795478e+00
22600	2	5.7698208900482850e+03	-1.0637615912479499e+00
22610	2	5.7593390607373585e+03	-1.0325720660715185e+00
22620	2	5.7491700770186080e+03	-1.0011932620069799e+00
22630	2	5.7393158071185790e+03	-9.6963020043660908e-01
22640	2	5.7297780681144159e+03	-9.3788804819276606e-01
22650	2	5.7205586245400427e+03	-9.0597211536112687e-01
22660	2	5.7116591870107395e+03	-8.7388785283531356e-01
22670	2	5.7030814108684890e+03	-8.4164084962249053e-01
22680	2	5.6948268948505965e+03	-8.0923682990028689e-01
22690	2	5.6868971797838713e+03	-7.7668164982613164e-01
22700	2	5.6792937473068469e+03	-7.4398129410078617e-01
22710	2	5.6720180186223124e+03	-7.1114187228869308e-01
22720	2	5.6650713532826248e+03	-6.7816961489849403e-01
22730	2	5.6584550477150069e+03	-6.4507086798197155e-01
22740	2	5.6521703346829800e+03	-6.1185208772058075e-01
22750	2	5.6462183822654470e+03	-5.7851983794580286e-01
22760	2	5.6406002921872678e+03	-5.4508078472326027e-01
22770	2	5.6353170988683869e+03	-5.1154169130166038e-01
22780	2	5.6303697685207862e+03	-4.7790941286425426e-01
22790	2	5.6257591982938320e+03	-4.4419089108881299e-01
22800	2	5.6214862154697548e+03	-4.1039314852556891e-01
22810	2	5.6175515767109482e+03	-3.7652328280336339e-01
22820	2	5.6139559673607364e+03	-3.4258846067482790e-01
22830	2	5.6107000007990882e+03	-3.0859591191206526e-01
22840	2	5.6077842178546844e+03	-2.7455292306483409e-01
22850	2	5.6052090862570240e+03	-2.4046683102196867e-01
22860	2	5.6029749999509850e+03	-2.0634501442195188e-01
22870	2	5.6010822793603720e+03	-1.7219488807246947e-01
22880	2	5.5995311706321454e+03	-1.3802389713497923e-01
22890	2	5.5983218452088149e+03	-1.0383951000133705e-01
22900	2	5.5974543996684943e+03	-6.9649211509804410e-02
22910	2	5.5969288556277224e+03	-3.5460496122912792e-02
22920	2	5.5967451597072577e+03	-1.2808610821241535e-03
22930	2	5.5969031835610631e+03	3.2882200445740958e-02
22940	2	5.5974027239682955e+03	6.7021206215387472e-02
22950	2	5.5982435029883309e+03	1.0112869172818854e-01
22960	2	5.5994251681783335e+03	1.3519721702076509e-01
22970	2	5.6009472928730420e+03	1.6921937340222112e-01
22980	2	5.6028093764172918e+03	2.0318779128738995e-01
22990	2	5.6050108447914890e+03	2.3709514772654122e-01
23000	2	5.6075510511252342e+03	2.7093417091595290e-01
23010	2	5.6104292760262861e+03	3.0469764716784903e-01
23020	2	5.6136447282245272e+03	3.3837842716919686e-01
23030	2	5.6171965452729592e+03	3.7196943210070621e-01
23040	2	5.6210837943037450e+03	4.0546365960712283e-01
23050	2	5.6253054728377138e+03	4.3885418960719752e-01
23060	2	5.6298605096456677e+03	4.7213418993246736e-01
23070	2	5.6347477656597284e+03	5.0529692178447216e-01
23080	2	5.6399660349328751e+03	5.3833574500066916e-01
23090	2	5.6455140456447871e+03	5.7124412312024109e-01
23100	2	5.6513904611018415e+03	6.0401562948027088e-01
23110	2	5.6575938809335739e+03	6.3664395244349647e-01
23120	2	5.6641228422547074e+03	6.6912289817576254e-01
23130	2	5.6709758208120884e+03	7.0144639529533803e-01
23140	2	5.6781512322523058e+03	7.3360849880826606e-01
23150	2	5.6856474334220502e+03	7.6560339380307740e-01
23160	2	5.6934627236988044e+03	7.9742539890143471e-01
23170	2	5.7015953463493297e+03	8.2906896946193120e-01
23180	2	5.7100434899136308e+03	8.6052870053511943e-01
23190	2	5.7188052896118625e+03	8.9179932956859698e-01
23200	2	5.7278788287717352e+03	9.2287573886166174e-01
23210	2	5.7372621402757659e+03	9.5375295795605608e-01
23220	2	5.7469532080133376e+03	9.8442616742669509e-01
23230	2	5.7569499683546346e+03	1.0148906992717244e+00
23240	2	5.7672503117390252e+03	1.0451420381041259e+00
23250	2	5.7778520842327580e+03	1.0751758225048600e+00
23260	2	5.7887530890861271e+03	1.1049878459782061e+00
23270	2	5.7999510882936820e+03	1.1345740576710837e+00
23280	2	5.8114438041551521e+03	1.1639305628611296e+00
23290	2	5.8232289208348848e+03	1.1930536232188587e+00
23300	2	5.8353040859176281e+03	1.2219396568496219e+00
23310	2	5.8476669119585013e+03	1.2505852381216880e+00
23320	2	5.8603149780311824e+03	1.2789870973615505e+00
23330	2	5.8732458312855488e+03	1.3071421218498356e+00
23340	2	5.8864569883334061e+03	1.3350473543959709e+00
23350	2	5.8999459369726519e+03	1.3626999917210572e+00
23360	2	5.9137101377768631e+03	1.3900973834743373e+00
23370	2	5.9277470256233746e+03	1.4172370308970552e+00
23380	2	5.9420540112019908e+03	1.4441165853233817e+00
23390	2	5.9566284825028333e+03	1.4707338465266746e+00
23400	2	5.9714678062818593e+03	1.4970867609195175e+00
23410	2	5.9865693295027277e+03	1.5231734196160893e+00
23420	2	6.0019303807537308e+03	1.5489920563653561e+00
23430	2	6.0175482716677843e+03	1.5745410456517681e+00
23440	2	6.0334202982441120e+03	1.5998189019094242e+00
23450	2	6.0495437420923099e+03	1.6248242758213185e+00
23460	2	6.0659158720481728e+03	1.6495559516982805e+00
23470	2	6.0825339455164340e+03	1.6740128449204101e+00
23480	2	6.0993952097644496e+03	1.6981939992424546e+00
23490	2	6.1164969031836572e+03	1.7220985840275818e+00
23500	2	6.1338362565182197e+03	1.7457258914173834e+00
23510	2	6.1514104940602592e+03	1.7690753334458778e+00
23520	2	6.1692168348113782e+03	1.7921464391048685e+00
23530	2	6.1872524936265172e+03	1.8149388514698908e+00
23540	2	6.2055146823220475e+03	1.8374523260456028e+00
23550	2	6.2240006105396842e+03	1.8596867270677133e+00
23560	2	6.2427074871294417e+03	1.8816420239329152e+00
23570	2	6.2616325212340098e+03	1.9033182881852739e+00
23580	2	6.2807729232852553e+03	1.9247156904061347e+00
23590	2	6.3001259059649274e+03	1.9458344971008510e+00
23600	2	6.3196886851296276e+03	1.9666750675880118e+00
23610	2	6.3394584807002002e+03	1.9872378508963047e+00
23620	2	6.3594325175157110e+03	2.0075233826740799e+00
23630	2	6.3796080261937732e+03	2.0275322824934010e+00
23640	2	6.3999822437977982e+03	2.0472652519035330e+00
23650	2	6.4205524146349326e+03	2.0667230702463386e+00
23660	2	6.4413157912777842e+03	2.0859065916228818e+00
23670	2	6.4622696352899356e+03	2.1048167419202830e+00
23680	2	6.4834112179115973e+03	2.1234545158612654e+00
23690	2	6.5047378207115498e+03	2.1418209740937608e+00
23700	2	6.5262467362058869e+03	2.1599172403234386e+00
23710	2	6.5479352684440873e+03	2.1777444984918599e+00
23720	2	6.5698007335410994e+03	2.1953039905168268e+00
23730	2	6.5918404601573784e+03	2.2125970143144920e+00
23740	2	6.6140517902207148e+03	2.2296249198255884e+00
23750	2	6.6364320794857713e+03	2.2463891066769910e+00
23760	2	6.6589786979937207e+03	2.2628910216106326e+00
26920	1	6.6661189396837344e+03	-2.9179476450009387e+00
26930	1	6.6370050859070016e+03	-2.9047785273788773e+00
26940	1	6.6080242653119922e+03	-2.8913406196701077e+00
26950	1	6.5791791804602990e+03	-2.8776309566257017e+00
26960	1	6.5504725635251034e+03	-2.8636465673304854e+00
26970	1	6.5219071763939328e+03	-2.8493844771236962e+00
26980	1	6.4934858107482769e+03	-2.8348417096270531e+00
26990	1	6.4652112879679380e+03	-2.8200152887969745e+00
27000	1	6.4370864591031859e+03	-2.8049022399378138e+00
27010	1	6.4091142060322445e+03	-2.7894995922287302e+00
27020	1	6.3812974401081010e+03	-2.7738043820641392e+00
27030	1	6.3536391019885605e+03	-2.7578136556594957e+00
27040	1	6.3261421615903582e+03	-2.7415244717625389e+00
27050	1	6.2988096180122757e+03	-2.7249339044920906e+00
27060	1	6.2716444994257226e+03	-2.7080390463070874e+00
27070	1	6.2446498629314437e+03	-2.6908370111082887e+00
27080	1	6.2178287943808637e+03	-2.6733249374750354e+00
27090	1	6.1911844081605514e+03	-2.6554999920391582e+00
27100	1	6.1647198465808387e+03	-2.6373593726212037e+00
27110	1	6.1384382802441360e+03	-2.6189003104688378e+00
27120	1	6.1123429080749556e+03	-2.6001200751179225e+00
27130	1	6.0864369557701302e+03	-2.5810159786833959e+00
27140	1	6.0607236754041160e+03	-2.5615853799106496e+00
27150	1	6.0352063450059268e+03	-2.5418256883734438e+00
27160	1	6.0098882680897486e+03	-2.5217343688160363e+00
27170	1	5.9847727731376744e+03	-2.5013089456393485e+00
27180	1	5.9598632130329906e+03	-2.4805470075305589e+00
27190	1	5.9351629644424775e+03	-2.4594462122350502e+00
27200	1	5.9106754271461050e+03	-2.4380042914691811e+00
27210	1	5.8864040230363553e+03	-2.4162190556817800e+00
27220	1	5.8623521956254626e+03	-2.3940883976601288e+00
27230	1	5.8385234101488604e+03	-2.3716102988530028e+00
27240	1	5.8149211512779129e+03	-2.3487828352464297e+00
27250	1	5.7915489221458074e+03	-2.3256041828911833e+00
27260	1	5.7684102433821463e+03	-2.3020726235635753e+00
27270	1	5.7455086520864470e+03	-2.2781865505398895e+00
27280	1	5.7228477007393685e+03	-2.2539444744781223e+00
27290	1	5.7004309560503807e+03	-2.2293450293998212e+00
27300	1	5.6782619977408876e+03	-2.2043869787641475e+00
27310	1	5.6563444172616946e+03	-2.1790692216254448e+00
27320	1	5.6346818164315209e+03	-2.1533907988562828e+00
27330	1	5.6132778054514865e+03	-2.1273508982923510e+00
27340	1	5.5921360029562456e+03	-2.1009488604809352e+00
27350	1	5.5712600337114372e+03	-2.0741841863446284e+00
27360	1	5.5506535263305796e+03	-2.0470565435111951e+00
27370	1	5.5303201116401697e+03	-2.0195657727065468e+00
27380	1	5.5102634209765929e+03	-1.9917118941467675e+00
27390	1	5.4904870844149127e+03	-1.9634951139137420e+00
27400	1	5.4709947289295824e+03	-1.9349158302981095e+00
27410	1	5.4517899764873491e+03	-1.9059746400923663e+00
27420	1	5.4328764420727821e+03	-1.8766723448161735e+00
27430	1	5.4142577316471206e+03	-1.8470099568550404e+00
27440	1	5.3959374400262959e+03	-1.8169887054788834e+00
27450	1	5.3779191481385815e+03	-1.7866100413583033e+00
27460	1	5.3602064223387206e+03	-1.7558756420063359e+00
27470	1	5.3428028113570872e+03	-1.7247874186284693e+00
27480	1	5.3257118433223095e+03	-1.6933475213122056e+00
27490	1	5.3089370234082608e+03	-1.6615583441769530e+00
27500	1	5.2924818314261520e+03	-1.6294225302883762e+00
27510	1	5.2763497193640533e+03	-1.5969429763140308e+00
27520	1	5.2605441088763309e+03	-1.5641228368968314e+00
27530	1	5.2450683887258356e+03	-1.5309655287227895e+00
27540	1	5.2299259121819860e+03	-1.4974747342594148e+00
27550	1	5.2151199943778129e+03	-1.4636544051411935e+00
27560	1	5.2006539096296437e+03	-1.4295087651787728e+00
27570	1	5.1865308884213600e+03	-1.3950423123477740e+00
27580	1	5.1727541150216130e+03	-1.3602598191526527e+00
27590	1	5.1593267255772407e+03	-1.3251663363667472e+00
27600	1	5.1462518040782115e+03	-1.2897671940435773e+00
27610	1	5.1335323795740696e+03	-1.2540680022358563e+00
27620	1	5.1211714234279098e+03	-1.2180746512547203e+00
27630	1	5.1091718465652057e+03	-1.1817933114081349e+00
27640	1	5.0975364967227151e+03	-1.1452304322017846e+00
27650	1	5.0862681557027609e+03	-1.1083927409869359e+00
27660	1	5.0753695366383345e+03	-1.0712872410415215e+00
27670	1	5.0648432812746441e+03	-1.0339212090722580e+00
27680	1	5.0546919572728730e+03	-9.9630219212749960e-01
27690	1	5.0449180555419625e+03	-9.5843800391245915e-01
27700	1	5.0355239872931115e+03	-9.2033671921020455e-01
27710	1	5.0265120821184419e+03	-8.8200666791720317e-01
27720	1	5.0178845855538411e+03	-8.4345643181336527e-01
27730	1	5.0096436558552032e+03	-8.0469483768384731e-01
27740	1	5.0017913616323985e+03	-7.6573095057124740e-01
27750	1	4.9943296795510541e+03	-7.2657406643655909e-01
27760	1	4.9872604921050834e+03	-6.8723370423121632e-01
27770	1	4.9805855854656738e+03	-6.4771959739091534e-01
27780	1	4.9743066474123516e+03	-6.0804168476457099e-01
27790	1	4.9684252653516523e+03	-5.6821010099420521e-01
27800	1	4.9629429244286121e+03	-5.2823516636417600e-01
27810	1	4.9578610057362985e+03	-4.8812737614061957e-01
27820	1	4.9531807846121001e+03	-4.4789738935604700e-01
27830	1	4.9489034288390649e+03	-4.0755601494655702e-01
27840	1	4.9450299979337478e+03	-3.6711420088912705e-01
27850	1	4.9415614413265557e+03	-3.2658302255441141e-01
27860	1	4.9384985969595336e+03	-2.8597366937191004e-01
27870	1	4.9358421902547643e+03	-2.4529743167831045e-01
27880	1	4.9335928332098329e+03	-2.0456568727019983e-01
27890	1	4.9317510236231101e+03	-1.6378988769863995e-01
27900	1	4.9303171444511536e+03	-1.2298154434446995e-01
27910	1	4.9292914633001210e+03	-8.2152214314252014e-02
27920	1	4.9286741320528090e+03	-4.1313486197866713e-02
27930	1	4.9284651866324057e+03	-4.7696572949852966e-04
27940	1	4.9286645469037339e+03	4.0345738605882996e-02
27950	1	4.9292720166118452e+03	8.1143031204459815e-02
27960	1	4.9302872838091143e+03	1.2190334467696863e-01
27970	1	4.9317099212114808e+03	1.6261515198866244e-01
27980	1	4.9335393864267944e+03	2.0326698145676253e-01
27990	1	4.9357750226133676e+03	2.4384743077520213e-01
28000	1	4.9384160592728367e+03	2.8434518083027033e-01
28010	1	4.9414616131738094e+03	3.2474900927492495e-01
28020	1	4.9449106894036195e+03	3.6504780382365043e-01
28030	1	4.9487621825452998e+03	4.0523057523098832e-01
28040	1	4.9530148779763576e+03	4.4528646991872012e-01
28050	1	4.9576674532857114e+03	4.8520478221833341e-01
28060	1	4.9627184798047956e+03	5.2497496619746631e-01
28070	1	4.9681664242175129e+03	5.6458664834894179e-01
28080	1	4.9740096504162830e+03	6.0402963907102614e-01
28090	1	4.9802464213605590e+03	6.4329394131938344e-01
28100	1	4.9868749010044112e+03	6.8236976115796177e-01
28110	1	4.9938931564003815e+03	7.2124751708600099e-01
28120	1	5.0012991598875406e+03	7.5991784880434021e-01
28130	1	5.0090907913581250e+03	7.9837162540663786e-01
28140	1	5.0172658405969514e+03	8.3659995298358314e-01
28150	1	5.0258220096877576e+03	8.7459418163067359e-01
28160	1	5.0347569154804378e+03	9.1234591185268965e-01
28170	1	5.0440680921132825e+03	9.4984700036053371e-01
28180	1	5.0537529935905877e+03	9.8708956544876014e-01
28190	1	5.0638089964207647e+03	1.0240659935204917e+00
28200	1	5.0742334022154528e+03	1.0607689415521333e+00
28210	1	5.0850234405051860e+03	1.0971913403322582e+00
28220	1	5.0961762715273489e+03	1.1333263974196328e+00
28230	1	5.1076889890180028e+03	1.1691675992994379e+00
28240	1	5.1195586230162498e+03	1.2047087129634639e+00
28250	1	5.1317821426755227e+03	1.2399437869274210e+00
28260	1	5.1443564590762799e+03	1.2748671517001373e+00
28270	1	5.1572784280348133e+03	1.3094734197209990e+00
28280	1	5.1705448529030182e+03	1.3437574847832023e+00
28290	1	5.1841524873623775e+03	1.3777145210344970e+00
28300	1	5.1980980382556372e+03	1.4113399830889908e+00
28310	1	5.2123781681287228e+03	1.4446296032614760e+00
28320	1	5.2269894982040096e+03	1.4775793885402762e+00
28330	1	5.2419286111912779e+03	1.5101856179509914e+00
28340	1	5.2571920539961775e+03	1.5424448392837751e+00
28350	1	5.2727763403881854e+03	1.5743538654547584e+00
28360	1	5.2886779536246959e+03	1.6059097705252676e+00
28370	1	5.3048933490279269e+03	1.6371098854028034e+00
28380	1	5.3214189565117640e+03	1.6679517932474945e+00
28390	1	5.3382511830557969e+03	1.6984333246078167e+00
28400	1	5.3553864151637663e+03	1.7285525525991654e+00
28410	1	5.3728210212054873e+03	1.7583077891427152e+00
28420	1	5.3905513535550408e+03	1.7876975780452020e+00
28430	1	5.4085737512183168e+03	1.8167206892423162e+00
28440	1	5.4268845420912949e+03	1.8453761129624922e+00
28450	1	5.4454800451263791e+03	1.8736630536796250e+00
28460	1	5.4643565724321270e+03	1.9015809239505053e+00
28470	1	5.4835104313054217e+03	1.9291293381570993e+00
28480	1	5.5029379261953372e+03	1.9563081061730649e+00
28490	1	5.5226353605981940e+03	1.9831172269729800e+00
28500	1	5.5425990389035260e+03	2.0095568822982317e+00
28510	1	5.5628252682004431e+03	2.0356274315979501e+00
28520	1	5.5833103596913970e+03	2.0613294048875708e+00
28530	1	5.6040506307408950e+03	2.0866634958054293e+00
28540	1	5.6250424065461211e+03	2.1116305552603762e+00
28550	1	5.6462820216641103e+03	2.1362315850022897e+00
28560	1	5.6677658214696257e+03	2.1604677312413312e+00
28570	1	5.6894901635444585e+03	2.1843402783276469e+00
28580	1	5.7114514189988640e+03	2.2078506425024038e+00
28590	1	5.7336459737260857e+03	2.2310003657301647e+00
28600	1	5.7560702296452464e+03	2.2537911099809906e+00
28610	1	5.7787206057111489e+03	2.2762246524124925e+00
28620	1	5.8015935389787483e+03	2.2983028783187707e+00
28630	1	5.8246854859868636e+03	2.3200277753448639e+00
28640	1	5.8479929237458127e+03	2.3414014278343704e+00
28650	1	5.8715123506540876e+03	2.3624260112819182e+00
28660	1	5.8952402873554047e+03	2.3831037869154046e+00
28670	1	5.9191732775375476e+03	2.4034370964120844e+00
28680	1	5.9433078886744906e+03	2.4234283567518995e+00
28690	1	5.9676407126976037e+03	2.4430800556764027e+00
28700	1	5.9921683665789187e+03	2.4623947476911732e+00
28710	1	6.0168874931580276e+03	2.4813750479874752e+00
28720	1	6.0417947618043745e+03	2.5000236281407617e+00
28730	1	6.0668868689292849e+03	2.5183432116760009e+00
28740	1	6.0921605384492104e+03	2.5363365697614175e+00
28750	1	6.1176125222128658e+03	2.5540065170718016e+00
28760	1	6.1432396003800923e+03	2.5713559082412192e+00
28770	1	6.1690385816803318e+03	2.5883876340298850e+00
28780	1	6.1950063039871284e+03	2.6051046172562478e+00
28790	1	6.2211396346265692e+03	2.6215098091934812e+00
28800	1	6.2474354706092618e+03	2.6376061861133544e+00
28810	1	6.2738907388244616e+03	2.6533967459704493e+00
28820	1	6.3005023962936220e+03	2.6688845053599488e+00
28830	1	6.3272674300532117e+03	2.6840724970976058e+00
28840	1	6.3541828574772808e+03	2.6989637668976592e+00
28850	1	6.3812457265682615e+03	2.7135613703828909e+00
28860	1	6.4084531160098704e+03	2.7278683704161311e+00
28870	1	6.4358021351898333e+03	2.7418878345577067e+00
28880	1	6.4632899241937503e+03	2.7556228326458299e+00
28890	1	6.4909136538454295e+03	2.7690764345305885e+00
28900	1	6.5186705255747502e+03	2.7822517086022738e+00
28910	1	6.5465577711410288e+03	2.7951517197064160e+00
28920	1	6.5745726530556713e+03	2.8077795266005183e+00
28930	1	6.6027124645078293e+03	2.8201381800644412e+00
28940	1	6.6309745292409598e+03	2.8322307211317526e+00
28950	1	6.6593562014082836e+03	2.8440601794224025e+00
30320	3	6.6404683148853164e+03	-3.5774958274287383e+00
30330	3	6.6047163356131359e+03	-3.5728684744963615e+00
30340	3	6.5690115979690218e+03	-3.5680468890096151e+00
30350	3	6.5333560605573211e+03	-3.5630277194215312e+00
30360	3	6.4977517159917925e+03	-3.5578075411522843e+00
30370	3	6.4622005909461304e+03	-3.5523828545399216e+00
30380	3	6.4267047482976159e+03	-3.5467500813057677e+00
30390	3	6.3912662886234020e+03	-3.5409055650106782e+00
30400	3	6.3558873489556881e+03	-3.5348455702224144e+00
30410	3	6.3205701036434803e+03	-3.5285662810669214e+00
30420	3	6.2853167652456532e+03	-3.5220637997872513e+00
30430	3	6.2501295854359350e+03	-3.5153341453109861e+00
30440	3	6.2150108559195414e+03	-3.5083732518296076e+00
30450	3	6.1799629093613066e+03	-3.5011769673934703e+00
30460	3	6.1449881203249979e+03	-3.4937410525263521e+00
30470	3	6.1100889062234410e+03	-3.4860611788639071e+00
30480	3	6.0752677282791346e+03	-3.4781329278206203e+00
30490	3	6.0405270924876731e+03	-3.4699517892872684e+00
30500	3	6.0058695497373856e+03	-3.4615131591207389e+00
30510	3	5.9712976989524468e+03	-3.4528123367122725e+00
30520	3	5.9368141872215301e+03	-3.4438445258589376e+00
30530	3	5.9024217096018892e+03	-3.4346048337527204e+00
30540	3	5.8681230101731371e+03	-3.4250882699052250e+00
30550	3	5.8339208830988282e+03	-3.4152897451423501e+00
30560	3	5.7998181736949318e+03	-3.4052040706768567e+00
30570	3	5.7658177795043239e+03	-3.3948259572675141e+00
30580	3	5.7319226513762169e+03	-3.3841500144737808e+00
30590	3	5.6981357945493455e+03	-3.3731707500157708e+00
30600	3	5.6644602697377459e+03	-3.3618825692497714e+00
30610	3	5.6308991942177381e+03	-3.3502797747702515e+00
30620	3	5.5974557425786052e+03	-3.3383565657895948e+00
30630	3	5.5641331480287008e+03	-3.3261070358884499e+00
30640	3	5.5309347049544313e+03	-3.3135251745862910e+00
30650	3	5.4978637680145257e+03	-3.3006048681974867e+00
30660	3	5.4649237531232720e+03	-3.2873399001832890e+00
30670	3	5.4321181385554692e+03	-3.2737239517392624e+00
30680	3	5.3994504660413986e+03	-3.2597506026027965e+00
30690	3	5.3669243418493843e+03	-3.2454133320974452e+00
30700	3	5.3345434378532927e+03	-3.2307055204315733e+00
30710	3	5.3023114925822656e+03	-3.2156204502697583e+00
30720	3	5.2702323122496482e+03	-3.2001513085960802e+00
30730	3	5.2383097717578903e+03	-3.1842911888893433e+00
30740	3	5.2065478154248649e+03	-3.1680330933221148e+00
30750	3	5.1749504580019584e+03	-3.1513699335604457e+00
30760	3	5.1435217869894013e+03	-3.1342945354166356e+00
30770	3	5.1122659617452327e+03	-3.1167996430322824e+00
30780	3	5.0811872142135180e+03	-3.0988779228470067e+00
30790	3	5.0502898497565502e+03	-3.0805219680622828e+00
30800	3	5.0195782479365998e+03	-3.0617243035771460e+00
30810	3	4.9890568632422728e+03	-3.0424773914217789e+00
30820	3	4.9587302257541360e+03	-3.0227736367155811e+00
30830	3	4.9286029417440641e+03	-3.0026053941767752e+00
30840	3	4.8986796942024221e+03	-2.9819649752109316e+00
30850	3	4.8689652432870298e+03	-2.9608446556061656e+00
30860	3	4.8394644262448701e+03	-2.9392366829418144e+00
30870	3	4.8101821586752212e+03	-2.9171332842644349e+00
30880	3	4.7811234346391839e+03	-2.8945266775961009e+00
30890	3	4.7522933256462011e+03	-2.8714090821788214e+00
30900	3	4.7236969806610923e+03	-2.8477727295605875e+00
30910	3	4.6953396259951387e+03	-2.8236098754510213e+00
30920	3	4.6672265650706813e+03	-2.7989128123697977e+00
30930	3	4.6393631780509686e+03	-2.7736738831117118e+00
30940	3	4.6117549213266893e+03	-2.7478854950505647e+00
30950	3	4.5844073268505726e+03	-2.7215401353023854e+00
30960	3	4.5573260013111103e+03	-2.6946303867661658e+00
30970	3	4.5305166249318727e+03	-2.6671489446327947e+00
30980	3	4.5039849505078655e+03	-2.6390886323909846e+00
30990	3	4.4777368027838365e+03	-2.6104424222472855e+00
31000	3	4.4517780756754364e+03	-2.5812034548046454e+00
31010	3	4.4261147304882579e+03	-2.5513650595470363e+00
31020	3	4.4007527939922511e+03	-2.5209207762946009e+00
31030	3	4.3756983562724727e+03	-2.4898643775679083e+00
31040	3	4.3509575683468465e+03	-2.4581898918475833e+00
31050	3	4.3265366395419269e+03	-2.4258916277092619e+00
31060	3	4.3024418346176508e+03	-2.3929641988071624e+00
31070	3	4.2786794706327519e+03	-2.3594025496727942e+00
31080	3	4.2552559133171253e+03	-2.3252019815759102e+00
31090	3	4.2321775738489432e+03	-2.2903581784558136e+00
31100	3	4.2094509050561628e+03	-2.2548672365989644e+00
31110	3	4.1870823963500407e+03	-2.2187256928323045e+00
31120	3	4.1650785692310574e+03	-2.1819305535277507e+00
31130	3	4.1434459725099932e+03	-2.1444793240593087e+00
31140	3	4.1221911772273252e+03	-2.1063700386007125e+00
31150	3	4.1013207712678031e+03	-2.0676012901576271e+00
31160	3	4.0808413536680951e+03	-2.0281722607180823e+00
31170	3	4.0607595286167916e+03	-1.9880827513946013e+00
31180	3	4.0410818990936750e+03	-1.9473332122215778e+00
31190	3	4.0218150602207602e+03	-1.9059247701110222e+00
31200	3	4.0029655928780344e+03	-1.8638592594170735e+00
31210	3	3.9845400558007445e+03	-1.8211392505770163e+00
31220	3	3.9665449780408144e+03	-1.7777680777442912e+00
31230	3	3.9489868512522939e+03	-1.7337498656080526e+00
31240	3	3.9318721217081925e+03	-1.6890895550513738e+00
31250	3	3.9152071820610295e+03	-1.6437929274521108e+00
31260	3	3.8989983628614305e+03	-1.5978666274257578e+00
31270	3	3.8832519238510722e+03	-1.5513181838058616e+00
31280	3	3.8679740449912724e+03	-1.5041560279301458e+00
31290	3	3.8531708175458566e+03	-1.4563895095757373e+00
31300	3	3.8388482347145514e+03	-1.4080289127775703e+00
31310	3	3.8250121819992833e+03	-1.3590854671492056e+00
31320	3	3.8116684277484196e+03	-1.3095713569291840e+00
31330	3	3.7988226136204048e+03	-1.2594997270768813e+00
31340	3	3.7864802449950175e+03	-1.2088846862309222e+00
31350	3	3.7746466813641632e+03	-1.1577413063655921e+00
31360	3	3.7633271266932511e+03	-1.1060856187842443e+00
31370	3	3.7525266199165817e+03	-1.0539346057202021e+00
31380	3	3.7422500256392236e+03	-1.0013061899576294e+00
31390	3	3.7325020244916168e+03	-9.4821921975212420e-01
31400	3	3.7232871039884121e+03	-8.9469345002575329e-01
31410	3	3.7146095496105859e+03	-8.4074951971403111e-01
31420	3	3.7064734361261990e+03	-7.8640892520197803e-01
31430	3	3.6988826191886778e+03	-7.3169398986210921e-01
31440	3	3.6918407272477734e+03	-6.7662782969482804e-01
31450	3	3.6853511538001235e+03	-6.2123431416458130e-01
31460	3	3.6794170501507069e+03	-5.6553802479325299e-01
31470	3	3.6740413183739056e+03	-5.0956420998565566e-01
31480	3	3.6692266048803235e+03	-4.5333873610744951e-01
31490	3	3.6649752945225518e+03	-3.9688803559032410e-01
31500	3	3.6612895052269314e+03	-3.4023905208378447e-01
31510	3	3.6581710831794876e+03	-2.8341918290418161e-01
31520	3	3.6556215985657291e+03	-2.2645621854460887e-01
31530	3	3.6536423420148576e+03	-1.6937828025773272e-01
31540	3	3.6522343215496094e+03	-1.1221375645300249e-01
31550	3	3.6513982602112965e+03	-5.4991237122098177e-02
31560	3	3.6511345943990877e+03	2.2605526448054346e-03
31570	3	3.6514434728700635e+03	5.9512819887168028e-02
31580	3	3.6523247564056046e+03	1.1673677137641315e-01
31590	3	3.6537780181317798e+03	1.7390368147210022e-01
31600	3	3.6558025445486965e+03	2.3098496000920088e-01
31610	3	3.6583973372206619e+03	2.8795221839366247e-01
31620	3	3.6615611150789332e+03	3.4477733518588050e-01
31630	3	3.6652923174363982e+03	4.0143252000230417e-01
31640	3	3.6695891076256639e+03	4.5789037559983564e-01
31650	3	3.6744493772394594e+03	5.1412395783350628e-01
31660	3	3.6798707509505502e+03	5.7010683318803479e-01
31670	3	3.6858505918868550e+03	6.2581313376135028e-01
31680	3	3.6923860075281877e+03	6.8121761018354510e-01
31690	3	3.6994738561099698e+03	7.3629567965358955e-01
31700	3	3.7071107535558608e+03	7.9102347144032292e-01
31710	3	3.7152930808316182e+03	8.4537786871559351e-01
31720	3	3.7240169916883592e+03	8.9933654662720119e-01
31730	3	3.7332784207596478e+03	9.5287800658996580e-01
31740	3	3.7430730919742227e+03	1.0059816067222949e+00
31750	3	3.7533965272457285e+03	1.0586275883862863e+00
31760	3	3.7642440554508012e+03	1.1107970993806806e+00
31770	3	3.7756108214509873e+03	1.1624722132805345e+00
31780	3	3.7874917954291718e+03	1.2136359436776183e+00
31790	3	3.7998817824862931e+03	1.2642722555326122e+00
31800	3	3.8127754322070227e+03	1.3143660725338524e+00
31810	3	3.8261672482728231e+03	1.3639032808726901e+00
31820	3	3.8400515980875157e+03	1.4128707295695306e+00
31830	3	3.8544227223817761e+03	1.4612562275006733e+00
31840	3	3.8692747447645379e+03	1.5090485372908224e+00
31850	3	3.8846016812055509e+03	1.5562373663155726e+00
31860	3	3.9003974494796466e+03	1.6028133561789435e+00
31870	3	3.9166558780536639e+03	1.6487680677954526e+00
31880	3	3.9333707155072480e+03	1.6940939643223256e+00
31890	3	3.9505356395637814e+03	1.7387843923279434e+00
31900	3	3.9681442658229462e+03	1.7828335608054808e+00
31910	3	3.9861901562668454e+03	1.8262365184268650e+00
31920	3	4.0046668275233442e+03	1.8689891292412677e+00
31930	3	4.0235677588722406e+03	1.9110880470190486e+00
31940	3	4.0428863999820087e+03	1.9525306884370199e+00
31950	3	4.0626161783719263e+03	1.9933152053076590e+00
31960	3	4.0827505067727539e+03	2.0334404571725826e+00
31970	3	4.1032827894645698e+03	2.0729059822518625e+00
31980	3	4.1242064292429368e+03	2.1117119669751170e+00
31990	3	4.1455148340071182e+03	2.1498592162237014e+00
32000	3	4.1672014227894715e+03	2.1873491231944016e+00
32010	3	4.1892596314762513e+03	2.2241836392565921e+00
32020	3	4.2116829182206011e+03	2.2603652439293827e+00
32030	3	4.2344647685497785e+03	2.2958969150950694e+00
32040	3	4.2575987001696949e+03	2.3307820995548405e+00
32050	3	4.2810782674710117e+03	2.3650246840223952e+00
32060	3	4.3048970658143171e+03	2.3986289667979404e+00
32070	3	4.3290487355577889e+03	2.4315996314883663e+00
32080	3	4.3535269649744841e+03	2.4639417189645498e+00
32090	3	4.3783254944712526e+03	2.4956606004170392e+00
32100	3	4.4034381198752453e+03	2.5267619516494055e+00
32110	3	4.4288586953402773e+03	2.5572517281008329e+00
32120	3	4.4545811360012294e+03	2.5871361407185529e+00
32130	3	4.4805994203854425e+03	2.6164216327067926e+00
32140	3	4.5069075925899915e+03	2.6451148571720422e+00
32150	3	4.5334997642343915e+03	2.6732226556787797e+00
32160	3	4.5603701161978779e+03	2.7007520377236198e+00
32170	3	4.5875129002080294e+03	2.7277101612060917e+00
32180	3	4.6149224404460874e+03	2.7541043152835800e+00
32190	3	4.6425931336131398e+03	2.7799419023343286e+00
32200	3	4.6705194508994909e+03	2.8052304201424807e+00
32210	3	4.6986959390910306e+03	2.8299774459197700e+00
32220	3	4.7271172212668107e+03	2.8541906211418793e+00
32230	3	4.7557779973435818e+03	2.8778776372452932e+00
32240	3	4.7846730444759296e+03	2.9010462221641831e+00
32250	3	4.8137972173205380e+03	2.9237041276850788e+00
32260	3	4.8431454481728688e+03	2.9458591175954734e+00
32270	3	4.8727127469842699e+03	2.9675189566013360e+00
32280	3	4.9024942012672618e+03	2.9886913999873292e+00
32290	3	4.9324849762063914e+03	3.0093841844713269e+00
32300	3	4.9626803138688829e+03	3.0296050210004575e+00
32310	3	4.9930755323836365e+03	3.0493615850147977e+00
32320	3	5.0236660266584568e+03	3.0686615083719229e+00
32330	3	5.0544472679078617e+03	3.0875123722595026e+00
32340	3	5.0854148030850902e+03	3.1059217006806978e+00
32350	3	5.1165642542466294e+03	3.1238969544925088e+00
32360	3	5.1478913178549055e+03	3.1414455259700644e+00
32370	3	5.1793917640244899e+03	3.1585747338702315e+00
32380	3	5.2110614357167815e+03	3.1752918189685202e+00
32390	3	5.2428962478880294e+03	3.1916039400437839e+00
32400	3	5.2748921865951315e+03	3.2075181702860029e+00
32410	3	5.3070453084687442e+03	3.2230414945915160e+00
32420	3	5.3393517390554352e+03	3.2381808086216264e+00
32430	3	5.3718076714014442e+03	3.2529429148122175e+00
32440	3	5.4044093663781377e+03	3.2673345196205736e+00
32450	3	5.4371531517019603e+03	3.2813622316567193e+00
32460	3	5.4700354209148954e+03	3.2950325601057884e+00
32470	3	5.5030526323460126e+03	3.3083519134247394e+00
32480	3	5.5362013080569623e+03	3.3213265982950770e+00
32490	3	5.5694780327739363e+03	3.3339628188139065e+00
32500	3	5.6028794528086682e+03	3.3462666759065947e+00
32510	3	5.6364022749707310e+03	3.3582441669450755e+00
32520	3	5.6700432654732276e+03	3.3699011855565981e+00
32530	3	5.7037992490007264e+03	3.3812435216897105e+00
32540	3	5.7376671079310618e+03	3.3922768635223384e+00
32550	3	5.7716437793924861e+03	3.4030067978178362e+00
32560	3	5.8057262559224928e+03	3.4134388086760907e+00
32570	3	5.8399115846992327e+03	3.4235782779804484e+00
32580	3	5.8741968664876304e+03	3.4334304860325267e+00
32590	3	5.9085792545882641e+03	3.4430006122939436e+00
32600	3	5.9430559537901718e+03	3.4522937362252892e+00
32610	3	5.9776242193286853e+03	3.4613148382131134e+00
32620	3	6.0122813558491971e+03	3.4700688005764078e+00
32630	3	6.0470247163779004e+03	3.4785604086444692e+00
32640	3	6.0818517013000046e+03	3.4867943518986011e+00
32650	3	6.1167597573465473e+03	3.4947752251705952e+00
32660	3	6.1517463768883617e+03	3.5025075301816293e+00
32670	3	6.1868090967140497e+03	3.5099956790682074e+00
32680	3	6.2219454958524657e+03	3.5172439944736329e+00
32690	3	6.2571531963624248e+03	3.5242567096993724e+00
32700	3	6.2924298625126803e+03	3.5310379700621208e+00
32710	3	6.3277731998693507e+03	3.5375918342780950e+00
32720	3	6.3631809543936552e+03	3.5439222758683941e+00
32730	3	6.3986509115502677e+03	3.5500331845813622e+00
32740	3	6.4341808954265261e+03	3.5559283678282494e+00
32750	3	6.4697687678627262e+03	3.5616115521286855e+00
32760	3	6.5054124275937220e+03	3.5670863845628120e+00
32770	3	6.5411098094019781e+03	3.5723564342270864e+00
32780	3	6.5768588832821797e+03	3.5774251936911132e+00
32790	3	6.6126576540963224e+03	3.5822960812492899e+00
32800	3	6.6485041596664432e+03	3.5869724442782469e+00
41240	3	6.6442766640545997e+03	-3.5128042528229479e+00
41250	3	6.6091808147143392e+03	-3.5063286336238622e+00
41260	3	6.5741508338413505e+03	-3.4996299044830912e+00
41270	3	6.5391889714297804e+03	-3.4927043638486110e+00
41280	3	6.5042975145758646e+03	-3.4855482384770853e+00
41290	3	6.4694787882731262e+03	-3.4781576824969491e+00
41300	3	6.4347351562141257e+03	-3.4705287765019195e+00
41310	3	6.4000690215982795e+03	-3.4626575266789748e+00
41320	3	6.3654828279453377e+03	-3.4545398639750644e+00
41330	3	6.3309790598870695e+03	-3.4461716432680083e+00
41340	3	6.2965602439232616e+03	-3.4375486416963130e+00
41350	3	6.2622289497278680e+03	-3.4286665580576727e+00
41360	3	6.2279877902404578e+03	-3.4195210128770888e+00
41370	3	6.1938394223707082e+03	-3.4101075478080602e+00
41380	3	6.1597865478606773e+03	-3.4004216251164592e+00
41390	3	6.1258319141489201e+03	-3.3904586272404291e+00
41400	3	6.0919783152355012e+03	-3.3802138564331448e+00
41410	3	6.0582285925428923e+03	-3.3696825344780863e+00
41420	3	6.0245856357814473e+03	-3.3588598017381228e+00
41430	3	5.9910523839585276e+03	-3.3477407171497870e+00
41440	3	5.9576318257832900e+03	-3.3363202588747103e+00
41450	3	5.9243270004342994e+03	-3.3245933243786157e+00
41460	3	5.8911409984321035e+03	-3.3125547307163754e+00
41470	3	5.8580769625049788e+03	-3.3001992149586528e+00
41480	3	5.8251380883798111e+03	-3.2875214347549018e+00
41490	3	5.7923276256565550e+03	-3.2745159685325977e+00
41500	3	5.7596488789734258e+03	-3.2611773162602149e+00
41510	3	5.7271052081748940e+03	-3.2474999010523273e+00
41520	3	5.6947000290852320e+03	-3.2334780704731210e+00
41530	3	5.6624368143237125e+03	-3.2191060980236341e+00
41540	3	5.6303190941004168e+03	-3.2043781848522270e+00
41550	3	5.5983504569901515e+03	-3.1892884617022101e+00
41560	3	5.5665345504824099e+03	-3.1738309908606213e+00
41570	3	5.5348750822246939e+03	-3.1579997678555642e+00
41580	3	5.5033758203818170e+03	-3.1417887247842984e+00
41590	3	5.4720405938717395e+03	-3.1251917335363810e+00
41600	3	5.4408732930203387e+03	-3.1082026091234947e+00
41610	3	5.4098778701776682e+03	-3.0908151133381971e+00
41620	3	5.3790583402923057e+03	-3.0730229587587283e+00
41630	3	5.3484187814399911e+03	-3.0548198131171640e+00
41640	3	5.3179633350900895e+03	-3.0361993038701449e+00
41650	3	5.2876962069594547e+03	-3.0171550224017016e+00
41660	3	5.2576216674328116e+03	-2.9976805300729139e+00
41670	3	5.2277440511429586e+03	-2.9777693645383105e+00
41680	3	5.1980677572382165e+03	-2.9574150461656545e+00
41690	3	5.1685972495877058e+03	-2.9366110849253069e+00
41700	3	5.1393370569114459e+03	-2.9153509877678228e+00
41710	3	5.1102917728300663e+03	-2.8936282665074713e+00
41720	3	5.0814660558288715e+03	-2.8714364462292208e+00
41730	3	5.0528646288240388e+03	-2.8487690739345650e+00
41740	3	5.0244922795881948e+03	-2.8256197269883851e+00
41750	3	4.9963538604028408e+03	-2.8019820238979984e+00
41760	3	4.9684542868228400e+03	-2.7778496352091655e+00
41770	3	4.9407985371677914e+03	-2.7532162947253913e+00
41780	3	4.9133916518971491e+03	-2.7280758113377335e+00
41790	3	4.8862387328599034e+03	-2.7024220814753375e+00
41800	3	4.8593449424121654e+03	-2.6762491021854768e+00
41810	3	4.8327155023962532e+03	-2.6495509848497365e+00
41820	3	4.8063556929635279e+03	-2.6223219695345144e+00
41830	3	4.7802708508489486e+03	-2.5945564391684921e+00
41840	3	4.7544663690296184e+03	-2.5662489345836117e+00
41850	3	4.7289476943863510e+03	-2.5373941717022794e+00
41860	3	4.7037203254107353e+03	-2.5079870584115036e+00
41870	3	4.6787898102672298e+03	-2.4780227120423217e+00
41880	3	4.6541617446730233e+03	-2.4474964774535031e+00
41890	3	4.6298417695894486e+03	-2.4164039457008575e+00
41900	3	4.6058355687190278e+03	-2.3847409732689302e+00
41910	3	4.5821488658024382e+03	-2.3525037018373078e+00
41920	3	4.5587874217100061e+03	-2.3196885785484702e+00
41930	3	4.5357570310260362e+03	-2.2862923762378511e+00
41940	3	4.5130635192398649e+03	-2.2523122133123605e+00
41950	3	4.4907127395084635e+03	-2.2177455764535878e+00
41960	3	4.4687105679021442e+03	-2.1825903423854429e+00
41970	3	4.4470628994474710e+03	-2.1468447998983344e+00
41980	3	4.4257756439592376e+03	-2.1105076720674387e+00
41990	3	4.4048547216445968e+03	-2.0735781385821750e+00
42000	3	4.3843060584783125e+03	-2.0360558581065957e+00
42010	3	4.3641355813491145e+03	-1.9979409905840639e+00
42020	3	4.3443492129778933e+03	-1.9592342193932728e+00
42030	3	4.3249528666077340e+03	-1.9199367732545045e+00
42040	3	4.3059524400474656e+03	-1.8800504466827641e+00
42050	3	4.2873538109573201e+03	-1.8395776205579462e+00
42060	3	4.2691628304983269e+03	-1.7985212837714415e+00
42070	3	4.2513853165473838e+03	-1.7568850527112190e+00
42080	3	4.2340270473918508e+03	-1.7146731901927339e+00
42090	3	4.2170937552339883e+03	-1.6718906234373490e+00
42100	3	4.2005911195152003e+03	-1.6285429609668631e+00
42110	3	4.1845247600713383e+03	-1.5846365082804974e+00
42120	3	4.1689002301317259e+03	-1.5401782821794325e+00
42130	3	4.1537230091758702e+03	-1.4951760236036844e+00
42140	3	4.1389984956631524e+03	-1.4496382088465893e+00
42150	3	4.1247319993810806e+03	-1.4035740582404523e+00
42160	3	4.1109287344146069e+03	-1.3569935423772148e+00
42170	3	4.0975938119941293e+03	-1.3099073894781483e+00
42180	3	4.0847322320218204e+03	-1.2623270882331641e+00
42190	3	4.0723488755055828e+03	-1.2142648889239798e+00
42200	3	4.0604484970036483e+03	-1.1657338022284873e+00
42210	3	4.0490357170868983e+03	-1.1167475955888946e+00
42220	3	4.0381150148435154e+03	-1.0673207870603836e+00
42230	3	4.0276907204512981e+03	-1.0174686365690744e+00
42240	3	4.0177670078436677e+03	-9.6720713452162932e-01
42250	3	4.0083478874958864e+03	-9.1655298772337102e-01
42260	3	3.9994371993458981e+03	-8.6552360254411564e-01
42270	3	3.9910386055533504e+03	-8.1413706348049064e-01
42280	3	3.9831555847661880e+03	-7.6241211159970756e-01
42290	3	3.9757914251645257e+03	-7.1036812035654628e-01
42300	3	3.9689492179493841e+03	-6.5802506739389599e-01
42310	3	3.9626318515049879e+03	-6.0540350432172452e-01
42320	3	3.9568420058690249e+03	-5.5252452399387297e-01
42330	3	3.9515821475351668e+03	-4.9940972538339135e-01
42340	3	3.9468545246112653e+03	-4.4608117617610421e-01
42350	3	3.9426611623550248e+03	-3.9256137321939960e-01
42360	3	3.9390038591078710e+03	-3.3887320098124207e-01
42370	3	3.9358841826458961e+03	-2.8503988819031811e-01
42380	3	3.9333034669618928e+03	-2.3108496282967089e-01
42390	3	3.9312628092494047e+03	-1.7703220372339115e-01
42400	3	3.9297630682258064e+03	-1.2290559345360638e-01
42410	3	3.9288048620839736e+03	-6.8729270849637800e-02
42420	3	3.9283885669082856e+03	-1.4527480754528161e-02
42430	3	3.9285143159122949e+03	3.9675475905144829e-02
42440	3	3.9291819991698662e+03	9.3855292324719453e-02
42450	3	3.9303912638412485e+03	1.4798770605701214e-01
42460	3	3.9321415148930237e+03	2.0204854903235803e-01
42470	3	3.9344319163085111e+03	2.5601379711960609e-01
42480	3	3.9372613927828197e+03	3.0985961898835379e-01
42490	3	3.9406286318943439e+03	3.6356242403895689e-01
42500	3	3.9445320867422843e+03	4.1709890917504572e-01
42510	3	3.9489699789940901e+03	4.7044610482622401e-01
42520	3	3.9539403024184262e+03	5.2358142111106887e-01
42530	3	3.9594408270988133e+03	5.7648268687898641e-01
42540	3	3.9654691035928986e+03	6.2912819082558147e-01
42550	3	3.9720224677446654e+03	6.8149671965454583e-01
42560	3	3.9790980458804243e+03	7.3356759379774261e-01
42570	3	3.9866927603424938e+03	7.8532070075777871e-01
42580	3	3.9948033353362362e+03	8.3673652596736514e-01
42590	3	4.0034263030652351e+03	8.8779618107878100e-01
42600	3	4.0125580101285400e+03	9.3848142961576142e-01
42610	3	4.0221946241535088e+03	9.8877470993909211e-01
42620	3	4.0323321406372283e+03	1.0386591554958386e+00
42630	3	4.0429663899694597e+03	1.0881186123404982e+00
42640	3	4.0540930446302405e+03	1.1371376548353211e+00
42650	3	4.0657076264586808e+03	1.1857015999717029e+00
42660	3	4.0778055140296105e+03	1.2337965134461588e+00
42670	3	4.0903819503411123e+03	1.2814092176441707e+00
42680	3	4.1034320504393681e+03	1.3285272959871295e+00
42690	3	4.1169508090601976e+03	1.3751390946927939e+00
42700	3	4.1309331082686476e+03	1.4212337221628883e+00
42710	3	4.1453737250735285e+03	1.4668010461000343e+00
42720	3	4.1602673389948513e+03	1.5118316884647289e+00
42730	3	4.1756085395633008e+03	1.5563170183904365e+00
42740	3	4.1913918337320974e+03	1.6002491431808190e+00
42750	3	4.2076116531828629e+03	1.6436208975178099e+00
42760	3	4.2242623615102539e+03	1.6864258310242304e+00
42770	3	4.2413382614124866e+03	1.7286581963400398e+00
42780	3	4.2588336011728461e+03	1.7703129334010856e+00
42790	3	4.2767425816644936e+03	1.8113856512679247e+00
42800	3	4.2950593632063401e+03	1.8518726110761312e+00
42810	3	4.3137780720012352e+03	1.8917707072411256e+00
42820	3	4.3328928063745570e+03	1.9310774478045525e+00
42830	3	4.3523976428055103e+03	1.9697909340487600e+00
42840	3	4.3722866417444666e+03	2.0079098395014983e+00
42850	3	4.3925538532111823e+03	2.0454333884486715e+00
42860	3	4.4131933221696172e+03	2.0823613340672527e+00
42870	3	4.4341990936763423e+03	2.1186939362851844e+00
42880	3	4.4555652178005030e+03	2.1544319394690605e+00
42890	3	4.4772857544725130e+03	2.1895765510569718e+00
42900	3	4.4993547776147443e+03	2.2241294206151632e+00
42910	3	4.5217663793224165e+03	2.2580926151811918e+00
42920	3	4.5445146744891972e+03	2.2914685976938727e+00
42930	3	4.5675938046618767e+03	2.3242602050570715e+00
42940	3	4.5909979416641399e+03	2.3564706264870634e+00
42950	3	4.6147212909991613e+03	2.3881033822187794e+00
42960	3	4.6387580950350484e+03	2.4191623026221025e+00
42970	3	4.6631026359776733e+03	2.4496515077735674e+00
42980	3	4.6877492386358390e+03	2.4795753875231279e+00
42990	3	4.7126922729841153e+03	2.5089385820903538e+00
43000	3	4.7379261565290426e+03	2.5377459632193382e+00
43010	3	4.7634453567217306e+03	2.5660026171584431e+00
43020	3	4.7892443923363444e+03	2.5937138277740526e+00
43030	3	4.8153178355724731e+03	2.6208850576928775e+00
43040	3	4.8416603142616395e+03	2.6475219321723094e+00
43050	3	4.8682665134011722e+03	2.6736302232618550e+00
43060	3	4.8951311765270275e+03	2.6992158346089132e+00
43070	3	4.9222491069322323e+03	2.7242847869104345e+00
43080	3	4.9496151687375468e+03	2.7488432040091539e+00
43090	3	4.9772242878209945e+03	2.7728972996305257e+00
43100	3	5.0050714526128513e+03	2.7964533647541407e+00
43110	3	5.0331517147625318e+03	2.8195177556113791e+00
43120	3	5.0614601897738212e+03	2.8420968825451700e+00
43130	3	5.0899920574276957e+03	2.8641972011063270e+00
43140	3	5.1187425614883878e+03	2.8858252005138909e+00
43150	3	5.1477070108593853e+03	2.9069873935598372e+00
43160	3	5.1768807798481648e+03	2.9276903075806930e+00
43170	3	5.2062593082438407e+03	2.9479404758972252e+00
43180	3	5.2358381013067210e+03	2.9677444297848621e+00
43190	3	5.2656127296751874e+03	2.9871086909574429e+00
43200	3	5.2955788291951312e+03	3.0060397645464887e+00
43210	3	5.3257321006769880e+03	3.0245441325579554e+00
43220	3	5.3560683095851991e+03	3.0426282477881177e+00
43230	3	5.3865832857398063e+03	3.0602985283468489e+00
43240	3	5.4172729229130509e+03	3.0775613541256068e+00
43250	3	5.4481331777054829e+03	3.0944230610410317e+00
43260	3	5.4791600699559949e+03	3.1108899358982689e+00
43270	3	5.5103496823182186e+03	3.1269682123427751e+00
43280	3	5.5416981596785627e+03	3.1426640671061090e+00
43290	3	5.5732017085337757e+03	3.1579836165874942e+00
43300	3	5.6048565963315250e+03	3.1729329137542961e+00
43310	3	5.6366591507772127e+03	3.1875179453450064e+00
43320	3	5.6686057591101853e+03	3.2017446293586929e+00
43330	3	5.7006928673522234e+03	3.2156188128153866e+00
43340	3	5.7329169797120103e+03	3.2291462703730920e+00
43350	3	5.7652746573229797e+03	3.2423327038247662e+00
43360	3	5.7977625175856065e+03	3.2551837390614851e+00
43370	3	5.8303772340020969e+03	3.2677049246208427e+00
43380	3	5.8631155353657805e+03	3.2799017305535587e+00
43390	3	5.8959742049326560e+03	3.2917795474773217e+00
43400	3	5.9289500795803788e+03	3.3033436858086733e+00
43410	3	5.9620400489563699e+03	3.3145993751612828e+00
43420	3	5.9952410546170113e+03	3.3255517638997318e+00
43430	3	6.0285500891594138e+03	3.3362059188381421e+00
43440	3	6.0619641954755898e+03	3.3465668254791203e+00
43450	3	6.0954804655590715e+03	3.3566393892664927e+00
43460	3	6.1290960396606433e+03	3.3664284343446540e+00
43470	3	6.1628081060860632e+03	3.3759387034658044e+00
43480	3	6.1966139003553280e+03	3.3851748582510233e+00
43490	3	6.2305107043501730e+03	3.3941414795369611e+00
43500	3	6.2644958454617672e+03	3.4028430678082064e+00
43510	3	6.2985666957395561e+03	3.4112840437083012e+00
43520	3	6.3327206710421096e+03	3.4194687486227360e+00
43530	3	6.3669552302106149e+03	3.4274014453651955e+00
43540	3	6.4012678742936714e+03	3.4350863199474913e+00
43550	3	6.4356561452772385e+03	3.4425274822554104e+00
43560	3	6.4701176259481390e+03	3.4497289659220338e+00
43570	3	6.5046499392489304e+03	3.4566947291745698e+00
43580	3	6.5392507474830945e+03	3.4634286557083254e+00
43590	3	6.5739177515257215e+03	3.4699345555970176e+00
43600	3	6.6086486900401260e+03	3.4762161662353437e+00
43610	3	6.6434413387008090e+03	3.4822771533099277e+00
52480	3	6.6600367811190299e+03	-1.6417393958717847e+00
52490	3	6.6437296772920390e+03	-1.6196471152781751e+00
52500	3	6.6276445101120480e+03	-1.5973523084647803e+00
52510	3	6.6117832989927711e+03	-1.5748562357400822e+00
52520	3	6.5961480500977214e+03	-1.5521602420931473e+00
52530	3	6.5807407555411310e+03	-1.5292657583350404e+00
52540	3	6.5655633925739685e+03	-1.5061743021840592e+00
52550	3	6.5506179227551802e+03	-1.4828874792912037e+00
52560	3	6.5359062911089650e+03	-1.4594069842023687e+00
52570	3	6.5214304252685361e+03	-1.4357346012537036e+00
52580	3	6.5071922346069823e+03	-1.4118722053966095e+00
52590	3	6.4931936093558907e+03	-1.3878217629488590e+00
52600	3	6.4794364195208727e+03	-1.3635853318481501e+00
52610	3	6.4659225140290955e+03	-1.3391650600513241e+00
52620	3	6.4526537208677164e+03	-1.3145631880410760e+00
52630	3	6.4396318449609944e+03	-1.2897820493960557e+00
52640	3	6.4268586671955718e+03	-1.2648240710192808e+00
52650	3	6.4143359435384173e+03	-1.2396917733594450e+00
52660	3	6.4020654041488915e+03	-1.2143877705365744e+00
52670	3	6.3900487524857663e+03	-1.1889147703691370e+00
52680	3	6.3782876644102107e+03	-1.1632755742999750e+00
52690	3	6.3667837872856398e+03	-1.1374730772184383e+00
52700	3	6.3555387390753449e+03	-1.1115102671763331e+00
52710	3	6.3445541074389794e+03	-1.0853902249954537e+00
52720	3	6.3338314488270244e+03	-1.0591161237613762e+00
52730	3	6.3233722872139415e+03	-1.0326912267770403e+00
52740	3	6.3131781141033935e+03	-1.0061188863513368e+00
52750	3	6.3032503873133410e+03	-9.7940254462564080e-01
52760	3	6.2935905295760631e+03	-9.5254573227521633e-01
52770	3	6.2841999277075411e+03	-9.2555206741819884e-01
52780	3	6.2750799317839965e+03	-8.9842525440762033e-01
52790	3	6.2662318543266374e+03	-8.7116908250602110e-01
52800	3	6.2576569694957298e+03	-8.4378742444248755e-01
52810	3	6.2493565122950640e+03	-8.1628423485218193e-01
52820	3	6.2413316777879691e+03	-7.8866354859874110e-01
52830	3	6.2335836203259814e+03	-7.6092947898015539e-01
52840	3	6.2261134527911963e+03	-7.3308621581902811e-01
52850	3	6.2189222456476537e+03	-7.0513802255213198e-01
52860	3	6.2120110266176534e+03	-6.7708923278579514e-01
52870	3	6.2053807801218254e+03	-6.4894425001532674e-01
52880	3	6.1990324460289357e+03	-6.2070754491563807e-01
52890	3	6.1929669190357536e+03	-5.9238365286137684e-01
52900	3	6.1871850480726498e+03	-5.6397717135435699e-01
52910	3	6.1816876357306937e+03	-5.3549275735166224e-01
52920	3	6.1764754377112795e+03	-5.0693512449775013e-01
52930	3	6.1715491622990894e+03	-4.7830904026401966e-01
52940	3	6.1669094698593253e+03	-4.4961932299967544e-01
52950	3	6.1625569723599137e+03	-4.2087083889784749e-01
52960	3	6.1584922329177771e+03	-3.9206849887589040e-01
52970	3	6.1547157651798807e+03	-3.6321725404990468e-01
52980	3	6.1512280334306542e+03	-3.3432209219632103e-01
52990	3	6.1480294520153220e+03	-3.0538803577846541e-01
53000	3	6.1451203847654133e+03	-2.7642013824006162e-01
53010	3	6.1425011447432944e+03	-2.4742348056099697e-01
53020	3	6.1401719940165503e+03	-2.1840316776488922e-01
53030	3	6.1381331434627155e+03	-1.8936432538410294e-01
53040	3	6.1363847526046729e+03	-1.6031209588806361e-01
53050	3	6.1349269294769574e+03	-1.3125163508070029e-01
53060	3	6.1337597305233185e+03	-1.0218810847315313e-01
53070	3	6.1328831605256846e+03	-7.3126687637735430e-02
53080	3	6.1322971725037041e+03	-4.4072546123580345e-02
53090	3	6.1320016677642425e+03	-1.5030854163009873e-02
53100	3	6.1319964961648657e+03	1.3993223329752485e-02
53110	3	6.1322814558707614e+03	4.2994530533078133e-02
53120	3	6.1328562934781112e+03	7.1967924414257964e-02
53130	3	6.1337207041876090e+03	1.0090827835052318e-01
53140	3	6.1348743320091944e+03	1.2981048572352397e-01
53150	3	6.1363167699975802e+03	1.5866946348126768e-01
53160	3	6.1380475605182965e+03	1.8748015566162882e-01
53170	3	6.1400661955437263e+03	2.1623753687160135e-01
53180	3	6.1423721169787559e+03	2.4493661571666336e-01
53190	3	6.1449647169792879e+03	2.7357243858595209e-01
53200	3	6.1478433383717393e+03	3.0214009445652779e-01
53210	3	6.1510072752032038e+03	3.3063471661770649e-01
53220	3	6.1544557730344804e+03	3.5905148595169328e-01
53230	3	6.1581880294480125e+03	3.8738563406870336e-01
53240	3	6.1622031945908057e+03	4.1563244631541246e-01
53250	3	6.1665003717420732e+03	4.4378726469714214e-01
53260	3	6.1710786179046672e+03	4.7184549070980231e-01
53270	3	6.1759369444194144e+03	4.9980258807788508e-01
53280	3	6.1810743176014093e+03	5.2765408539499392e-01
53290	3	6.1864896593961539e+03	5.5539557868131739e-01
53300	3	6.1921818480239308e+03	5.8302273500150514e-01
53310	3	6.1981497187647246e+03	6.1053129477472234e-01
53320	3	6.2043920646666675e+03	6.3791707311449330e-01
53330	3	6.2109076372931668e+03	6.6517596212047259e-01
53340	3	6.2176951475189417e+03	6.9230393286169800e-01
53350	3	6.2247532663404090e+03	7.1929703724437488e-01
53360	3	6.2320806256992137e+03	7.4615140976304650e-01
53370	3	6.2396758193178202e+03	7.7286326913423342e-01
53380	3	6.2475374035459372e+03	7.9942891981210207e-01
53390	3	6.2556638982166605e+03	8.2584475339929375e-01
53400	3	6.2640537875033715e+03	8.5210725096571716e-01
53410	3	6.2727055207986559e+03	8.7821298426820416e-01
53420	3	6.2816175136552229e+03	9.0415861596158920e-01
53430	3	6.2907881487187024e+03	9.2994090067224233e-01
53440	3	6.3002157766607215e+03	9.5555668579117448e-01
53450	3	6.3098987171144208e+03	9.8100291215135227e-01
53460	3	6.3198352596113837e+03	1.0062766145906685e+00
53470	3	6.3300236645188334e+03	1.0313749224023292e+00
53480	3	6.3404621639760098e+03	1.0562950596746363e+00
53490	3	6.3511489628338486e+03	1.0810343458702034e+00
53500	3	6.3620822395585737e+03	1.1055901969995494e+00
53510	3	6.3732601472064562e+03	1.1299601245584989e+00
53520	3	6.3846808144494853e+03	1.1541417354966328e+00
53530	3	6.3963423465348196e+03	1.1781327320407466e+00
53540	3	6.4082428262356416e+03	1.2019309114029315e+00
53550	3	6.4203803147938688e+03	1.2255341653954335e+00
53560	3	6.4327528528539369e+03	1.2489404799554946e+00
53570	3	6.4453584613870416e+03	1.2721479345891777e+00
53580	3	6.4581951426053756e+03	1.2951547024628491e+00
53590	3	6.4712608808297673e+03	1.3179590498267091e+00
53600	3	6.4845536435072636e+03	1.3405593345283278e+00
53610	3	6.4980713821565614e+03	1.3629540052478066e+00
53620	3	6.5118120332665731e+03	1.3851416005367128e+00
53630	3	6.5257735191805014e+03	1.4071207477905572e+00
53640	3	6.5399537489647773e+03	1.4288901621585040e+00
53650	3	6.5543506192692812e+03	1.4504486454975059e+00
53660	3	6.5689620151437048e+03	1.4717950859027191e+00
53670	3	6.5837858108743876e+03	1.4929284560401528e+00
53680	3	6.5988198709312628e+03	1.5138478116596257e+00
53690	3	6.6140620507918111e+03	1.5345522902484150e+00
53700	3	6.6295101977395670e+03	1.5550411096244403e+00
53710	3	6.6451621516439509e+03	1.5753135664912987e+00
53720	3	6.6610157457436189e+03	1.5953690349853955e+00
53730	3	6.6770688073802739e+03	1.6152069657311163e+00
68540	2	6.6411228380270659e+03	-3.1066760253754291e+00
68550	2	6.6101056631165266e+03	-3.0967161909271752e+00
68560	2	6.5791893745642155e+03	-3.0864981903759925e+00
68570	2	6.5483765717148308e+03	-3.0760184812213929e+00
68580	2	6.5176698894515830e+03	-3.0652734832014330e+00
68590	2	6.4870719986257236e+03	-3.0542595791403184e+00
68600	2	6.4565856064034988e+03	-3.0429731158834192e+00
68610	2	6.4262134567232424e+03	-3.0314104048162971e+00
68620	2	6.3959583309573791e+03	-3.0195677228577877e+00
68630	2	6.3658230477062452e+03	-3.0074413142257854e+00
68640	2	6.3358104631385140e+03	-2.9950273918155688e+00
68650	2	6.3059234713567030e+03	-2.9823221386735628e+00
68660	2	6.2761650047437570e+03	-2.9693217095960289e+00
68670	2	6.2465380342893686e+03	-2.9560222328583734e+00
68680	2	6.2170455696771169e+03	-2.9424198118853022e+00
68690	2	6.1876906601129140e+03	-2.9285105264218547e+00
68700	2	6.1584763942893360e+03	-2.9142904352486481e+00
68710	2	6.1294059001866708e+03	-2.8997555787367855e+00
68720	2	6.1004823453076042e+03	-2.8849019812936683e+00
68730	2	6.0717089368830202e+03	-2.8697256539733744e+00
68740	2	6.0430889220472600e+03	-2.8542225972577251e+00
68750	2	6.0146255879808423e+03	-2.8383888040139391e+00
68760	2	5.9863222619726612e+03	-2.8222202625549468e+00
68770	2	5.9581823114975850e+03	-2.8057129590335830e+00
68780	2	5.9302091445997103e+03	-2.7888628812750547e+00
68790	2	5.9024062092634840e+03	-2.7716660229292844e+00
68800	2	5.8747769933232394e+03	-2.7541183873579098e+00
68810	2	5.8473250244041737e+03	-2.7362159917479589e+00
68820	2	5.8200538698172195e+03	-2.7179548714410164e+00
68830	2	5.7929671364055384e+03	-2.6993310844830281e+00
68840	2	5.7660684703254046e+03	-2.6803407163822563e+00
68850	2	5.7393615566789249e+03	-2.6609798844205450e+00
68860	2	5.7128501196592097e+03	-2.6412447427056134e+00
68870	2	5.6865379216451538e+03	-2.6211314882296479e+00
68880	2	5.6604287626377600e+03	-2.6006363665575294e+00
68890	2	5.6345264798020726e+03	-2.5797556777589468e+00
68900	2	5.6088349469444101e+03	-2.5584857825851879e+00
68910	2	5.5833580739223644e+03	-2.5368231088920350e+00
68920	2	5.5580998059834301e+03	-2.5147641583031550e+00
68930	2	5.5330641230093124e+03	-2.4923055124318108e+00
68940	2	5.5082550388701347e+03	-2.4694438399136205e+00
68950	2	5.4836766002248487e+03	-2.4461759044047109e+00
68960	2	5.4593328854698639e+03	-2.4224985720925263e+00
68970	2	5.4352280037259316e+03	-2.3984088195561832e+00
68980	2	5.4113660937407176e+03	-2.3739037418599320e+00
68990	2	5.3877513226908704e+03	-2.3489805608639882e+00
69000	2	5.3643878848285221e+03	-2.3236366333267640e+00
69010	2	5.3412800004471183e+03	-2.2978694593763618e+00
69020	2	5.3184319140170001e+03	-2.2716766918392124e+00
69030	2	5.2958478925537665e+03	-2.2450561453830660e+00
69040	2	5.2735322240035957e+03	-2.2180058058141729e+00
69050	2	5.2514892155300722e+03	-2.1905238395384692e+00
69060	2	5.2297231917006993e+03	-2.1626086031711145e+00
69070	2	5.2082384924526368e+03	-2.1342586531081880e+00
69080	2	5.1870394713120731e+03	-2.1054727546443810e+00
69090	2	5.1661304933062784e+03	-2.0762498922579486e+00
69100	2	5.1455159323138778e+03	-2.0465892797663021e+00
69110	2	5.1252001687681304e+03	-2.0164903703523751e+00
69120	2	5.1051875872607807e+03	-1.9859528666106960e+00
69130	2	5.0854825740404085e+03	-1.9549767305844894e+00
69140	2	5.0660895144053939e+03	-1.9235621937644196e+00
69150	2	5.0470127899486361e+03	-1.8917097669638983e+00
69160	2	5.0282567756521576e+03	-1.8594202493048690e+00
69170	2	5.0098258374990301e+03	-1.8266947379707883e+00
69180	2	4.9917243288734107e+03	-1.7935346380680921e+00
69190	2	4.9739565873819511e+03	-1.7599416718790732e+00
69200	2	4.9565269316853892e+03	-1.7259178878879553e+00
69210	2	4.9394396582360323e+03	-1.6914656695183807e+00
69220	2	4.9226990379240369e+03	-1.6565877435411611e+00
69230	2	4.9063093126358499e+03	-1.6212871881101103e+00
69240	2	4.8902746917072018e+03	-1.5855674403506042e+00
69250	2	4.8745993481431751e+03	-1.5494323025787748e+00
69260	2	4.8592874155571835e+03	-1.5128859489704447e+00
69270	2	4.8443429839117171e+03	-1.4759329321196932e+00
69280	2	4.8297700955757091e+03	-1.4385781884531357e+00
69290	2	4.8155727415087040e+03	-1.4008270430910532e+00
69300	2	4.8017548573941958e+03	-1.3626852140335175e+00
69310	2	4.7883203197288849e+03	-1.3241588156298063e+00
69320	2	4.7752729418751205e+03	-1.2852543612899361e+00
69330	2	4.7626164700841446e+03	-1.2459787653992824e+00
69340	2	4.7503545794337251e+03	-1.2063393442252430e+00
69350	2	4.7384908697848887e+03	-1.1663438148354082e+00
69360	2	4.7270288622664020e+03	-1.1260002952011134e+00
69370	2	4.7159719947205076e+03	-1.0853173026111420e+00
69380	2	4.7053236177027720e+03	-1.0443037509873732e+00
69390	2	4.6950869905756117e+03	-1.0029689472928338e+00
69400	2	4.6852652776367177e+03	-9.6132258693905182e-01
69410	2	4.6758615442923883e+03	-9.1937474817664722e-01
69420	2	4.6668787532858296e+03	-8.7713588545732257e-01
69430	2	4.6583197609906538e+03	-8.3461682175986129e-01
69440	2	4.6501873137659150e+03	-7.9182873983397317e-01
69450	2	4.6424840442466057e+03	-7.4878317112147474e-01
69460	2	4.6352124684200135e+03	-7.0549198535595292e-01
69470	2	4.6283749819335817e+03	-6.6196737921305071e-01
69480	2	4.6219738567697377e+03	-6.1822186326699502e-01
69490	2	4.6160112382150974e+03	-5.7426824820473366e-01
69500	2	4.6104891419659953e+03	-5.3011963009485918e-01
69510	2	4.6054094513795490e+03	-4.8578937474450984e-01
69520	2	4.6007739148790497e+03	-4.4129110118233944e-01
69530	2	4.5965841435221027e+03	-3.9663866431109196e-01
69540	2	4.5928416087396108e+03	-3.5184613677743132e-01
69550	2	4.5895476402180730e+03	-3.0692778989950442e-01
69560	2	4.5867034239522400e+03	-2.6189807246996355e-01
69570	2	4.5843100008917072e+03	-2.1677159191427348e-01
69580	2	4.5823682651406725e+03	-1.7156309348683249e-01
69590	2	4.5808789626747421e+03	-1.2628743894818190e-01
69600	2	4.5798426903164200e+03	-8.0959584992940870e-02
69610	2	4.5792598949215380e+03	-3.5594561349074329e-02
69620	2	4.5791308727793066e+03	9.7925513754646334e-03
69630	2	4.5794557692281960e+03	5.5186644021452902e-02
69640	2	4.5802345784888721e+03	1.0057260130396017e-01
69650	2	4.5814671437148390e+03	1.4593532425571271e-01
69660	2	4.5831531572548593e+03	1.9125975268388490e-01
69670	2	4.5852921610812691e+03	2.3653088914323653e-01
69680	2	4.5878835476662380e+03	2.8173382007939179e-01
69690	2	4.5909265608252299e+03	3.2685373717391569e-01
69700	2	4.5944202968655964e+03	3.7187595900996379e-01
69710	2	4.5983637059882958e+03	4.1678595196754603e-01
69720	2	4.6027555938893001e+03	4.6156935060246118e-01
69730	2	4.6075946235552583e+03	5.0621197744278223e-01
69740	2	4.6128793172470714e+03	5.5069986214028144e-01
69750	2	4.6186080586649223e+03	5.9501925991834448e-01
69760	2	4.6247790952872856e+03	6.3915666926189074e-01
69770	2	4.6313905408761802e+03	6.8309884879951321e-01
69780	2	4.6384403781551500e+03	7.2683283380687624e-01
69790	2	4.6459264616058572e+03	7.7034595314418675e-01
69800	2	4.6538465203785036e+03	8.1362584151301143e-01
69810	2	4.6621981615409277e+03	8.5666045312681083e-01
69820	2	4.6709788733673740e+03	8.9943807403270004e-01
69830	2	4.6801860287316376e+03	9.4194733333223457e-01
69840	2	4.6898168886005969e+03	9.8417721338057962e-01
69850	2	4.6998686056179504e+03	1.0261170589550233e+00
69860	2	4.7103382277678165e+03	1.0677565853888078e+00
69870	2	4.7212227021080425e+03	1.1090858856712389e+00
69880	2	4.7325188785627888e+03	1.1500954365194027e+00
69890	2	4.7442235137644975e+03	1.1907761034318198e+00
69900	2	4.7563332749911942e+03	1.2311191451451950e+00
69910	2	4.7688447440672717e+03	1.2711162186972169e+00
69920	2	4.7817544209857087e+03	1.3107593795792891e+00
69930	2	4.7950587283061068e+03	1.3500410831077978e+00
69940	2	4.8087540152063730e+03	1.3889541847416453e+00
69950	2	4.8228365614916102e+03	1.4274919394028189e+00
69960	2	4.8373025815855235e+03	1.4656479999505434e+00
69970	2	4.8521482284960057e+03	1.5034164148456011e+00
69980	2	4.8673695977471752e+03	1.5407916250433362e+00
69990	2	4.8829627312704124e+03	1.5777684601555699e+00
70000	2	4.8989236212474443e+03	1.6143421339227417e+00
70010	2	4.9152482138989990e+03	1.6505082390388011e+00
70020	2	4.9319324132190932e+03	1.6862627413884661e+00
70030	2	4.9489720849167952e+03	1.7216019753720997e+00
70040	2	4.9663630592696773e+03	1.7565226370910825e+00
70050	2	4.9841011350507997e+03	1.7910217756638751e+00
70060	2	5.0021820833720831e+03	1.8250967857551570e+00
70070	2	5.0206016511040971e+03	1.8587453993677783e+00
70080	2	5.0393555642058118e+03	1.8919656772884994e+00
70090	2	5.0584395309611627e+03	1.9247560002291808e+00
70100	2	5.0778492451195816e+03	1.9571150597036491e+00
70110	2	5.0975803889384351e+03	1.9890418486796992e+00
70120	2	5.1176286361252232e+03	2.0205356520439319e+00
70130	2	5.1379896546781056e+03	2.0515960369159596e+00
70140	2	5.1586591096235697e+03	2.0822228428468215e+00
70150	2	5.1796326656747788e+03	2.1124161719941821e+00
70160	2	5.2009059900669099e+03	2.1421763812450876e+00
70170	2	5.2224747539892460e+03	2.1715040716982723e+00
70180	2	5.2443346356607481e+03	2.2004000774687213e+00
70190	2	5.2664813229319489e+03	2.2288654559960128e+00
70200	2	5.2889105154631325e+03	2.2569014781274777e+00
70210	2	5.3116179267980242e+03	2.2845096182830251e+00
70220	2	5.3345992863340362e+03	2.3116915447230144e+00
70230	2	5.3578503411903885e+03	2.3384491099388196e+00
70240	2	5.3813668579753985e+03	2.3647843411839888e+00
70250	2	5.4051446244548424e+03	2.3906994311623220e+00
70260	2	5.4291794511229664e+03	2.4161967288875044e+00
70270	2	5.4534671726781780e+03	2.4412787307274133e+00
70280	2	5.4780036494869883e+03	2.4659480718478650e+00
70290	2	5.5027847690170811e+03	2.4902075199341360e+00
70300	2	5.5278064460611695e+03	2.5140599654399609e+00
70310	2	5.5530646249289321e+03	2.5375084127075702e+00
70320	2	5.5785552807116910e+03	2.5605559721729252e+00
70330	2	5.6042744202886743e+03	2.5832058526603703e+00
70340	2	5.6302180832522845e+03	2.6054613539165996e+00
70350	2	5.6563823427549005e+03	2.6273258593870086e+00
70360	2	5.6827633062797786e+03	2.6488028292364212e+00
70370	2	5.7093571163387169e+03	2.6698957936154182e+00
70380	2	5.7361599510989054e+03	2.6906083461724748e+00
70390	2	5.7631680249418123e+03	2.7109441378114800e+00
70400	2	5.7903775889568851e+03	2.7309068706938726e+00
70410	2	5.8177849317184709e+03	2.7505002936840541e+00
70420	2	5.8453863787513210e+03	2.7697281978586736e+00
70430	2	5.8731782932532478e+03	2.7885944092622426e+00
70440	2	5.9011570770706267e+03	2.8071027838976428e+00
70450	2	5.9293191709517987e+03	2.8252572028640892e+00
70460	2	5.9576610547484579e+03	2.8430615677218452e+00
70470	2	5.9861792475671382e+03	2.8605197960791600e+00
70480	2	6.0148703078732497e+03	2.8776358173965111e+00
70490	2	6.0437308335499129e+03	2.8944135690030555e+00
70500	2	6.0727574619138077e+03	2.9108569923199084e+00
70510	2	6.1019468696903086e+03	2.9269700292847380e+00
70520	2	6.1312957729497848e+03	2.9427566189719827e+00
70530	2	6.1608009273276766e+03	2.9582206953340395e+00
70540	2	6.1904591270790479e+03	2.9733661855106535e+00
70550	2	6.2202672051976524e+03	2.9881970050783981e+00
70560	2	6.2502220340159229e+03	3.0027170552799580e+00
70570	2	6.2803205250213123e+03	3.0169302204967194e+00
70580	2	6.3105596286438031e+03	3.0308403658828618e+00
70590	2	6.3409363340162326e+03	3.0444513351552218e+00
70600	2	6.3714476687094266e+03	3.0577669485330090e+00
70610	2	6.4020906984434750e+03	3.0707910008215520e+00
70620	2	6.4328625267767902e+03	3.0835272596343208e+00
70630	2	6.4637602947743771e+03	3.0959794637475491e+00
70640	2	6.4947811806996842e+03	3.1081513216330352e+00
70650	2	6.5259223998934149e+03	3.1200465115941896e+00
70660	2	6.5571812033287670e+03	3.1316686804734046e+00
70670	2	6.5885548782653577e+03	3.1430214410687647e+00
70680	2	6.6200407481668999e+03	3.1541083710394537e+00
70690	2	6.6516361723105911e+03	3.1649330119123640e+00
73280	1	6.6763848583218942e+03	-3.0997031282512104e+00
73290	1	6.6454349518666631e+03	-3.0902368806972462e+00
73300	1	6.6145809523922217e+03	-3.0805212438551766e+00
73310	1	6.5838253707171871e+03	-3.0705527928974590e+00
73320	1	6.5531707520534601e+03	-3.0603280650052129e+00
73330	1	6.5226196764380493e+03	-3.0498435600689664e+00
73340	1	6.4921747591492176e+03	-3.0390957414690152e+00
73350	1	6.4618386509340889e+03	-3.0280810361226349e+00
73360	1	6.4316140390254677e+03	-3.0167958350332702e+00
73370	1	6.4015036469544048e+03	-3.0052364953840951e+00
73380	1	6.3715102346124668e+03	-2.9933993416749605e+00
73390	1	6.3416365986361434e+03	-2.9812806669826291e+00
73400	1	6.3118855727748814e+03	-2.9688767343341991e+00
73410	1	6.2822600282414742e+03	-2.9561837781989158e+00
73420	1	6.2527628740434629e+03	-2.9431980061036409e+00
73430	1	6.2233970572853304e+03	-2.9299156003578264e+00
73440	1	6.1941655633845667e+03	-2.9163327190542998e+00
73450	1	6.1650714167076521e+03	-2.9024454980684089e+00
73460	1	6.1361176802888695e+03	-2.8882500539332279e+00
73470	1	6.1073074559074621e+03	-2.8737424860729730e+00
73480	1	6.0786438843062624e+03	-2.8589188792536611e+00
73490	1	6.0501301453814658e+03	-2.8437753061960147e+00
73500	1	6.0217694583417806e+03	-2.8283078303564158e+00
73510	1	5.9935650818303293e+03	-2.8125125088507614e+00
73520	1	5.9655203140306267e+03	-2.7963853947966135e+00
73530	1	5.9376384928030357e+03	-2.7799225408435615e+00
73540	1	5.9099229953638960e+03	-2.7631200030971290e+00
73550	1	5.8823772382264788e+03	-2.7459738447277564e+00
73560	1	5.8550046771648340e+03	-2.7284801398571727e+00
73570	1	5.8278088071338980e+03	-2.7106349776511074e+00
73580	1	5.8007931620334784e+03	-2.6924344665704472e+00
73590	1	5.7739613147427835e+03	-2.6738747382623895e+00
73600	1	5.7473168769331669e+03	-2.6549519524231089e+00
73610	1	5.7208634983436486e+03	-2.6356623020723999e+00
73620	1	5.6946048664715972e+03	-2.6160020187272699e+00
73630	1	5.6685447062145358e+03	-2.5959673778036385e+00
73640	1	5.6426867794527025e+03	-2.5755547042520575e+00
73650	1	5.6170348845682902e+03	-2.5547603784295561e+00
73660	1	5.5915928556943963e+03	-2.5335808418983401e+00
73670	1	5.5663645626529669e+03	-2.5120126030705578e+00
73680	1	5.5413539099260652e+03	-2.4900522443548230e+00
73690	1	5.5165648355814619e+03	-2.4676964290994032e+00
73700	1	5.4920013104852369e+03	-2.4449419086318742e+00
73710	1	5.4676673374386410e+03	-2.4217855295348483e+00
73720	1	5.4435669502367582e+03	-2.3982242411549337e+00
73730	1	5.4197042126464594e+03	-2.3742551033412371e+00
73740	1	5.3960832172747014e+03	-2.3498752943292360e+00
73750	1	5.3727080843649010e+03	-2.3250821179308936e+00
73760	1	5.3495829607938531e+03	-2.2998730123374571e+00
73770	1	5.3267120182285498e+03	-2.2742455590163195e+00
73780	1	5.3040994516326436e+03	-2.2481974914145963e+00
73790	1	5.2817494777528809e+03	-2.2217267038996273e+00
73800	1	5.2596663335106896e+03	-2.1948312608686744e+00
73810	1	5.2378542742971695e+03	-2.1675094060133868e+00
73820	1	5.2163175721438274e+03	-2.1397595716736477e+00
73830	1	5.1950605137759567e+03	-2.1115803875723591e+00
73840	1	5.1740873989324527e+03	-2.0829706905724361e+00
73850	1	5.1534025378075858e+03	-2.0539295347039301e+00
73860	1	5.1330102488020921e+03	-2.0244562008769873e+00
73870	1	5.1129148562534001e+03	-1.9945502066622964e+00
73880	1	5.0931206880630780e+03	-1.9642113160831527e+00
73890	1	5.0736320732213653e+03	-1.9334395493916443e+00
73900	1	5.0544533392229732e+03	-1.9022351927479435e+00
73910	1	5.0355888093949125e+03	-1.8705988069887043e+00
73920	1	5.0170428001879764e+03	-1.8385312375408585e+00
73930	1	4.9988196180549112e+03	-1.8060336240410075e+00
73940	1	4.9809235564654846e+03	-1.7731074094447434e+00
73950	1	4.9633588928678673e+03	-1.7397543490209599e+00
73960	1	4.9461298855559980e+03	-1.7059765190962177e+00
73970	1	4.9292407704043544e+03	-1.6717763254325708e+00
73980	1	4.9126957576011746e+03	-1.6371565107667756e+00
73990	1	4.8964990283746374e+03	-1.6021201626799282e+00
74000	1	4.8806547312198018e+03	-1.5666707210613271e+00
74010	1	4.8651669783648185e+03	-1.5308119849714088e+00
74020	1	4.8500398421846221e+03	-1.4945481190155148e+00
74030	1	4.8352773515480039e+03	-1.4578836591801501e+00
74040	1	4.8208834881011962e+03	-1.4208235180872859e+00
74050	1	4.8068621823806216e+03	-1.3833729891939350e+00
74060	1	4.7932173103235928e+03	-1.3455377503450630e+00
74070	1	4.7799526891801415e+03	-1.3073238674023149e+00
74080	1	4.7670720734814849e+03	-1.2687377967261724e+00
74090	1	4.7545791511658290e+03	-1.2297863868990546e+00
74100	1	4.7424775396853365e+03	-1.1904768796338374e+00
74110	1	4.7307707821023760e+03	-1.1508169098342860e+00
74120	1	4.7194623431834825e+03	-1.1108145047759643e+00
74130	1	4.7085556054445387e+03	-1.0704780822056685e+00
74140	1	4.6980538653097210e+03	-1.0298164467479336e+00
74150	1	4.6879603294837771e+03	-9.8883878680654591e-01
74160	1	4.6782781107865130e+03	-9.4755466996136861e-01
74170	1	4.6690102244042764e+03	-9.0597403733906445e-01
74180	1	4.6601595842215556e+03	-8.6410719701349326e-01
74190	1	4.6517289992175447e+03	-8.2196481640158958e-01
74200	1	4.6437211699376385e+03	-7.7955791365260929e-01
74210	1	4.6361386850497602e+03	-7.3689784803343639e-01
74220	1	4.6289840179696048e+03	-6.9399630921582223e-01
74230	1	4.6222595235624885e+03	-6.5086530455800229e-01
74240	1	4.6159674353314294e+03	-6.0751714706807036e-01
74250	1	4.6101098621176925e+03	-5.6396444198957019e-01
74260	1	4.6046887852306654e+03	-5.2022007227249867e-01
74270	1	4.5997060557792965e+03	-4.7629718325782627e-01
74280	1	4.5951633921546236e+03	-4.3220916651884850e-01
74290	1	4.5910623776716311e+03	-3.8796964290149399e-01
74300	1	4.5874044583779696e+03	-3.4359244481062384e-01
74310	1	4.5841909410369708e+03	-2.9909159779320316e-01
74320	1	4.5814229912546634e+03	-2.5448130118951290e-01
74330	1	4.5791016318492339e+03	-2.0977590721037637e-01
74340	1	4.5772277415761573e+03	-1.6498990182992720e-01
74350	1	4.5758020536837839e+03	-1.2013788393323357e-01
74360	1	4.5748251549059223e+03	-7.5234544231422118e-02
74370	1	4.5742974846767875e+03	-3.0294643921700351e-02
74380	1	4.5742193345540563e+03	1.4667006893581396e-02
74390	1	4.5745908478521378e+03	5.9635570954385077e-02
74400	1	4.5754120194868638e+03	1.0459620568090212e-01
74410	1	4.5766826960320759e+03	1.4953408502565763e-01
74420	1	4.5784025759839542e+03	1.9443442133003749e-01
74430	1	4.5805712102067473e+03	2.3928248839028690e-01
74440	1	4.5831880027314610e+03	2.8406364227645436e-01
74450	1	4.5862522116192695e+03	3.2876334218146769e-01
74460	1	4.5897629501003576e+03	3.7336717142419962e-01
74470	1	4.5937191879404190e+03	4.1786085779065568e-01
74480	1	4.5981197530015506e+03	4.6223029337422994e-01
74490	1	4.6029633329921498e+03	5.0646155385125680e-01
74500	1	4.6082484773999413e+03	5.5054091713143927e-01
74510	1	4.6139735996016079e+03	5.9445488132668478e-01
74520	1	4.6201369791418756e+03	6.3819018198561461e-01
74530	1	4.6267367641833862e+03	6.8173380875245426e-01
74540	1	4.6337709741071467e+03	7.2507302264094153e-01
74550	1	4.6412375021830467e+03	7.6819536954200518e-01
74560	1	4.6491341186036516e+03	8.1108869412043150e-01
74570	1	4.6574584735738463e+03	8.5374115286034213e-01
74580	1	4.6662081005049058e+03	8.9614122600994628e-01
74590	1	4.6753804193164924e+03	9.3827772855064107e-01
74600	1	4.6849727398369942e+03	9.8013982017684287e-01
74610	1	4.6949822652921639e+03	1.0217170142774801e+00
74620	1	4.7054060958721911e+03	1.0629991859150023e+00
74630	1	4.7162412323672515e+03	1.1039765788025124e+00
74640	1	4.7274845798695942e+03	1.1446398113285590e+00
74650	1	4.7391329516247943e+03	1.1849798831182594e+00
74660	1	4.7511830724717984e+03	1.2249881785962846e+00
74670	1	4.7636315829516752e+03	1.2646564693569109e+00
74680	1	4.7764750433247991e+03	1.3039769165316908e+00
74690	1	4.7897099374826339e+03	1.3429420719573877e+00
74700	1	4.8033326768603192e+03	1.3815448784573323e+00
74710	1	4.8173396043414305e+03	1.4197786692667203e+00
74720	1	4.8317269981466825e+03	1.4576371666348458e+00
74730	1	4.8464910756984355e+03	1.4951144796392386e+00
74740	1	4.8616279974536856e+03	1.5322051012488878e+00
74750	1	4.8771338706981460e+03	1.5689039046749260e+00
74760	1	4.8930047533664665e+03	1.6052061393263912e+00
74770	1	4.9092366577678558e+03	1.6411074277192974e+00
74780	1	4.9258255537109480e+03	1.6766037584839761e+00
74790	1	4.9427673727291731e+03	1.7116914801385554e+00
74800	1	4.9600580117197342e+03	1.7463672945416997e+00
74810	1	4.9776933364423057e+03	1.7806282497738362e+00
74820	1	4.9956691849382478e+03	1.8144717325947468e+00
74830	1	5.0139813708664960e+03	1.8478954605192568e+00
74840	1	5.0326256867526763e+03	1.8808974735519570e+00
74850	1	5.0515979071482861e+03	1.9134761256210790e+00
74860	1	5.0708937916974155e+03	1.9456300757506633e+00
74870	1	5.0905090881084889e+03	1.9773582790088697e+00
74880	1	5.1104395351046378e+03	2.0086599774381133e+00
74890	1	5.1306808653663975e+03	2.0395346925866895e+00
74900	1	5.1512288073085701e+03	2.0699822149789471e+00
74910	1	5.1720790885543547e+03	2.1000025939131945e+00
74920	1	5.1932274386263043e+03	2.1295961278731719e+00
74930	1	5.2146695913834883e+03	2.1587633547967227e+00
74940	1	5.2364012873556931e+03	2.1875050423465332e+00
74950	1	5.2584182759747764e+03	2.2158221782087915e+00
74960	1	5.2807163177039865e+03	2.2437159604441779e+00
74970	1	5.3032911860658241e+03	2.2711877879136777e+00
74980	1	5.3261386695695001e+03	2.2982392508001661e+00
74990	1	5.3492545735392523e+03	2.3248721212449306e+00
75000	1	5.3726347218447863e+03	2.3510883441167469e+00
75010	1	5.3962749589089362e+03	2.3768900288085830e+00
75020	1	5.4201711504990872e+03	2.4022794418145899e+00
75030	1	5.4443191851123938e+03	2.4272589961197029e+00
75040	1	5.4687149762718627e+03	2.4518312425816275e+00
75050	1	5.4933544638555368e+03	2.4759988615190887e+00
75060	1	5.5182336153347806e+03	2.4997646545054368e+00
75070	1	5.5433484269263781e+03	2.5231315363771842e+00
75080	1	5.5686949246609229e+03	2.5461025274639555e+00
75090	1	5.5942691653695692e+03	2.5686807460450369e+00
75100	1	5.6200672375919521e+03	2.5908694010367470e+00
75110	1	5.6460852624074869e+03	2.6126717849137502e+00
75120	1	5.6723193941926102e+03	2.6340912668664687e+00
75130	1	5.6987658213065170e+03	2.6551312861959473e+00
75140	1	5.7254207671202093e+03	2.6757953470960141e+00
75150	1	5.7522804896089110e+03	2.6960870138596769e+00
75160	1	5.7793412820606600e+03	2.7160099028414617e+00
75170	1	5.8065994744029931e+03	2.7355676767996120e+00
75180	1	5.8340514336215165e+03	2.7547640394217283e+00
75190	1	5.8616935641200280e+03	2.7736027300819219e+00
75200	1	5.8895223080247515e+03	2.7920875188263228e+00
75210	1	5.9175341454349882e+03	2.8102222015834015e+00
75220	1	5.9457255946227360e+03	2.8280105955950749e+00
75230	1	5.9740932121832720e+03	2.8454565350642453e+00
75240	1	6.0026335931393260e+03	2.8625638670141886e+00
75250	1	6.0313433710008640e+03	2.8793364473548442e+00
75260	1	6.0602192178017731e+03	2.8957781371731031e+00
75270	1	6.0892578445061381e+03	2.9118928008325318e+00
75280	1	6.1184559996399812e+03	2.9276843030176734e+00
75290	1	6.1478104701129205e+03	2.9431565037527974e+00
75300	1	6.1773180816578470e+03	2.9583132554337492e+00
75310	1	6.2069756987144092e+03	2.9731583999826605e+00
75320	1	6.2367802242805328e+03	2.9876957661727124e+00
75330	1	6.2667285997338822e+03	3.0019291671171677e+00
75340	1	6.2968178046250050e+03	3.0158623979169228e+00
75350	1	6.3270448564437720e+03	3.0294992334608692e+00
75360	1	6.3574068103608943e+03	3.0428434263733033e+00
75370	1	6.3879007589457706e+03	3.0558987051027957e+00
75380	1	6.4185238318625361e+03	3.0686687721468808e+00
75390	1	6.4492731957959495e+03	3.0811573028914907e+00
75400	1	6.4801460537156963e+03	3.0933679461122154e+00
75410	1	6.5111396440083799e+03	3.1053043207767721e+00
75420	1	6.5422512413387676e+03	3.1169700142031882e+00
75430	1	6.5734781563358356e+03	3.1283685808656085e+00
75440	1	6.6048177352250605e+03	3.1395035412897156e+00
75450	1	6.6362673594462040e+03	3.1503783810490562e+00
75460	1	6.6678244452580375e+03	3.1609965498575510e+00
79140	2	6.6275994980832802e+03	-3.6241035709708407e+00
79150	2	6.5913823455142638e+03	-3.6192933998554819e+00
79160	2	6.5552143077099909e+03	-3.6142801131749946e+00
79170	2	6.5190974332562018e+03	-3.6090601712706505e+00
79180	2	6.4830338064872076e+03	-3.6036299562962135e+00
79190	2	6.4470255483423634e+03	-3.5979857706750171e+00
79200	2	6.4110748170825727e+03	-3.5921238355173939e+00
79210	2	6.3751838091415484e+03	-3.5860402880675757e+00
79220	2	6.3393547610445603e+03	-3.5797311800182805e+00
79230	2	6.3035899489898884e+03	-3.5731924769558239e+00
79240	2	6.2678916896572464e+03	-3.5664200568573734e+00
79250	2	6.2322623411680679e+03	-3.5594097085509455e+00
79260	2	6.1967043040584276e+03	-3.5521571301899537e+00
79270	2	6.1612200222642850e+03	-3.5446579277465116e+00
79280	2	6.1258119841187317e+03	-3.5369076135280761e+00
79290	2	6.0904827233608448e+03	-3.5289016047222135e+00
79300	2	6.0552348198564277e+03	-3.5206352218214119e+00
79310	2	6.0200709010359205e+03	-3.5121036858993406e+00
79320	2	5.9849936435896552e+03	-3.5033021178080919e+00
79330	2	5.9500057731611059e+03	-3.4942255376304190e+00
79340	2	5.9151100653945468e+03	-3.4848688634353340e+00
79350	2	5.8803093470377689e+03	-3.4752269100905062e+00
79360	2	5.8456064970532934e+03	-3.4652943881472980e+00
79370	2	5.8110044477374850e+03	-3.4550659028071613e+00
79380	2	5.7765061858462514e+03	-3.4445359529783675e+00
79390	2	5.7421147537264242e+03	-3.4336989304329792e+00
79400	2	5.7078332503298643e+03	-3.4225491190344162e+00
79410	2	5.6736648320230006e+03	-3.4110806929747053e+00
79420	2	5.6396127153682737e+03	-3.3992877160005830e+00
79430	2	5.6056801767136130e+03	-3.3871641422257981e+00
79440	2	5.5718705530633115e+03	-3.3747038159939895e+00
79450	2	5.5381872432537702e+03	-3.3619004718453858e+00
79460	2	5.5046337091256737e+03	-3.3487477346693342e+00
79470	2	5.4712134766903864e+03	-3.3352391200582963e+00
79480	2	5.4379301372884029e+03	-3.3213680348796970e+00
79490	2	5.4047873487373708e+03	-3.3071277780829811e+00
79500	2	5.3717888364670607e+03	-3.2925115417600637e+00
79510	2	5.3389383943717830e+03	-3.2775124123161565e+00
79520	2	5.3062398859891073e+03	-3.2621233705419241e+00
79530	2	5.2736972469499842e+03	-3.2463372940748103e+00
79540	2	5.2413144843171713e+03	-3.2301469604874398e+00
79550	2	5.2090956775189534e+03	-3.2135450498838356e+00
79560	2	5.1770449793864300e+03	-3.1965241478698641e+00
79570	2	5.1451666171556790e+03	-3.1790767489276925e+00
79580	2	5.1134648934305787e+03	-3.1611952602198405e+00
79590	2	5.0819441871015215e+03	-3.1428720058490476e+00
79600	2	5.0506089542152476e+03	-3.1240992316012375e+00
79610	2	5.0194637287906216e+03	-3.1048691101994685e+00
79620	2	4.9885131234606533e+03	-3.0851737470346321e+00
79630	2	4.9577618296582677e+03	-3.0650051850610267e+00
79640	2	4.9272146202556960e+03	-3.0443554117031688e+00
79650	2	4.8968763484588408e+03	-3.0232163675472181e+00
79660	2	4.8667519478937484e+03	-3.0015799545481547e+00
79670	2	4.8368464330266434e+03	-2.9794380449152698e+00
79680	2	4.8071648994878042e+03	-2.9567824907158986e+00
79690	2	4.7777125242917718e+03	-2.9336051342279261e+00
79700	2	4.7484945659460673e+03	-2.9098978190713014e+00
79710	2	4.7195163644402046e+03	-2.8856524021481542e+00
79720	2	4.6907833411066913e+03	-2.8608607664204166e+00
79730	2	4.6623009983450966e+03	-2.8355148345524497e+00
79740	2	4.6340749188242844e+03	-2.8096065830493440e+00
79750	2	4.6061107652279406e+03	-2.7831280558279681e+00
79760	2	4.5784142808067390e+03	-2.7560713819738729e+00
79770	2	4.5509912866825907e+03	-2.7284287933898903e+00
79780	2	4.5238476807218231e+03	-2.7001926430283563e+00
79790	2	4.4969894363045187e+03	-2.6713554241361361e+00
79800	2	4.4704226008923097e+03	-2.6419097904967481e+00
79810	2	4.4441532943840966e+03	-2.6118485776752940e+00
79820	2	4.4181877072496300e+03	-2.5811648252675528e+00
79830	2	4.3925320984306145e+03	-2.5498518001490869e+00
79840	2	4.3671927929991098e+03	-2.5179030207144288e+00
79850	2	4.3421761795632328e+03	-2.4853122820900722e+00
79860	2	4.3174887071078001e+03	-2.4520736819129652e+00
79870	2	4.2931368818919600e+03	-2.4181816452922593e+00
79880	2	4.2691272656960300e+03	-2.3836309544265144e+00
79890	2	4.2454664703031403e+03	-2.3484167775362876e+00
79900	2	4.2221611534197627e+03	-2.3125346982918100e+00
79910	2	4.1992180144446829e+03	-2.2759807460238108e+00
79920	2	4.1766437899277271e+03	-2.2387514265677129e+00
79930	2	4.1544452487120825e+03	-2.2008437536544827e+00
79940	2	4.1326291867550544e+03	-2.1622552807507502e+00
79950	2	4.1112024216228565e+03	-2.1229841332391080e+00
79960	2	4.0901717866565141e+03	-2.0830290408184577e+00
79970	2	4.0695441248069910e+03	-2.0423893699924651e+00
79980	2	4.0493262821268040e+03	-2.0010651564876776e+00
79990	2	4.0295251001934380e+03	-1.9590571355746300e+00
80000	2	4.0101474107897566e+03	-1.9163667739345036e+00
80010	2	3.9912000277038610e+03	-1.8729963023980398e+00
80020	2	3.9726897381147728e+03	-1.8289487459268488e+00
80030	2	3.9546232945765173e+03	-1.7842279531538692e+00
80040	2	3.9370074067067908e+03	-1.7388386247833123e+00
80050	2	3.9198487325924184e+03	-1.6927863406377459e+00
80060	2	3.9031538699259559e+03	-1.6460775851336866e+00
80070	2	3.8869293468899073e+03	-1.5987197709619421e+00
80080	2	3.8711816128075197e+03	-1.5507212607463807e+00
80090	2	3.8559170285811006e+03	-1.5020913864524337e+00
80100	2	3.8411418569413217e+03	-1.4528404663181855e+00
80110	2	3.8268622525112937e+03	-1.4029798190277518e+00
80120	2	3.8130842512304998e+03	-1.3525217723619243e+00
80130	2	3.7998137616457670e+03	-1.3014796726872198e+00
80140	2	3.7870565539197360e+03	-1.2498678908193313e+00
80150	2	3.7748182491022039e+03	-1.1977018225013982e+00
80160	2	3.7631043089567984e+03	-1.1449978859608128e+00
80170	2	3.7519200258246515e+03	-1.0917735156186135e+00
80180	2	3.7412705125640191e+03	-1.0380471518166758e+00
80190	2	3.7311606926058980e+03	-9.8383822645112029e-01
80200	2	3.7215952901668702e+03	-9.2916714442575399e-01
80210	2	3.7125788206610114e+03	-8.7405526086671503e-01
80220	2	3.7041155813532578e+03	-8.1852485406960995e-01
80230	2	3.6962096422967297e+03	-7.6259909418084426e-01
80240	2	3.6888648375286580e+03	-7.0630200730850956e-01
80250	2	3.6820847565109329e+03	-6.4965843279216207e-01
80260	2	3.6758727370845836e+03	-5.9269398256375172e-01
80270	2	3.6702318572258964e+03	-5.3543499289902585e-01
80280	2	3.6651649279642434e+03	-4.7790847248685259e-01
80290	2	3.6606744869848735e+03	-4.2014204742910344e-01
80300	2	3.6567627927908361e+03	-3.6216390294737733e-01
80310	2	3.6534318194554171e+03	-3.0400272206598633e-01
80320	2	3.6506832519937043e+03	-2.4568762157053428e-01
80330	2	3.6485184823787795e+03	-1.8724808556734876e-01
80340	2	3.6469386062246767e+03	-1.2871389699298685e-01
80350	2	3.6459444201547185e+03	-7.0115067443383014e-02
80360	2	3.6455364198694692e+03	-1.1481765704911705e-02
80370	2	3.6457147987658236e+03	4.7155756790553394e-02
80380	2	3.6464794477952528e+03	1.0576723835118217e-01
80390	2	3.6478299556139887e+03	1.6432247827999172e-01
80400	2	3.6497656093743399e+03	2.2279141060209848e-01
80410	2	3.6522853964764718e+03	2.8114417585758378e-01
80420	2	3.6553880070244568e+03	3.3935119172481082e-01
80430	2	3.6590718369728147e+03	3.9738322208318716e-01
80440	2	3.6633349919460184e+03	4.5521144413959275e-01
80450	2	3.6681752917098006e+03	5.1280751326297558e-01
80460	2	3.6735902752696247e+03	5.7014362519347495e-01
80470	2	3.6795772065685619e+03	6.2719257531864137e-01
80480	2	3.6861330807538607e+03	6.8392781474033204e-01
80490	2	3.6932546309472214e+03	7.4032350484057308e-01
80500	2	3.7009383355843488e+03	7.9635456593106235e-01
80510	2	3.7091804262425303e+03	8.5199672073826205e-01
80520	2	3.7179768958902691e+03	9.0722653644622808e-01
80530	2	3.7273235075499251e+03	9.6202146156355883e-01
80540	2	3.7372158032996431e+03	1.0163598585762958e+00
80550	2	3.7476491135722558e+03	1.0702210323414176e+00
80560	2	3.7586185667085351e+03	1.1235852542085698e+00
80570	2	3.7701190987222981e+03	1.1764337818896404e+00
80580	2	3.7821454632350942e+03	1.2287488751254585e+00
80590	2	3.7946922415391018e+03	1.2805138072278786e+00
80600	2	3.8077538527623410e+03	1.3317128728416310e+00
80610	2	3.8213245640807854e+03	1.3823313939143151e+00
80620	2	3.8353985007380934e+03	1.4323557174520676e+00
80630	2	3.8499696565493759e+03	1.4817732120119855e+00
80640	2	3.8650319041501371e+03	1.5305722608756849e+00
80650	2	3.8805790051064287e+03	1.5787422516894529e+00
80660	2	3.8966046198983599e+03	1.6262735631146223e+00
80670	2	3.9131023177482052e+03	1.6731575487055868e+00
80680	2	3.9300655862667049e+03	1.7193865182391124e+00
80690	2	3.9474878408934019e+03	1.7649537167219516e+00
80700	2	3.9653624341091472e+03	1.8098533013051454e+00
80710	2	3.9836826644085922e+03	1.8540803163764483e+00
80720	2	4.0024417851094340e+03	1.8976306688088227e+00
80730	2	4.0216330123643434e+03	1.9405010992246126e+00
80740	2	4.0412495337090277e+03	1.9826891519777639e+00
80750	2	4.0612845161229889e+03	2.0241931452981690e+00
80760	2	4.0817311136133630e+03	2.0650121401936121e+00
80770	2	4.1025824744771271e+03	2.1051459087419073e+00
80780	2	4.1238317482368120e+03	2.1445949019537034e+00
80790	2	4.1454720922463175e+03	2.1833602173754616e+00
80800	2	4.1674966779655097e+03	2.2214435665914789e+00
80810	2	4.1898986969033867e+03	2.2588472427717838e+00
80820	2	4.2126713662650773e+03	2.2955740885609859e+00
80830	2	4.2358079342836127e+03	2.3316274659264775e+00
80840	2	4.2593016847511453e+03	2.3670112233805494e+00
80850	2	4.2831459422958360e+03	2.4017296646379718e+00
80860	2	4.3073340768747412e+03	2.4357875183049278e+00
80870	2	4.3318595078592689e+03	2.4691899080740867e+00
80880	2	4.3567157078198325e+03	2.5019423236789540e+00
80890	2	4.3818962060176673e+03	2.5340505926668975e+00
80900	2	4.4073945916125394e+03	2.5655208530411446e+00
80910	2	4.4332045165955033e+03	2.5963595268131767e+00
80920	2	4.4593196984582382e+03	2.6265732945086935e+00
80930	2	4.4857339226710137e+03	2.6561690719299311e+00
80940	2	4.5124410445177882e+03	2.6851539865983560e+00
80950	2	4.5394349914871536e+03	2.7135353540610878e+00
80960	2	4.5667097652318407e+03	2.7413206566019777e+00
80970	2	4.5942594431074749e+03	2.7685175226425605e+00
80980	2	4.6220781795045077e+03	2.7951337071458346e+00
80990	2	4.6501602069835044e+03	2.8211770730139838e+00
81000	2	4.6784998372239961e+03	2.8466555734673604e+00
81010	2	4.7070914617967746e+03	2.8715772353884770e+00
81020	2	4.7359295528981875e+03	2.8959501442584474e+00
81030	2	4.7650086634066556e+03	2.9197824300253941e+00
81040	2	4.7943234275321693e+03	2.9430822522160027e+00
81050	2	4.8238685613472844e+03	2.9658577869167115e+00
81060	2	4.8536388628599270e+03	2.9881172145585499e+00
81070	2	4.8836292119629506e+03	3.0098687085223585e+00
81080	2	4.9138345702684919e+03	3.0311204245348193e+00
81090	2	4.9442499808353896e+03	3.0518804908253561e+00
81100	2	4.9748705678029955e+03	3.0721569990255180e+00
81110	2	5.0056915360122885e+03	3.0919579965944788e+00
81120	2	5.0367081700935287e+03	3.1112914792586666e+00
81130	2	5.0679158343584013e+03	3.1301653830757972e+00
81140	2	5.0993099723227979e+03	3.1485875779446157e+00
81150	2	5.1308861059765259e+03	3.1665658616431216e+00
81160	2	5.1626398349915853e+03	3.1841079544170467e+00
81170	2	5.1945668358743687e+03	3.2012214940894452e+00
81180	2	5.2266628610670859e+03	3.2179140316633443e+00
81190	2	5.2589237380223385e+03	3.2341930278377364e+00
81200	2	5.2913453680714147e+03	3.2500658502000115e+00
81210	2	5.3239237257010227e+03	3.2655397691305685e+00
81220	2	5.3566548577549120e+03	3.2806219551638551e+00
81230	2	5.3895348823796603e+03	3.2953194766324039e+00
81240	2	5.4225599879434512e+03	3.3096392976507789e+00
81250	2	5.4557264319322458e+03	3.3235882764198834e+00
81260	2	5.4890305399226418e+03	3.3371731639996862e+00
81270	2	5.5224687041936777e+03	3.3504006038893142e+00
81280	2	5.5560373827777603e+03	3.3632771306666993e+00
81290	2	5.5897330986734378e+03	3.3758091691092083e+00
81300	2	5.6235524387005244e+03	3.3880030337736904e+00
81310	2	5.6574920523468927e+03	3.3998649287845302e+00
81320	2	5.6915486506103189e+03	3.4114009478137857e+00
81330	2	5.7257190049003739e+03	3.4226170742435151e+00
81340	2	5.7599999459032870e+03	3.4335191820954551e+00
81350	2	5.7943883619637991e+03	3.4441130368036470e+00
81360	2	5.8288811986769697e+03	3.4544042950373175e+00
81370	2	5.8634754578444308e+03	3.4643985053525657e+00
81380	2	5.8981681963498813e+03	3.4741011090123464e+00
81390	2	5.9329565250395117e+03	3.4835174409106009e+00
81400	2	5.9678376076085433e+03	3.4926527305905255e+00
81410	2	6.0028086594996794e+03	3.5015121033487562e+00
81420	2	6.0378669469869083e+03	3.5101005818765785e+00
81430	2	6.0730097855210061e+03	3.5184230882372245e+00
81440	2	6.1082345392118159e+03	3.5264844442285792e+00
81450	2	6.1435386201011979e+03	3.5342893725484799e+00
81460	2	6.1789194871313757e+03	3.5418424981785317e+00
81470	2	6.2143746451238067e+03	3.5491483498092866e+00
81480	2	6.2499016437690634e+03	3.5562113613009978e+00
81490	2	6.2854980766281760e+03	3.5630358731744249e+00
81500	2	6.3211615802650713e+03	3.5696261341130651e+00
81510	2	6.3568898333024181e+03	3.5759863033156005e+00
81520	2	6.3926805546758997e+03	3.5821204525173931e+00
81530	2	6.4285315037706650e+03	3.5880325663824983e+00
81540	2	6.4644404796230920e+03	3.5937265439779584e+00
81550	2	6.5004053200247836e+03	3.5992062003322625e+00
81560	2	6.5364239006388098e+03	3.6044752679971239e+00
81570	2	6.5724941341284157e+03	3.6095373986096608e+00
81580	2	6.6086139692980805e+03	3.6143961644523204e+00
81590	2	6.6447813902472762e+03	3.6190550600081348e+00
83910	1	6.6643476375271848e+03	-3.6190992078632753e+00
83920	1	6.6281789147540912e+03	-3.6146131313902110e+00
83930	1	6.5920560244158496e+03	-3.6099320951753384e+00
83940	1	6.5559809332177056e+03	-3.6050527302625381e+00
83950	1	6.5199556418500488e+03	-3.5999715927190858e+00
83960	1	6.4839821856189565e+03	-3.5946851622544052e+00
83970	1	6.4480626352892732e+03	-3.5891898406896279e+00
83980	1	6.4121990979403936e+03	-3.5834819504216129e+00
83990	1	6.3763937178345686e+03	-3.5775577328837325e+00
84000	1	6.3406486771529371e+03	-3.5714133469806102e+00
84010	1	6.3049661970565003e+03	-3.5650448667561476e+00
84020	1	6.2693485389876878e+03	-3.5584482798634856e+00
84030	1	6.2337980046970770e+03	-3.5516194867154516e+00
84040	1	6.1983169371538943e+03	-3.5445542989754624e+00
84050	1	6.1629077215133802e+03	-3.5372484380432332e+00
84060	1	6.1275727860964316e+03	-3.5296975335594660e+00
84070	1	6.0923146033811363e+03	-3.5218971219340096e+00
84080	1	6.0571356909937649e+03	-3.5138426449031650e+00
84090	1	6.0220386123651797e+03	-3.5055294477263113e+00
84100	1	5.9870259787893256e+03	-3.4969527768813715e+00
84110	1	5.9521004496980540e+03	-3.4881077796642943e+00
84120	1	5.9172647332580618e+03	-3.4789895031274285e+00
84130	1	5.8825215874542346e+03	-3.4695928928423534e+00
84140	1	5.8478738211821283e+03	-3.4599127917276822e+00
84150	1	5.8133242953490017e+03	-3.4499439389499096e+00
84160	1	5.7788759239821920e+03	-3.4396809689057788e+00
84170	1	5.7445316753440447e+03	-3.4291184102953967e+00
84180	1	5.7102945727079623e+03	-3.4182506850365901e+00
84190	1	5.6761676962148686e+03	-3.4070721063432821e+00
84200	1	5.6421541839796582e+03	-3.3955768789218981e+00
84210	1	5.6082572322801625e+03	-3.3837590989330031e+00
84220	1	5.5744800967162955e+03	-3.3716127536485394e+00
84230	1	5.5408260933728907e+03	-3.3591317212661225e+00
84240	1	5.5072985999804987e+03	-3.3463097708947034e+00
84250	1	5.4739010570721175e+03	-3.3331405627263622e+00
84260	1	5.4406369691338050e+03	-3.3196176484097042e+00
84270	1	5.4075099057434063e+03	-3.3057344716408701e+00
84280	1	5.3745235022111410e+03	-3.2914843684393538e+00
84290	1	5.3416814619438164e+03	-3.2768605671344835e+00
84300	1	5.3089875569414717e+03	-3.2618561908161210e+00
84310	1	5.2764456281488137e+03	-3.2464642591871105e+00
84320	1	5.2440595865553914e+03	-3.2306776904844066e+00
84330	1	5.2118334142717113e+03	-3.2144893037331022e+00
84340	1	5.1797711655776293e+03	-3.1978918213560918e+00
84350	1	5.1478769679391617e+03	-3.1808778721628874e+00
84360	1	5.1161550229897966e+03	-3.1634399947422134e+00
84370	1	5.0846096074717161e+03	-3.1455706412836362e+00
84380	1	5.0532450738515963e+03	-3.1272621816275219e+00
84390	1	5.0220658514574588e+03	-3.1085069065506787e+00
84400	1	4.9910764481624465e+03	-3.0892970337757975e+00
84410	1	4.9602814496862884e+03	-3.0696247143201547e+00
84420	1	4.9296855202395827e+03	-3.0494820388217536e+00
84430	1	4.8992934031668101e+03	-3.0288610444642061e+00
84440	1	4.8691099215131853e+03	-3.0077537225264210e+00
84450	1	4.8391399785089588e+03	-2.9861520265876029e+00
84460	1	4.8093885579642447e+03	-2.9640478814179780e+00
84470	1	4.7798607245670964e+03	-2.9414331925858082e+00
84480	1	4.7505616240773743e+03	-2.9182998568109531e+00
84490	1	4.7214964829824203e+03	-2.8946397725883317e+00
84500	1	4.6926706092286913e+03	-2.8704448506467601e+00
84510	1	4.6640893924309603e+03	-2.8457070279862267e+00
84520	1	4.6357583022853187e+03	-2.8204182816795216e+00
84530	1	4.6076828881577721e+03	-2.7945706433309323e+00
84540	1	4.5798687785345855e+03	-2.7681562144488439e+00
84550	1	4.5523216803100968e+03	-2.7411671827500008e+00
84560	1	4.5250473779024414e+03	-2.7135958394151456e+00
84570	1	4.4980517321872494e+03	-2.6854345973127867e+00
84580	1	4.4713406792395417e+03	-2.6566760102047877e+00
84590	1	4.4449202288734668e+03	-2.6273127929432918e+00
84600	1	4.4187964627513757e+03	-2.5973378424165885e+00
84610	1	4.3929755324395755e+03	-2.5667442579264370e+00
84620	1	4.3674636587262776e+03	-2.5355253654421999e+00
84630	1	4.3422671276735236e+03	-2.5036747421379149e+00
84640	1	4.3173922878958920e+03	-2.4711862414050376e+00
84650	1	4.2928455477405178e+03	-2.4380540188611572e+00
84660	1	4.2686333721977553e+03	-2.4042725592684020e+00
84670	1	4.2447622795334510e+03	-2.3698367043227679e+00
84680	1	4.2212388376340659e+03	-2.3347416812667783e+00
84690	1	4.1980696600564634e+03	-2.2989831322687295e+00
84700	1	4.1752614017746873e+03	-2.2625571445022366e+00
84710	1	4.1528207546169178e+03	-2.2254602808495219e+00
84720	1	4.1307544419432970e+03	-2.1876896102956866e+00
84730	1	4.1090692142173612e+03	-2.1492427381198631e+00
84740	1	4.0877718439394525e+03	-2.1101178397660432e+00
84750	1	4.0668691185343168e+03	-2.0703136926807555e+00
84760	1	4.0463678342281487e+03	-2.0298297085259160e+00
84770	1	4.0262747896131159e+03	-1.9886659653387491e+00
84780	1	4.0065967788858502e+03	-1.9468232394722234e+00
84790	1	3.9873405847627828e+03	-1.9043030371509371e+00
84800	1	3.9685129710765777e+03	-1.8611076254659902e+00
84810	1	3.9501206750601104e+03	-1.8172400626228540e+00
84820	1	3.9321703993260444e+03	-1.7727042272464388e+00
84830	1	3.9146688035522961e+03	-1.7275048465391203e+00
84840	1	3.8976224955709372e+03	-1.6816475223341683e+00
84850	1	3.8810380228345807e+03	-1.6351387543699680e+00
84860	1	3.8649218642365108e+03	-1.5879859661115467e+00
84870	1	3.8492804194534251e+03	-1.5401975254738720e+00
84880	1	3.8341199994205181e+03	-1.4917827638380980e+00
84890	1	3.8194468166761803e+03	-1.4427519926589376e+00
84900	1	3.8052669755477900e+03	-1.3931165173763820e+00
84910	1	3.7915864622063746e+03	-1.3428886484145459e+00
84920	1	3.7784111346200539e+03	-1.2920817090580110e+00
84930	1	3.7657467124382956e+03	-1.2407100400065636e+00
84940	1	3.7535987668408097e+03	-1.1887890004212507e+00
84950	1	3.7419727103869150e+03	-1.1363349652907582e+00
84960	1	3.7308737868813209e+03	-1.0833653189106287e+00
84970	1	3.7203070608421740e+03	-1.0298984419885757e+00
84980	1	3.7102774089363229e+03	-9.7595369836860679e-01
84990	1	3.7007895095326203e+03	-9.2155141719433498e-01
85000	1	3.6918478327297535e+03	-8.6671286925347890e-01
85010	1	3.6834566311348681e+03	-8.1146023980944926e-01
85020	1	3.6756199309281824e+03	-7.5581659720287619e-01
85030	1	3.6683415232554898e+03	-6.9980585726006306e-01
85040	1	3.6616249559899488e+03	-6.4345274357903426e-01
85050	1	3.6554735259036397e+03	-5.8678274379785245e-01
85060	1	3.6498902712882755e+03	-5.2982206198412718e-01
85070	1	3.6448779650628271e+03	-4.7259756731913294e-01
85080	1	3.6404391084039794e+03	-4.1513673928267036e-01
85090	1	3.6365759249178786e+03	-3.5746760949167117e-01
85100	1	3.6332903551453264e+03	-2.9961869766281907e-01
85110	1	3.6305840527395799e+03	-2.4161894992847757e-01
85120	1	3.6284583800811865e+03	-1.8349767332356867e-01
85130	1	3.6269144048035687e+03	-1.2528446671944427e-01
85140	1	3.6259528972742091e+03	-6.7009151031608233e-02
85150	1	3.6255743287726114e+03	-8.7016981733992090e-03
85160	1	3.6257788703754682e+03	4.9607840847104692e-02
85170	1	3.6265663925554554e+03	1.0788940828036810e-01
85180	1	3.6279364654960013e+03	1.6611301202784276e-01
85190	1	3.6298883601203311e+03	2.2424879766247671e-01
85200	1	3.6324210498289644e+03	2.8226711966943901e-01
85210	1	3.6355332129358944e+03	3.4013861150765112e-01
85220	1	3.6392232357695048e+03	3.9783425447577797e-01
85230	1	3.6434892164068724e+03	4.5532544730017899e-01
85240	1	3.6483289693786301e+03	5.1258406707051429e-01
85250	1	3.6537400305799692e+03	5.6958253157845351e-01
85260	1	3.6597196629791729e+03	6.2629385846357899e-01
85270	1	3.6662648629318346e+03	6.8269172067851946e-01
85280	1	3.6733723670244649e+03	7.3875049849686991e-01
85290	1	3.6810386594117390e+03	7.9444532785057942e-01
85300	1	3.6892599796098616e+03	8.4975214481760775e-01
85310	1	3.6980323307068311e+03	9.0464772611388999e-01
85320	1	3.7073514879490963e+03	9.5910972547842754e-01
85330	1	3.7172130076633107e+03	1.0131167058743629e+00
85340	1	3.7276122364713192e+03	1.0666481674662174e+00
85350	1	3.7385443207990697e+03	1.1196845734330505e+00
85360	1	3.7500042164256579e+03	1.1722073691816659e+00
85370	1	3.7619866984471446e+03	1.2241989959769506e+00
85380	1	3.7744863714198032e+03	1.2756429031963117e+00
85390	1	3.7874976795039247e+03	1.3265235555307491e+00
85400	1	3.8010149166520732e+03	1.3768264363231164e+00
85410	1	3.8150322368040133e+03	1.4265380471932507e+00
85420	1	3.8295436640521525e+03	1.4756459041184138e+00
85430	1	3.8445431027430527e+03	1.5241385301528232e+00
85440	1	3.8600243474826730e+03	1.5720054449842209e+00
85450	1	3.8759810930148315e+03	1.6192371515351129e+00
85460	1	3.8924069439448513e+03	1.6658251198262835e+00
85470	1	3.9092954244166203e+03	1.7117617700475525e+00
85480	1	3.9266399870940400e+03	1.7570404517386242e+00
85490	1	3.9444340224853590e+03	1.8016554190320353e+00
85500	1	3.9626708681509226e+03	1.8456018065409237e+00
85510	1	3.9813438173848922e+03	1.8888756028036995e+00
85520	1	4.0004461276165844e+03	1.9314736223281554e+00
85530	1	4.0199710285186666e+03	1.9733934764485968e+00
85540	1	4.0399117298116639e+03	2.0146335432019558e+00
85550	1	4.0602614287561123e+03	2.0551929364206716e+00
85560	1	4.0810133173257882e+03	2.0950714742307910e+00
85570	1	4.1021605890570481e+03	2.1342696471334386e+00
85580	1	4.1236964456097030e+03	2.1727885860144047e+00
85590	1	4.1456141030636954e+03	2.2106300320374648e+00
85600	1	4.1679067972146095e+03	2.2477963028821386e+00
85610	1	4.1905677897966880e+03	2.2842902603995818e+00
85620	1	4.2135903738934376e+03	2.3201152790787507e+00
85630	1	4.2369678788989750e+03	2.3552752146751290e+00
85640	1	4.2606936751614176e+03	2.3897743733606789e+00
85650	1	4.2847611783141001e+03	2.4236174814840230e+00
85660	1	4.3091638533014675e+03	2.4568096560197272e+00
85670	1	4.3338952181071236e+03	2.4893563757747348e+00
85680	1	4.3589488471920149e+03	2.5212634534107163e+00
85690	1	4.3843183746608802e+03	2.5525370083561696e+00
85700	1	4.4099974973603166e+03	2.5831834421668636e+00
85710	1	4.4359799768173125e+03	2.6132094131007273e+00
85720	1	4.4622596422067445e+03	2.6426218106455526e+00
85730	1	4.4888303928368923e+03	2.6714277324040911e+00
85740	1	4.5156862001000964e+03	2.6996344616911707e+00
85750	1	4.5428211091983085e+03	2.7272494461308132e+00
85760	1	4.5702292406537645e+03	2.7542802772535864e+00
85770	1	4.5979047916149684e+03	2.7807346710894936e+00
85780	1	4.6258420369682253e+03	2.8066204497474354e+00
85790	1	4.6540353302645199e+03	2.8319455239682054e+00
85800	1	4.6824791045134771e+03	2.8567178767418717e+00
85810	1	4.7111678728805718e+03	2.8809455494054030e+00
85820	1	4.7400962284749166e+03	2.9046366262419969e+00
85830	1	4.7692588454616844e+03	2.9277992200208480e+00
85840	1	4.7986504794181310e+03	2.9504414591823149e+00
85850	1	4.8282659674010356e+03	2.9725714757436963e+00
85860	1	4.8581002278918004e+03	2.9941973940184461e+00
85870	1	4.8881482606277395e+03	3.0153273201196931e+00
85880	1	4.9184051463272172e+03	3.0359693322180132e+00
85890	1	4.9488660463163324e+03	3.0561314715231434e+00
85900	1	4.9795262020656546e+03	3.0758217339633762e+00
85910	1	5.0103809347268680e+03	3.0950480636754629e+00
85920	1	5.0414256441298257e+03	3.1138183462190212e+00
85930	1	5.0726558085911238e+03	3.1321404008083196e+00
85940	1	5.1040669844569102e+03	3.1500219746510405e+00
85950	1	5.1356548053186898e+03	3.1674707375920521e+00
85960	1	5.1674149811735488e+03	3.1844942772738136e+00
85970	1	5.1993432975339219e+03	3.2011000947854837e+00
85980	1	5.2314356144918884e+03	3.2172956007734057e+00
85990	1	5.2636878657469979e+03	3.2330881119897890e+00
86000	1	5.2960960577781025e+03	3.2484848488910010e+00
86010	1	5.3286562682372669e+03	3.2634929335816012e+00
86020	1	5.3613646454157861e+03	3.2781193865371732e+00
86030	1	5.3942174074960458e+03	3.2923711245324609e+00
86040	1	5.4272108414648610e+03	3.3062549589606869e+00
86050	1	5.4603413020072558e+03	3.3197775944496657e+00
86060	1	5.4936052103837519e+03	3.3329456277545284e+00
86070	1	5.5269990532938473e+03	3.3457655469077370e+00
86080	1	5.5605193817349600e+03	3.3582437306189514e+00
86090	1	5.5941628099450472e+03	3.3703864487049180e+00
86100	1	5.6279260138425389e+03	3.3821998621474787e+00
86110	1	5.6618057304300519e+03	3.3936900221652135e+00
86120	1	5.6957987568639765e+03	3.4048628703781554e+00
86130	1	5.7299019493137303e+03	3.4157242391189899e+00
86140	1	5.7641122218208602e+03	3.4262798518926587e+00
86150	1	5.7984265451599013e+03	3.4365353239718770e+00
86160	1	5.8328419457022010e+03	3.4464961631165294e+00
86170	1	5.8673555043075539e+03	3.4561677708440559e+00
86180	1	5.9019643550478331e+03	3.4655554440392398e+00
86190	1	5.9366656844071085e+03	3.4746643749495054e+00
86200	1	5.9714567304355360e+03	3.4834996523166191e+00
86210	1	6.0063347816698288e+03	3.4920662625418730e+00
86220	1	6.0412971760612627e+03	3.5003690909166005e+00
86230	1	6.0763412999130924e+03	3.5084129229126000e+00
86240	1	6.1114645869496981e+03	3.5162024456899963e+00
86250	1	6.1466645169602243e+03	3.5237422502046525e+00
86260	1	6.1819386150556502e+03	3.5310368320782808e+00
86270	1	6.2172844510126561e+03	3.5380905927812973e+00
86280	1	6.2526996382880843e+03	3.5449078411080297e+00
86290	1	6.2881818330447231e+03	3.5514927946769150e+00
86300	1	6.3237287331891775e+03	3.5578495814511282e+00
86310	1	6.3593380774944198e+03	3.5639822412724365e+00
86320	1	6.3950076446832591e+03	3.5698947280300004e+00
86330	1	6.4307352520299401e+03	3.5755909115498610e+00
86340	1	6.4665187552461502e+03	3.5810745782918829e+00
86350	1	6.5023560476894600e+03	3.5863494328380949e+00
86360	1	6.5382450594999100e+03	3.5914190994408934e+00
86370	1	6.5741837567490902e+03	3.5962871235690330e+00
86380	1	6.6101701406015154e+03	3.6009569734489677e+00
86390	1	6.6462022464925540e+03	3.6054320415995260e+00
88200	3	6.6472450054739684e+03	-1.8074036996768843e+00
88210	3	6.6292662823592400e+03	-1.7883015125150568e+00
88220	3	6.6114797613555447e+03	-1.7689633108433789e+00
88230	3	6.5938878027977444e+03	-1.7493890740102669e+00
88240	3	6.5764927667805659e+03	-1.7295788547774935e+00
88250	3	6.5592970124513749e+03	-1.7095327813306342e+00
88260	3	6.5423028972786587e+03	-1.6892510592797747e+00
88270	3	6.5255127762963384e+03	-1.6687339736469107e+00
88280	3	6.5089290012981264e+03	-1.6479818907283754e+00
88290	3	6.4925539200333133e+03	-1.6269952588667265e+00
88300	3	6.4763898756355666e+03	-1.6057746110057176e+00
88310	3	6.4604392053820266e+03	-1.5843205669360427e+00
88320	3	6.4447042398017538e+03	-1.5626338350801265e+00
88330	3	6.4291873018181213e+03	-1.5407152143046885e+00
88340	3	6.4138907058690020e+03	-1.5185655956926241e+00
88350	3	6.3988167570050991e+03	-1.4961859642697946e+00
88360	3	6.3839677499666823e+03	-1.4735774006824989e+00
88370	3	6.3693459682123812e+03	-1.4507410825146219e+00
88380	3	6.3549536830470470e+03	-1.4276782849460812e+00
88390	3	6.3407931526128759e+03	-1.4043903831825260e+00
88400	3	6.3268666207021752e+03	-1.3808788538186645e+00
88410	3	6.3131763157662999e+03	-1.3571452761706959e+00
88420	3	6.2997244499122653e+03	-1.3331913335479346e+00
88430	3	6.2865132178823542e+03	-1.3090188144431818e+00
88440	3	6.2735447960169759e+03	-1.2846296136330937e+00
88450	3	6.2608213411809838e+03	-1.2600257326580386e+00
88460	3	6.2483449898035706e+03	-1.2352092805188477e+00
88470	3	6.2361178566596063e+03	-1.2101824749858201e+00
88480	3	6.2241420337412892e+03	-1.1849476432344370e+00
88490	3	6.2124195891887184e+03	-1.1595072224407674e+00
88500	3	6.2009525662102942e+03	-1.1338637602647472e+00
88510	3	6.1897429819877707e+03	-1.1080199152131156e+00
88520	3	6.1787928265197843e+03	-1.0819784565360278e+00
88530	3	6.1681040617392291e+03	-1.0557422639366905e+00
88540	3	6.1576786202055609e+03	-1.0293143279574566e+00
88550	3	6.1475184039521473e+03	-1.0026977498841714e+00
88560	3	6.1376252834080342e+03	-9.7589574146614455e-01
88570	3	6.1280010963183140e+03	-9.4891162449963629e-01
88580	3	6.1186476466646318e+03	-9.2174883027192522e-01
88590	3	6.1095667035795104e+03	-8.9441089885210856e-01
88600	3	6.1007600002029476e+03	-8.6690147769167891e-01
88610	3	6.0922292328630665e+03	-8.3922432031793925e-01
88620	3	6.0839760598062394e+03	-8.1138328567842255e-01
88630	3	6.0760021000991128e+03	-7.8338233686578618e-01
88640	3	6.0683089326213549e+03	-7.5522553967761530e-01
88650	3	6.0608980950687046e+03	-7.2691706102709852e-01
88660	3	6.0537710829676898e+03	-6.9846116720467732e-01
88670	3	6.0469293487034511e+03	-6.6986222199067602e-01
88680	3	6.0403743005545084e+03	-6.4112468452062310e-01
88690	3	6.0341073017533708e+03	-6.1225310605772620e-01
88700	3	6.0281296696466161e+03	-5.8325212826798978e-01
88710	3	6.0224426746819881e+03	-5.5412648092914585e-01
88720	3	6.0170475395459107e+03	-5.2488097923225074e-01
88730	3	6.0119454383420043e+03	-4.9552052102305505e-01
88740	3	6.0071374957927783e+03	-4.6605008390797181e-01
88750	3	6.0026247864658453e+03	-4.3647472222796158e-01
88760	3	5.9984083340159614e+03	-4.0679956379544574e-01
88770	3	5.9944891104750841e+03	-3.7702980582759105e-01
88780	3	5.9908680356181712e+03	-3.4717071192439286e-01
88790	3	5.9875459762347891e+03	-3.1722760869604211e-01
88800	3	5.9845237455288143e+03	-2.8720588211621817e-01
88810	3	5.9818021025577764e+03	-2.5711097379479281e-01
88820	3	5.9793817517047746e+03	-2.2694837715357322e-01
88830	3	5.9772633421839328e+03	-1.9672363351120378e-01
88840	3	5.9754474675770889e+03	-1.6644232784167612e-01
88850	3	5.9739346654189712e+03	-1.3611008394252930e-01
88860	3	5.9727254168277386e+03	-1.0573256103720986e-01
88870	3	5.9718201461623239e+03	-7.5315449442477270e-02
88880	3	5.9712192207416438e+03	-4.4864466283969583e-02
88890	3	5.9709229506022757e+03	-1.4385351184263831e-02
88900	3	5.9709315882935807e+03	1.6116138099804125e-02
88910	3	5.9712453287128064e+03	4.6634230437698217e-02
88920	3	5.9718643089958750e+03	7.7163145982226441e-02
88930	3	5.9727886084445863e+03	1.0769710030508164e-01
88940	3	5.9740182485128653e+03	1.3823030880269910e-01
88950	3	5.9755531928343808e+03	1.6875699111954040e-01
88960	3	5.9773933472891977e+03	1.9927137556117266e-01
88970	3	5.9795385601092221e+03	2.2976770348914546e-01
88980	3	5.9819886220272929e+03	2.6024023384081396e-01
88990	3	5.9847432664552571e+03	2.9068324818395552e-01
89000	3	5.9878021697195854e+03	3.2109105468059046e-01
89010	3	5.9911649513810471e+03	3.5145799217347529e-01
89020	3	5.9948311745728297e+03	3.8177843436638914e-01
89030	3	5.9988003463743971e+03	4.1204679393590038e-01
89040	3	6.0030719182209050e+03	4.4225752657030276e-01
89050	3	6.0076452863473878e+03	4.7240513492887964e-01
89060	3	6.0125197922691832e+03	5.0248417252835997e-01
89070	3	6.0176947233188075e+03	5.3248924817918453e-01
89080	3	6.0231693131158918e+03	5.6241502995234438e-01
89090	3	6.0289427422528761e+03	5.9225624822086032e-01
89100	3	6.0350141389754272e+03	6.2200769912322607e-01
89110	3	6.0413825798623902e+03	6.5166424790423871e-01
89120	3	6.0480470905333395e+03	6.8122083213536899e-01
89130	3	6.0550066463826643e+03	7.1067246481054458e-01
89140	3	6.0622601733386400e+03	7.4001423731338545e-01
89150	3	6.0698065486466057e+03	7.6924132225259034e-01
89160	3	6.0776446017278740e+03	7.9834897665267868e-01
89170	3	6.0857731148829607e+03	8.2733254528254463e-01
89180	3	6.0941908242223917e+03	8.5618746228174314e-01
89190	3	6.1028964206959290e+03	8.8490925340416238e-01
89200	3	6.1118885510235759e+03	9.1349353813749690e-01
89210	3	6.1211658186416953e+03	9.4193603167678464e-01
89220	3	6.1307267846632431e+03	9.7023254675141490e-01
89230	3	6.1405699688503728e+03	9.9837899530521645e-01
89240	3	6.1506938505981225e+03	1.0263713900296840e+00
89250	3	6.1610968699307377e+03	1.0542058457578214e+00
89260	3	6.1717774286005251e+03	1.0818785814976797e+00
89270	3	6.1827338908250777e+03	1.1093859220097733e+00
89280	3	6.1939645845306395e+03	1.1367242979007277e+00
89290	3	6.2054678025482444e+03	1.1638902464248346e+00
89300	3	6.2172418036835443e+03	1.1908804121335530e+00
89310	3	6.2292848137874171e+03	1.2176915473866212e+00
89320	3	6.2415950268260203e+03	1.2443205127273791e+00
89330	3	6.2541706059490007e+03	1.2707642771251149e+00
89340	3	6.2670096845546886e+03	1.2970199180875595e+00
89350	3	6.2801103673508223e+03	1.3230846216467351e+00
89360	3	6.2934707315016476e+03	1.3489556825656037e+00
89370	3	6.3070888275298230e+03	1.3746305053625725e+00
89380	3	6.3209626802425091e+03	1.4001066029377367e+00
89390	3	6.3350902901975123e+03	1.4253815958546272e+00
89400	3	6.3494696347845374e+03	1.4504532117318272e+00
89410	3	6.3640986692855331e+03	1.4753192845217531e+00
89420	3	6.3789753279225788e+03	1.4999777536896104e+00
89430	3	6.3940975248920922e+03	1.5244266632969985e+00
89440	3	6.4094631553848785e+03	1.5486641609946674e+00
89450	3	6.4250700965909537e+03	1.5726884969289348e+00
89460	3	6.4409162086884589e+03	1.5964980225663445e+00
89470	3	6.4569993359899063e+03	1.6200911900338064e+00
89480	3	6.4733173075137756e+03	1.6434665519688716e+00
89490	3	6.4898679380050407e+03	1.6666227588766547e+00
89500	3	6.5066490293162842e+03	1.6895585575156360e+00
89510	3	6.5236583713569271e+03	1.7122727893546765e+00
89520	3	6.5408937430214137e+03	1.7347643889746094e+00
89530	3	6.5583529130964953e+03	1.7570323824194325e+00
89540	3	6.5760336411472181e+03	1.7790758855014390e+00
89550	3	6.5939336783812269e+03	1.8008941020646458e+00
89560	3	6.6120507684911599e+03	1.8224863222107210e+00
89570	3	6.6303826484746151e+03	1.8438519204915351e+00
89580	3	6.6489270495600376e+03	1.8649903543228572e+00
90020	2	6.6297628486806279e+03	-3.6200661429821670e+00
90030	2	6.5935852774394780e+03	-3.6154157820594657e+00
90040	2	6.5574552015746785e+03	-3.6105664817119374e+00
90050	2	6.5213746273422894e+03	-3.6055147638199876e+00
90060	2	6.4853455962627322e+03	-3.6002570730928833e+00
90070	2	6.4493701858133354e+03	-3.5947897754493274e+00
90080	2	6.4134505095592040e+03	-3.5891091545942495e+00
90090	2	6.3775887208589502e+03	-3.5832114103761294e+00
90100	2	6.3417870115262886e+03	-3.5770926589557983e+00
90110	2	6.3060476121596021e+03	-3.5707489312738230e+00
90120	2	6.2703727930848145e+03	-3.5641761714737608e+00
90130	2	6.2347648653115166e+03	-3.5573702353321828e+00
90140	2	6.1992261815023821e+03	-3.5503268886991033e+00
90150	2	6.1637591369553493e+03	-3.5430418059526763e+00
90160	2	6.1283661705984896e+03	-3.5355105684724357e+00
90170	2	6.0930497659971797e+03	-3.5277286631356239e+00
90180	2	6.0578124523732222e+03	-3.5196914808415660e+00
90190	2	6.0226568056354517e+03	-3.5113943150694440e+00
90200	2	5.9875854490533457e+03	-3.5028323601411593e+00
90210	2	5.9526010545050203e+03	-3.4940007076484587e+00
90220	2	5.9177063452644061e+03	-3.4848943465766276e+00
90230	2	5.8829040948724160e+03	-3.4755081628784130e+00
90240	2	5.8481971281047245e+03	-3.4658369382388163e+00
90250	2	5.8135883221011627e+03	-3.4558753489360470e+00
90260	2	5.7790806075034488e+03	-3.4456179647839682e+00
90270	2	5.7446769696001102e+03	-3.4350592481652513e+00
90280	2	5.7103804494778151e+03	-3.4241935531652343e+00
90290	2	5.6761941451775465e+03	-3.4130151248169418e+00
90300	2	5.6421212128545776e+03	-3.4015180984685580e+00
90310	2	5.6081648679407344e+03	-3.3896964992852419e+00
90320	2	5.5743283862292792e+03	-3.3775442418419557e+00
90330	2	5.5406151044140151e+03	-3.3650551281735837e+00
90340	2	5.5070284234400142e+03	-3.3522228477677638e+00
90350	2	5.4735718079976377e+03	-3.3390409792013771e+00
90360	2	5.4402487871225521e+03	-3.3255029904476081e+00
90370	2	5.4070629553795325e+03	-3.3116022394366280e+00
90380	2	5.3740179740364920e+03	-3.2973319748537944e+00
90390	2	5.3411175722261150e+03	-3.2826853371939215e+00
90400	2	5.3083655480923308e+03	-3.2676553600910307e+00
90410	2	5.2757657699185047e+03	-3.2522349719438806e+00
90420	2	5.2433221772343259e+03	-3.2364169978587496e+00
90430	2	5.2110387818976833e+03	-3.2201941619315453e+00
90440	2	5.1789196690678746e+03	-3.2035590898184507e+00
90450	2	5.1469689977394974e+03	-3.1865043099707395e+00
90460	2	5.1151910035992069e+03	-3.1690222573825642e+00
90470	2	5.0835899984318239e+03	-3.1511052786639770e+00
90480	2	5.0521703705968330e+03	-3.1327456362603558e+00
90490	2	5.0209365859245991e+03	-3.1139355132410009e+00
90500	2	4.9898931885588736e+03	-3.0946670186060565e+00
90510	2	4.9590448017397957e+03	-3.0749321931406737e+00
90520	2	4.9283961285217765e+03	-3.0547230158464811e+00
90530	2	4.8979519524201241e+03	-3.0340314109805515e+00
90540	2	4.8677171379799083e+03	-3.0128492557327866e+00
90550	2	4.8376966312604336e+03	-2.9911683885727625e+00
90560	2	4.8078954599356357e+03	-2.9689806177798368e+00
90570	2	4.7783187340030890e+03	-2.9462777293966269e+00
90580	2	4.7489716466689824e+03	-2.9230514995211765e+00
90590	2	4.7198594730416462e+03	-2.8992937057061647e+00
90600	2	4.6909875700847651e+03	-2.8749961390333745e+00
90610	2	4.6623613764916645e+03	-2.8501506170688695e+00
90620	2	4.6339864124216829e+03	-2.8247489976971369e+00
90630	2	4.6058682790894163e+03	-2.7987831938607699e+00
90640	2	4.5780126581976137e+03	-2.7722451892308770e+00
90650	2	4.5504253112038159e+03	-2.7451270548307143e+00
90660	2	4.5231120784110944e+03	-2.7174209666329383e+00
90670	2	4.4960788777271237e+03	-2.6891192238677828e+00
90680	2	4.4693317033816456e+03	-2.6602142667264523e+00
90690	2	4.4428766253899475e+03	-2.6306986983800891e+00
90700	2	4.4167197865998241e+03	-2.6005653068071304e+00
90710	2	4.3908674006804040e+03	-2.5698070872931824e+00
90720	2	4.3653257500021291e+03	-2.5384172660318276e+00
90730	2	4.3401011832711392e+03	-2.5063893247294367e+00
90740	2	4.3152001129078017e+03	-2.4737170261967720e+00
90750	2	4.2906290121593756e+03	-2.4403944409032006e+00
90760	2	4.2663944119371290e+03	-2.4064159744615603e+00
90770	2	4.2425028973684330e+03	-2.3717763960033298e+00
90780	2	4.2189611038449530e+03	-2.3364708667218856e+00
90790	2	4.1957757133951536e+03	-2.3004949684834277e+00
90800	2	4.1729534505150077e+03	-2.2638447362344061e+00
90810	2	4.1505010766869082e+03	-2.2265166889850949e+00
90820	2	4.1284253854341696e+03	-2.1885078616199949e+00
90830	2	4.1067331970647219e+03	-2.1498158371721234e+00
90840	2	4.0854313530848776e+03	-2.1104387794295789e+00
90850	2	4.0645267102802404e+03	-2.0703754657508759e+00
90860	2	4.0440261344619680e+03	-2.0296253199530176e+00
90870	2	4.0239364938782182e+03	-1.9881884451251248e+00
90880	2	4.0042646522470968e+03	-1.9460656558997300e+00
90890	2	3.9850174615696233e+03	-1.9032585088925593e+00
90900	2	3.9662017547751930e+03	-1.8597693359352909e+00
90910	2	3.9478243373079508e+03	-1.8156012746145560e+00
90920	2	3.9298919789333577e+03	-1.7707582979222662e+00
90930	2	3.9124114052942155e+03	-1.7252452428434937e+00
90940	2	3.8953892891814016e+03	-1.6790678375393744e+00
90950	2	3.8788322415341859e+03	-1.6322327269011920e+00
90960	2	3.8627468021872987e+03	-1.5847474962473522e+00
90970	2	3.8471394302950544e+03	-1.5366206926061383e+00
90980	2	3.8320164947654675e+03	-1.4878618429096429e+00
90990	2	3.8173842645723648e+03	-1.4384814716352528e+00
91000	2	3.8032488982412515e+03	-1.3884911145012233e+00
91010	2	3.7896164337145469e+03	-1.3379033293404483e+00
91020	2	3.7764927781374136e+03	-1.2867317037911421e+00
91030	2	3.7638836975767013e+03	-1.2349908595708230e+00
91040	2	3.7517948067078391e+03	-1.1826964531438398e+00
91050	2	3.7402315585064412e+03	-1.1298651726087565e+00
91060	2	3.7291992339435956e+03	-1.0765147302778282e+00
91070	2	3.7187029318814321e+03	-1.0226638503773720e+00
91080	2	3.7087475590831204e+03	-9.6833225492833652e-01
91090	2	3.6993378200766588e+03	-9.1354064376701694e-01
91100	2	3.6904782075254175e+03	-8.5831067059721122e-01
91110	2	3.6821729928644318e+03	-8.0266491475783130e-01
91120	2	3.6744262172330341e+03	-7.4662684866695106e-01
91130	2	3.6672416827467518e+03	-6.9022080098461569e-01
91140	2	3.6606229441441751e+03	-6.3347191543134318e-01
91150	2	3.6545733008741045e+03	-5.7640610453474039e-01
91160	2	3.6490957896740933e+03	-5.1905000130794798e-01
91170	2	3.6441931775174139e+03	-4.6143090624245958e-01
91180	2	3.6398679552360886e+03	-4.0357673080697554e-01
91190	2	3.6361223317311205e+03	-3.4551593776545247e-01
91200	2	3.6329582287867402e+03	-2.8727747848869684e-01
91210	2	3.6303772764995842e+03	-2.2889072740623040e-01
91220	2	3.6283808094107785e+03	-1.7038541361063914e-01
91230	2	3.6269698633344192e+03	-1.1179155140759989e-01
91240	2	3.6261451727693516e+03	-5.3139368781701120e-02
91250	2	3.6259071691472154e+03	5.5407651984195642e-03
91260	2	3.6262559798076145e+03	6.4218413759494580e-02
91270	2	3.6271914277011692e+03	1.2286314618899957e-01
91280	2	3.6287130318209142e+03	1.8144461157785807e-01
91290	2	3.6308200083406955e+03	2.3993261277331357e-01
91300	2	3.6335112725688646e+03	2.9829717883226869e-01
91310	2	3.6367854415122647e+03	3.5650863602023874e-01
91320	2	3.6406408371963716e+03	4.1453767739691866e-01
91330	2	3.6450754906930974e+03	4.7235543017688447e-01
91340	2	3.6500871468021373e+03	5.2993352067186505e-01
91350	2	3.6556732693599715e+03	5.8724413648147489e-01
91360	2	3.6618310471475270e+03	6.4426008562749515e-01
91370	2	3.6685574003675483e+03	7.0095485270106417e-01
91380	2	3.6758489876425051e+03	7.5730265203401914e-01
91390	2	3.6837022135415928e+03	8.1327847527278596e-01
91400	2	3.6921132366256411e+03	8.6885813619393126e-01
91410	2	3.7010779778917727e+03	9.2401831105434273e-01
91420	2	3.7105921295912558e+03	9.7873657469100817e-01
91430	2	3.7206511643788235e+03	1.0329914323296239e+00
91440	2	3.7312503447503404e+03	1.0867623470651735e+00
91450	2	3.7423847327259891e+03	1.1400297630131184e+00
91460	2	3.7540491998012726e+03	1.1927751248929923e+00
91470	2	3.7662384368368112e+03	1.2449808929656581e+00
91480	2	3.7789469643306961e+03	1.2966305529688205e+00
91490	2	3.7921691428334157e+03	1.3477086227397390e+00
91500	2	3.8058991832953184e+03	1.3982006546567034e+00
91510	2	3.8201311574114775e+03	1.4480932343284414e+00
91520	2	3.8348590079275327e+03	1.4973739757083979e+00
91530	2	3.8500765588718327e+03	1.5460315128264606e+00
91540	2	3.8657775256812915e+03	1.5940554883436209e+00
91550	2	3.8819555252041132e+03	1.6414365392045069e+00
91560	2	3.8986040856262875e+03	1.6881662808257014e+00
91570	2	3.9157166557407290e+03	1.7342372869614706e+00
91580	2	3.9332866147446812e+03	1.7796430674323003e+00
91590	2	3.9513072815989249e+03	1.8243780442841153e+00
91600	2	3.9697719240236429e+03	1.8684375259207993e+00
91610	2	3.9886737672198492e+03	1.9118176796469144e+00
91620	2	4.0080060023017950e+03	1.9545155028436547e+00
91630	2	4.0277617944280878e+03	1.9965287929945783e+00
91640	2	4.0479342906211073e+03	2.0378561167694800e+00
91650	2	4.0685166272668071e+03	2.0784967783666235e+00
91660	2	4.0895019374808280e+03	2.1184507882266237e+00
91670	2	4.1108833574935743e+03	2.1577188311008229e+00
91680	2	4.1326540333620087e+03	2.1963022321117465e+00
91690	2	4.1548071275890525e+03	2.2342029241302015e+00
91700	2	4.1773358250326492e+03	2.2714234149618013e+00
91710	2	4.2002333384805670e+03	2.3079667547650748e+00
91720	2	4.2234929138942498e+03	2.3438365038235918e+00
91730	2	4.2471078353259363e+03	2.3790367007821027e+00
91740	2	4.2710714295144617e+03	2.4135718314456840e+00
91750	2	4.2953770701660906e+03	2.4474467982294672e+00
91760	2	4.3200181819487425e+03	2.4806668903706477e+00
91770	2	4.3449882444412160e+03	2.5132377562684161e+00
91780	2	4.3702807946483654e+03	2.5451653752721488e+00
91790	2	4.3958894307948967e+03	2.5764560294718035e+00
91800	2	4.4218078155038502e+03	2.6071162774164436e+00
91810	2	4.4480296784196571e+03	2.6371529286642064e+00
91820	2	4.4745488185752574e+03	2.6665730193244910e+00
91830	2	4.5013591065134560e+03	2.6953837886084751e+00
91840	2	4.5284544861730046e+03	2.7235926563975386e+00
91850	2	4.5558289765496520e+03	2.7512072018331089e+00
91860	2	4.5834766731428217e+03	2.7782351429264360e+00
91870	2	4.6113917491985594e+03	2.8046843171819553e+00
91880	2	4.6395684571346501e+03	2.8305626641476387e+00
91890	2	4.6680011285162782e+03	2.8558782090513799e+00
91900	2	4.6966841750833009e+03	2.8806390448980652e+00
91910	2	4.7256120899998041e+03	2.9048533169432669e+00
91920	2	4.7547794482837135e+03	2.9285292080849641e+00
91930	2	4.7841809070892050e+03	2.9516749251590655e+00
91940	2	4.8138112058508705e+03	2.9742986861115877e+00
91950	2	4.8436651662984914e+03	2.9964087080192039e+00
91960	2	4.8737376923510328e+03	3.0180131959286864e+00
91970	2	4.9040237698980545e+03	3.0391203324848788e+00
91980	2	4.9345184664765366e+03	3.0597382683164311e+00
91990	2	4.9652169309354140e+03	3.0798751132221893e+00
92000	2	4.9961143932610012e+03	3.0995389295769744e+00
92010	2	5.0272061625735741e+03	3.1187377247143009e+00
92020	2	5.0584876277387038e+03	3.1374794427776189e+00
92030	2	5.0899542569739151e+03	3.1557719583664356e+00
92040	2	5.1216015970970302e+03	3.1736230707570181e+00
92050	2	5.1534252727144767e+03	3.1910404986680589e+00
92060	2	5.1854209853548082e+03	3.2080318755421877e+00
92070	2	5.2175845125529449e+03	3.2246047453150681e+00
92080	2	5.2499117068898595e+03	3.2407665586443355e+00
92090	2	5.2823984949923988e+03	3.2565246695717409e+00
92100	2	5.3150408764976401e+03	3.2718863325925582e+00
92110	2	5.3478349230620597e+03	3.2868587001476959e+00
92120	2	5.3807767777556901e+03	3.3014488219207325e+00
92130	2	5.4138626522027216e+03	3.3156636434198687e+00
92140	2	5.4470888268416347e+03	3.3295100027900344e+00
92150	2	5.4804516502396873e+03	3.3429946294264274e+00
92160	2	5.5139475379688602e+03	3.3561241429493465e+00
92170	2	5.5475729714683221e+03	3.3689050524343451e+00
92180	2	5.5813244968960098e+03	3.3813437558793216e+00
92190	2	5.6151987239717946e+03	3.3934465398909803e+00
92200	2	5.6491923248145258e+03	3.4052195795740965e+00
92210	2	5.6833020327749091e+03	3.4166689386077405e+00
92220	2	5.7175246412663928e+03	3.4278005694935803e+00
92230	2	5.7518570025956788e+03	3.4386203139621552e+00
92240	2	5.7862960273006920e+03	3.4491339039679154e+00
92250	2	5.8208386821248723e+03	3.4593469644890980e+00
92260	2	5.8554819883403625e+03	3.4692650127842621e+00
92270	2	5.8902230221710151e+03	3.4788934584078439e+00
92280	2	5.9250589137056149e+03	3.4882376041804841e+00
92290	2	5.9599868457989151e+03	3.4973026472515922e+00
92300	2	5.9950040529796579e+03	3.5060936802440574e+00
92310	2	6.0301078203665529e+03	3.5146156924724608e+00
92320	2	6.0652954825930874e+03	3.5228735712266812e+00
92330	2	6.1005644227418297e+03	3.5308721031133019e+00
92340	2	6.1359120712890635e+03	3.5386159754478017e+00
92350	2	6.1713359050600538e+03	3.5461097776908601e+00
92360	2	6.2068334461958348e+03	3.5533580029227618e+00
92370	2	6.2424022616419352e+03	3.5603650502307316e+00
92380	2	6.2780399609730102e+03	3.5671352281097857e+00
92390	2	6.3137441955877739e+03	3.5736727537651332e+00
92400	2	6.3495126589463698e+03	3.5799817542417474e+00
92410	2	6.3853430856396872e+03	3.5860662679808817e+00
92420	2	6.4212332504693659e+03	3.5919302463878298e+00
92430	2	6.4571809675401601e+03	3.5975775554077556e+00
92440	2	6.4931840893645604e+03	3.6030119771061844e+00
92450	2	6.5292405059799294e+03	3.6082372112511596e+00
92460	2	6.5653481440782416e+03	3.6132568768942028e+00
92470	2	6.6015049661485018e+03	3.6180745139475361e+00
92480	2	6.6377089696319899e+03	3.6226935847552078e+00
94870	1	6.6596626377296261e+03	-3.5669309602521788e+00
94880	1	6.6240159356473187e+03	-3.5623782169913167e+00
94890	1	6.5884157169927257e+03	-3.5576337775126965e+00
94900	1	6.5528639146803998e+03	-3.5526943481885267e+00
94910	1	6.5173624949707146e+03	-3.5475565639043976e+00
94920	1	6.4819134582541001e+03	-3.5422169866702022e+00
94930	1	6.4465188390353942e+03	-3.5366721038117901e+00
94940	1	6.4111807081014485e+03	-3.5309183244349178e+00
94950	1	6.3759011742332868e+03	-3.5249519794587334e+00
94960	1	6.3406823827944372e+03	-3.5187693211053115e+00
94970	1	6.3055265165833289e+03	-3.5123665214939508e+00
94980	1	6.2704357967208725e+03	-3.5057396712417219e+00
94990	1	6.2354124835497314e+03	-3.4988847780751016e+00
95000	1	6.2004588775447019e+03	-3.4917977654561336e+00
95010	1	6.1655773202342234e+03	-3.4844744712269553e+00
95020	1	6.1307701951325489e+03	-3.4769106462768171e+00
95030	1	6.0960399286822712e+03	-3.4691019532359522e+00
95040	1	6.0613889912068098e+03	-3.4610439652011160e+00
95050	1	6.0268198978722721e+03	-3.4527321644978715e+00
95060	1	5.9923352090279159e+03	-3.4441619408074686e+00
95070	1	5.9579375322847300e+03	-3.4353285879160986e+00
95080	1	5.9236295242809665e+03	-3.4262273046498239e+00
95090	1	5.8894138896720633e+03	-3.4168531942627993e+00
95100	1	5.8552933821438692e+03	-3.4072012634345867e+00
95110	1	5.8212708054616733e+03	-3.3972664213486761e+00
95120	1	5.7873490145252908e+03	-3.3870434788531636e+00
95130	1	5.7535309164294449e+03	-3.3765271477123444e+00
95140	1	5.7198194715280615e+03	-3.3657120399583484e+00
95150	1	5.6862176945014999e+03	-3.3545926673527053e+00
95160	1	5.6527286554253906e+03	-3.3431634409681972e+00
95170	1	5.6193554808396520e+03	-3.3314186709020923e+00
95180	1	5.5861013548009141e+03	-3.3193525661234773e+00
95190	1	5.5529695191616120e+03	-3.3069592330406286e+00
95200	1	5.5199632767607036e+03	-3.2942326748451460e+00
95210	1	5.4870859914127705e+03	-3.2811667937697302e+00
95220	1	5.4543410879684616e+03	-3.2677553916147071e+00
95230	1	5.4217320533943457e+03	-3.2539921704779622e+00
95240	1	5.3892624378413984e+03	-3.2398707337103829e+00
95250	1	5.3569358556997131e+03	-3.2253845871136226e+00
95260	1	5.3247559866366428e+03	-3.2105271403976201e+00
95270	1	5.2927265766157916e+03	-3.1952917089163155e+00
95280	1	5.2608514388934873e+03	-3.1796715157005999e+00
95290	1	5.2291344549897540e+03	-3.1636596938084609e+00
95300	1	5.1975795756302368e+03	-3.1472492890130686e+00
95310	1	5.1661908212513235e+03	-3.1304332622469198e+00
95320	1	5.1349722835044977e+03	-3.1132044910466310e+00
95330	1	5.1039281268979475e+03	-3.0955557753303320e+00
95340	1	5.0730625879216041e+03	-3.0774798418312841e+00
95350	1	5.0423799757881352e+03	-3.0589693487428917e+00
95360	1	5.0118846731677531e+03	-3.0400168908602754e+00
95370	1	4.9815811368657487e+03	-3.0206150052225968e+00
95380	1	4.9514738984373607e+03	-3.0007561772821174e+00
95390	1	4.9215675647343951e+03	-2.9804328476263557e+00
95400	1	4.8918668183777936e+03	-2.9596374192800110e+00
95410	1	4.8623764181498991e+03	-2.9383622656134989e+00
95420	1	4.8331011993002749e+03	-2.9165997388850928e+00
95430	1	4.8040460733961527e+03	-2.8943421787531913e+00
95440	1	4.7752160290860365e+03	-2.8715819203849282e+00
95450	1	4.7466161326136144e+03	-2.8483113070261461e+00
95460	1	4.7182515263405630e+03	-2.8245227012754661e+00
95470	1	4.6901274285410382e+03	-2.8002084971121048e+00
95480	1	4.6622491330958319e+03	-2.7753611327264385e+00
95490	1	4.6346220090503539e+03	-2.7499731041568150e+00
95500	1	4.6072515000278054e+03	-2.7240369797527313e+00
95510	1	4.5801431234891616e+03	-2.6975454154830625e+00
95520	1	4.5533024698311474e+03	-2.6704911711053287e+00
95530	1	4.5267352013133150e+03	-2.6428671272095570e+00
95540	1	4.5004470507742199e+03	-2.6146663031022617e+00
95550	1	4.4744438197868967e+03	-2.5858818738941567e+00
95560	1	4.4487313783953186e+03	-2.5565071905054633e+00
95570	1	4.4233156622447232e+03	-2.5265358013309505e+00
95580	1	4.3982026701086015e+03	-2.4959614734547091e+00
95590	1	4.3733984616608450e+03	-2.4647782149598010e+00
95600	1	4.3489091550159856e+03	-2.4329802980958490e+00
95610	1	4.3247409240288362e+03	-2.4005622832817357e+00
95620	1	4.3008999953450239e+03	-2.3675190439136515e+00
95630	1	4.2773926451944590e+03	-2.3338457919420863e+00
95640	1	4.2542251959198184e+03	-2.2995381041730920e+00
95650	1	4.2314040122308415e+03	-2.2645919492380937e+00
95660	1	4.2089354968513790e+03	-2.2290037138256533e+00
95670	1	4.1868260871442417e+03	-2.1927702304383709e+00
95680	1	4.1650822500309587e+03	-2.1558888073356792e+00
95690	1	4.1437104765793993e+03	-2.1183572570688307e+00
95700	1	4.1227172768807786e+03	-2.0801739256571379e+00
95710	1	4.1021091746287020e+03	-2.0413377219327429e+00
95720	1	4.0818927013989787e+03	-2.0018481469368297e+00
95730	1	4.0620743906300431e+03	-1.9617053232396626e+00
95740	1	4.0426607713051812e+03	-1.9209100240472274e+00
95750	1	4.0236583613391495e+03	-1.8794637019476612e+00
95760	1	4.0050736606387372e+03	-1.8373685170354077e+00
95770	1	3.9869131437618412e+03	-1.7946273626564742e+00
95780	1	3.9691832531997034e+03	-1.7512438931046357e+00
95790	1	3.9518903909165720e+03	-1.7072225496057807e+00
95800	1	3.9350409102277381e+03	-1.6625685844452445e+00
95810	1	3.9186411076301129e+03	-1.6172880839382344e+00
95820	1	3.9026972144048864e+03	-1.5713879897942917e+00
95830	1	3.8872153880090832e+03	-1.5248761186776152e+00
95840	1	3.8722017032747904e+03	-1.4777611797637777e+00
95850	1	3.8576621434368935e+03	-1.4300527900944455e+00
95860	1	3.8436025910103103e+03	-1.3817614875193549e+00
95870	1	3.8300288184969286e+03	-1.3328987395905447e+00
95880	1	3.8169464793118700e+03	-1.2834769514298234e+00
95890	1	3.8043610980830849e+03	-1.2335094711972283e+00
95900	1	3.7922780611125741e+03	-1.1830105910802622e+00
95910	1	3.7807026069874410e+03	-1.1319955455001121e+00
95920	1	3.7696398172189538e+03	-1.0804805059127842e+00
95930	1	3.7590946069439192e+03	-1.0284825720843631e+00
95940	1	3.7490717157240647e+03	-9.7601975974005839e-01
95950	1	3.7395756984451800e+03	-9.2311098434770222e-01
95960	1	3.7306109164276672e+03	-8.6977604017251975e-01
95970	1	3.7221815290055983e+03	-8.1603557736506815e-01
95980	1	3.7142914847549055e+03	-7.6191107439131578e-01
95990	1	3.7069445133664858e+03	-7.0742480674494046e-01
96000	1	3.7001441178849122e+03	-6.5259981202879558e-01
96010	1	3.6938935673071242e+03	-5.9745985140524704e-01
96020	1	3.6881958895766811e+03	-5.4202936752703812e-01
96030	1	3.6830538650079211e+03	-4.8633343909016186e-01
96040	1	3.6784700201594587e+03	-4.3039773195379033e-01
96050	1	3.6744466222408273e+03	-3.7424844617049630e-01
96060	1	3.6709856741035965e+03	-3.1791226262838551e-01
96070	1	3.6680889095656576e+03	-2.6141628576379883e-01
96080	1	3.6657577894881501e+03	-2.0478798422149425e-01
96090	1	3.6639934984629649e+03	-1.4805512966893744e-01
96100	1	3.6627969421126481e+03	-9.1245733975622703e-02
96110	1	3.6621687450173249e+03	-3.4387985088872280e-02
96120	1	3.6621092492786493e+03	2.2489818134369767e-02
96130	1	3.6626185137377947e+03	7.9359332705398633e-02
96140	1	3.6636963138710485e+03	1.3619223684166643e-01
96150	1	3.6653421422995539e+03	1.9296029581532165e-01
96160	1	3.6675552099998263e+03	2.4963542743182726e-01
96170	1	3.6703344481631084e+03	3.0618976652063079e-01
96180	1	3.6736785106859079e+03	3.6259572823854258e-01
96190	1	3.6775857772799159e+03	4.1882606999886185e-01
96200	1	3.6820543571910248e+03	4.7485395203314867e-01
96210	1	3.6870820935035576e+03	5.3065299492799112e-01
96220	1	3.6926665680375600e+03	5.8619733511033678e-01
96230	1	3.6988051067870738e+03	6.4146167750559135e-01
96240	1	3.7054947858622286e+03	6.9642134524613175e-01
96250	1	3.7127324379048341e+03	7.5105232623935836e-01
96260	1	3.7205146589460619e+03	8.0533131642176858e-01
96270	1	3.7288378157040183e+03	8.5923576014698422e-01
96280	1	3.7376980531563559e+03	9.1274388655817307e-01
96290	1	3.7470913026035214e+03	9.6583474184975693e-01
96300	1	3.7570132900396684e+03	1.0184882181340402e+00
96310	1	3.7674595447470160e+03	1.0706850783629940e+00
96320	1	3.7784254081125164e+03	1.1224069774570393e+00
96330	1	3.7899060426290844e+03	1.1736364796629608e+00
96340	1	3.8018964410440326e+03	1.2243570721880042e+00
96350	1	3.8143914356481127e+03	1.2745531754509747e+00
96360	1	3.8273857075822425e+03	1.3242101505007970e+00
96370	1	3.8408737961627849e+03	1.3733143012068134e+00
96380	1	3.8548501085032485e+03	1.4218528741154435e+00
96390	1	3.8693089289388577e+03	1.4698140549311596e+00
96400	1	3.8842444283838900e+03	1.5171869619550749e+00
96410	1	3.8996506736015040e+03	1.5639616366898330e+00
96420	1	3.9155216363587510e+03	1.6101290317931536e+00
96430	1	3.9318512024415400e+03	1.6556809965703396e+00
96440	1	3.9486331806239064e+03	1.7006102606894706e+00
96450	1	3.9658613111137097e+03	1.7449104160968401e+00
96460	1	3.9835292740520526e+03	1.7885758955851556e+00
96470	1	4.0016306981104922e+03	1.8316019505268641e+00
96480	1	4.0201591685576086e+03	1.8739846269528115e+00
96490	1	4.0391082350713750e+03	1.9157207403456400e+00
96500	1	4.0584714192867136e+03	1.9568078493383942e+00
96510	1	4.0782422220683320e+03	1.9972442285002692e+00
96520	1	4.0984141305008634e+03	2.0370288403849339e+00
96530	1	4.1189806245951886e+03	2.0761613070187255e+00
96540	1	4.1399351839036717e+03	2.1146418819802988e+00
96550	1	4.1612712930938987e+03	2.1524714214523337e+00
96560	1	4.1829824481543774e+03	2.1896513541056573e+00
96570	1	4.2050621622340068e+03	2.2261836518960449e+00
96580	1	4.2275039709184175e+03	2.2620708008169528e+00
96590	1	4.2503014372081561e+03	2.2973157718934902e+00
96600	1	4.2734481562018454e+03	2.3319219925188244e+00
96610	1	4.2969377594884063e+03	2.3658933182244413e+00
96620	1	4.3207639192534416e+03	2.3992340049661927e+00
96630	1	4.3449203521053478e+03	2.4319486819984291e+00
96640	1	4.3694008228200446e+03	2.4640423258915685e+00
96650	1	4.3941991473190892e+03	2.4955202360645958e+00
96660	1	4.4193091955083064e+03	2.5263880085156689e+00
96670	1	4.4447248948019387e+03	2.5566515115571673e+00
96680	1	4.4704402327250682e+03	2.5863168623620578e+00
96690	1	4.4964492592674051e+03	2.6153904043510057e+00
96700	1	4.5227460890090706e+03	2.6438786854498746e+00
96710	1	4.5493249030276556e+03	2.6717884372309566e+00
96720	1	4.5761799505954323e+03	2.6991265549453907e+00
96730	1	4.6033055506759902e+03	2.7259000784496061e+00
96740	1	4.6306960932299617e+03	2.7521161740244535e+00
96750	1	4.6583460407003176e+03	2.7777821179261832e+00
96760	1	4.6862499281319297e+03	2.8029052809378228e+00
96770	1	4.7144023642959373e+03	2.8274931114656865e+00
96780	1	4.7427980329920092e+03	2.8515531207604514e+00
96790	1	4.7714316935840479e+03	2.8750928689835336e+00
96800	1	4.8002981813950109e+03	2.8981199520881167e+00
96810	1	4.8293924079690805e+03	2.9206419894932694e+00
96820	1	4.8587093612092149e+03	2.9426666125281722e+00
96830	1	4.8882441053979346e+03	2.9642014536223127e+00
96840	1	4.9179917811086862e+03	2.9852541362162879e+00
96850	1	4.9479476050153417e+03	3.0058322653675211e+00
96860	1	4.9781068699007992e+03	3.0259434194374646e+00
96870	1	5.0084649438669912e+03	3.0455951436784763e+00
96880	1	5.0390172693986742e+03	3.0647949414535138e+00
96890	1	5.0697593640099421e+03	3.0835502668796968e+00
96900	1	5.1006868197198155e+03	3.1018685184605639e+00
96910	1	5.1317953024346552e+03	3.1197570332483333e+00
96920	1	5.1630805512699753e+03	3.1372230815176838e+00
96930	1	5.1945383778166688e+03	3.1542738619251591e+00
96940	1	5.2261646653565740e+03	3.1709164971291037e+00
96950	1	5.2579553680321042e+03	3.1871580298455062e+00
96960	1	5.2899065099743075e+03	3.2030054193158199e+00
96970	1	5.3220141844061936e+03	3.2184655381679690e+00
96980	1	5.3542745532796762e+03	3.2335451706329419e+00
96990	1	5.3866838448309491e+03	3.2482510112504319e+00
97000	1	5.4192383533927223e+03	3.2625896610743528e+00
97010	1	5.4519344391222130e+03	3.2765676256145624e+00
97020	1	5.4847685270047168e+03	3.2901913132692027e+00
97030	1	5.5177371058383687e+03	3.3034670340249672e+00
97040	1	5.5508367272027463e+03	3.3164009984075498e+00
97050	1	5.5840640044140710e+03	3.3289993166651612e+00
97060	1	5.6174156114691004e+03	3.3412679981688016e+00
97070	1	5.6508882819803421e+03	3.3532129510138637e+00
97080	1	5.6844788081044098e+03	3.3648399818082586e+00
97090	1	5.7181840394685087e+03	3.3761547956334184e+00
97100	1	5.7520008827543988e+03	3.3871629969530668e+00
97110	1	5.7859262990911138e+03	3.3978700915297817e+00
97120	1	5.8199573035396743e+03	3.4082814849756313e+00
97130	1	5.8540909650409567e+03	3.4184024828122590e+00
97140	1	5.8883244053816261e+03	3.4282382910706990e+00
97150	1	5.9226547981624026e+03	3.4377940169964845e+00
97160	1	5.9570793677699467e+03	3.4470746698505121e+00
97170	1	5.9915953883533548e+03	3.4560851617967905e+00
97180	1	6.0262001828062657e+03	3.4648303088686263e+00
97190	1	6.0608911217555096e+03	3.4733148320054434e+00
97200	1	6.0956656225568704e+03	3.4815433581527673e+00
97210	1	6.1305211482990126e+03	3.4895204214185571e+00
97220	1	6.1654552070807076e+03	3.4972504643879394e+00
97230	1	6.2004653511666611e+03	3.5047378412964778e+00
97240	1	6.2355491742139347e+03	3.5119868191324337e+00
97250	1	6.2707043122784125e+03	3.5190015772414514e+00
97260	1	6.3059284431101923e+03	3.5257862085841190e+00
97270	1	6.3412192852555618e+03	3.5323447210788208e+00
97280	1	6.3765745971690421e+03	3.5386810389659673e+00
97290	1	6.4119921763355314e+03	3.5447990041895823e+00
97300	1	6.4474698584029475e+03	3.5507023777926223e+00
97310	1	6.4830055163255574e+03	3.5563948413225863e+00
97320	1	6.5185970595182071e+03	3.5618799982442964e+00
97330	1	6.5542424330216918e+03	3.5671613753569686e+00
97340	1	6.5899396166791557e+03	3.5722424242128534e+00
97350	1	6.6256866246150939e+03	3.5771265228505169e+00
97360	1	6.6614815042261653e+03	3.5818169795141634e+00
98380	3	6.6333943748158945e+03	-3.5207607320229144e+00
98390	3	6.5982156857437731e+03	-3.5149408993759894e+00
98400	3	6.5630962868562619e+03	-3.5089020282634307e+00
98410	3	6.5280383871369013e+03	-3.5026404271500677e+00
98420	3	6.4930442328898362e+03	-3.4961523302272255e+00
98430	3	6.4581161082636308e+03	-3.4894338964041984e+00
98440	3	6.4232563360785743e+03	-3.4824812082124463e+00
98450	3	6.3884672786619067e+03	-3.4752902707351323e+00
98460	3	6.3537513386905757e+03	-3.4678570105660080e+00
98470	3	6.3191109598325957e+03	-3.4601772747192867e+00
98480	3	6.2845486280979039e+03	-3.4522468288100363e+00
98490	3	6.2500668724848992e+03	-3.4440613565609932e+00
98500	3	6.2156682653235612e+03	-3.4356164592968623e+00
98510	3	6.1813554231742737e+03	-3.4269076551009539e+00
98520	3	6.1471310077322805e+03	-3.4179303780297721e+00
98530	3	6.1129977267365703e+03	-3.4086799773920307e+00
98540	3	6.0789583348823853e+03	-3.3991517170985874e+00
98550	3	6.0450156345210135e+03	-3.3893407749759374e+00
98560	3	6.0111724769939792e+03	-3.3792422412981855e+00
98570	3	5.9774317636575415e+03	-3.3688511188081560e+00
98580	3	5.9437964460012954e+03	-3.3581623229149362e+00
98590	3	5.9102695265836464e+03	-3.3471706814912081e+00
98600	3	5.8768540599771914e+03	-3.3358709347855386e+00
98610	3	5.8435531537111237e+03	-3.3242577354624943e+00
98620	3	5.8103699692091459e+03	-3.3123256487807082e+00
98630	3	5.7773077227214426e+03	-3.3000691529198876e+00
98640	3	5.7443696861318267e+03	-3.2874826390039642e+00
98650	3	5.7115591882408298e+03	-3.2745604109207247e+00
98660	3	5.6788796154025858e+03	-3.2612966871849571e+00
98670	3	5.6463344119742569e+03	-3.2476856019894389e+00
98680	3	5.6139270812214745e+03	-3.2337212064274414e+00
98690	3	5.5816611862082746e+03	-3.2193974699403149e+00
98700	3	5.5495403506678513e+03	-3.2047082820039061e+00
98710	3	5.5175682598514204e+03	-3.1896474540689512e+00
98720	3	5.4857486612622033e+03	-3.1742087215353192e+00
98730	3	5.4540853656774107e+03	-3.1583857453722155e+00
98740	3	5.4225822478647488e+03	-3.1421721156073912e+00
98750	3	5.3912432468219276e+03	-3.1255613545936640e+00
98760	3	5.3600723664943052e+03	-3.1085469204357281e+00
98770	3	5.3290736764627463e+03	-3.0911222107788592e+00
98780	3	5.2982513125877604e+03	-3.0732805669736436e+00
98790	3	5.2676094776059499e+03	-3.0550152786362026e+00
98800	3	5.2371524416451921e+03	-3.0363195881099392e+00
98810	3	5.2068845428811073e+03	-3.0171866954850208e+00
98820	3	5.1768101876396458e+03	-2.9976097651547877e+00
98830	3	5.1469338506125960e+03	-2.9775819320532855e+00
98840	3	5.1172600751802065e+03	-2.9570963084680613e+00
98850	3	5.0877934736588204e+03	-2.9361459913705632e+00
98860	3	5.0585387274156938e+03	-2.9147240702761175e+00
98870	3	5.0295005869114611e+03	-2.8928236352009722e+00
98880	3	5.0006838721187096e+03	-2.8704377853729142e+00
98890	3	4.9720934717861883e+03	-2.8475596392889888e+00
98900	3	4.9437343431783047e+03	-2.8241823449392736e+00
98910	3	4.9156115117882882e+03	-2.8002990906299092e+00
98920	3	4.8877300709353985e+03	-2.7759031164569494e+00
98930	3	4.8600951812394651e+03	-2.7509877264470113e+00
98940	3	4.8327120698406643e+03	-2.7255463012673373e+00
98950	3	4.8055860297722566e+03	-2.6995723108969418e+00
98960	3	4.7787224193196953e+03	-2.6730593290870948e+00
98970	3	4.7521266602398427e+03	-2.6460010485955587e+00
98980	3	4.7258042365285010e+03	-2.6183912967942655e+00
98990	3	4.6997606930542061e+03	-2.5902240519955120e+00
99000	3	4.6740016340204602e+03	-2.5614934604974762e+00
99010	3	4.6485327212489483e+03	-2.5321938543452802e+00
99020	3	4.6233596722751117e+03	-2.5023197697994801e+00
99030	3	4.5984882579802470e+03	-2.4718659659795486e+00
99040	3	4.5739243009917445e+03	-2.4408274440054449e+00
99050	3	4.5496736728044652e+03	-2.4091994681928970e+00
99060	3	4.5257422906367819e+03	-2.3769775871850549e+00
99070	3	4.5021361145427709e+03	-2.3441576556441799e+00
99080	3	4.4788611442996826e+03	-2.3107358565070388e+00
99090	3	4.4559234160649894e+03	-2.2767087237607289e+00
99100	3	4.4333289987978324e+03	-2.2420731656891215e+00
99110	3	4.4110839904402055e+03	-2.2068264885334856e+00
99120	3	4.3891945136939639e+03	-2.1709664202274577e+00
99130	3	4.3676667119034528e+03	-2.1344911335008732e+00
99140	3	4.3465067449327953e+03	-2.0973992711748872e+00
99150	3	4.3257207835475219e+03	-2.0596899707999992e+00
99160	3	4.3053150043721707e+03	-2.0213628892189277e+00
99170	3	4.2852955846331097e+03	-1.9824182270747521e+00
99180	3	4.2656686966514790e+03	-1.9428567531373555e+00
99190	3	4.2464405020883742e+03	-1.9026798283339330e+00
99200	3	4.2276171459456691e+03	-1.8618894293629389e+00
99210	3	4.2092047503269068e+03	-1.8204881717636527e+00
99220	3	4.1912094077707361e+03	-1.7784793318326626e+00
99230	3	4.1736371748577685e+03	-1.7358668669868147e+00
99240	3	4.1564940656068165e+03	-1.6926554375462646e+00
99250	3	4.1397860436199835e+03	-1.6488504259838332e+00
99260	3	4.1235190148117799e+03	-1.6044579551010461e+00
99270	3	4.1076988199756497e+03	-1.5594849048127666e+00
99280	3	4.0923312271841496e+03	-1.5139389273671191e+00
99290	3	4.0774219240389607e+03	-1.4678284608470649e+00
99300	3	4.0629765097884674e+03	-1.4211627408007101e+00
99310	3	4.0490004873321113e+03	-1.3739518098503098e+00
99320	3	4.0354992550884890e+03	-1.3262065250271433e+00
99330	3	4.0224780986277597e+03	-1.2779385612817942e+00
99340	3	4.0099421833064139e+03	-1.2291604150620428e+00
99350	3	3.9978965453573610e+03	-1.1798854046031335e+00
99360	3	3.9863460835539699e+03	-1.1301276671142197e+00
99370	3	3.9752955510983693e+03	-1.0799021534088102e+00
99380	3	3.9647495475709702e+03	-1.0292246196715811e+00
99390	3	3.9547125109700642e+03	-9.7811161628857102e-01
99400	3	3.9451887098709026e+03	-9.2658047368401142e-01
99410	3	3.9361822357342444e+03	-8.7464928512517393e-01
99420	3	3.9276969953946245e+03	-8.2233688647472625e-01
99430	3	3.9197367037020940e+03	-7.6966283266662883e-01
99440	3	3.9123048763466877e+03	-7.1664736946726593e-01
99450	3	3.9054048237244956e+03	-6.6331140575080805e-01
99460	3	3.8990396438757916e+03	-6.0967648099126526e-01
99470	3	3.8932122163010422e+03	-5.5576472992901083e-01
99480	3	3.8879251962423368e+03	-5.0159884473920324e-01
99490	3	3.8831810093489689e+03	-4.4720203460743518e-01
99500	3	3.8789818467521095e+03	-3.9259798286429504e-01
99510	3	3.8753296605720066e+03	-3.3781080185052687e-01
99520	3	3.8722261598793893e+03	-2.8286498570368540e-01
99530	3	3.8696728071306602e+03	-2.2778536127518736e-01
99540	3	3.8676708150916024e+03	-1.7259703738604942e-01
99550	3	3.8662211441085615e+03	-1.1732535092376706e-01
99560	3	3.8653245004724085e+03	-6.1995814067477825e-02
99570	3	3.8649813347445552e+03	-6.6340609769941043e-03
99580	3	3.8651918406604805e+03	4.8734207671413454e-02
99590	3	3.8659559547823928e+03	1.0408327980715999e-01
99600	3	3.8672733566958555e+03	1.5938748714084022e-01
99610	3	3.8691434697494442e+03	2.1462126011312904e-01
99620	3	3.8715654623337823e+03	2.6975918233947466e-01
99630	3	3.8745382496933394e+03	3.2477604427704782e-01
99640	3	3.8780604962620650e+03	3.7964689584834327e-01
99650	3	3.8821306185110097e+03	4.3434709776446323e-01
99660	3	3.8867467882872461e+03	4.8885237147519539e-01
99670	3	3.8919069366023205e+03	5.4313884947609847e-01
99680	3	3.8976087580536055e+03	5.9718311941988533e-01
99690	3	3.9038497155257032e+03	6.5096226803397028e-01
99700	3	3.9106270454057485e+03	7.0445392294934006e-01
99710	3	3.9179377632204018e+03	7.5763629157104195e-01
99720	3	3.9257786696402504e+03	8.1048819727139121e-01
99730	3	3.9341463568243680e+03	8.6298911278924073e-01
99740	3	3.9430372150765361e+03	9.1511919074044612e-01
99750	3	3.9524474397840340e+03	9.6685929116671476e-01
99760	3	3.9623730386091397e+03	1.0181910060721302e+00
99770	3	3.9728098389031184e+03	1.0690966809178832e+00
99780	3	3.9837534953164859e+03	1.1195594331111764e+00
99790	3	3.9951994976617598e+03	1.1695631695714754e+00
99800	3	4.0071431785392424e+03	1.2190925981532392e+00
99810	3	4.0195797215570324e+03	1.2681332362674638e+00
99820	3	4.0325041696028916e+03	1.3166714180096024e+00
99830	3	4.0459114330541715e+03	1.3646942978313894e+00
99840	3	4.0597962980028624e+03	1.4121898514947697e+00
99850	3	4.0741534344693546e+03	1.4591468744177918e+00
99860	3	4.0889774045794879e+03	1.5055549775324519e+00
99870	3	4.1042626706807932e+03	1.5514045807844112e+00
99880	3	4.1200036033752122e+03	1.5966869044120013e+00
99890	3	4.1361944894469370e+03	1.6413939581482864e+00
99900	3	4.1528295396656194e+03	1.6855185284945851e+00
99910	3	4.1699028965420148e+03	1.7290541647002713e+00
99920	3	4.1874086418382785e+03	1.7719951649962631e+00
99930	3	4.2053408033050091e+03	1.8143365565133052e+00
99940	3	4.2236933625561314e+03	1.8560740767351311e+00
99950	3	4.2424602621526728e+03	1.8972041534978521e+00
99960	3	4.2616354124096033e+03	1.9377238838088997e+00
99970	3	4.2812126979790628e+03	1.9776310117936251e+00
99980	3	4.3011859842020031e+03	2.0169239059103123e+00
99990	3	4.3215491232220256e+03	2.0556015355696871e+00
100000	3	4.3422959598561238e+03	2.0936634472885016e+00
100010	3	4.3634203372185948e+03	2.1311097405008579e+00
100020	3	4.3849161020954334e+03	2.1679410431440118e+00
100030	3	4.4067771100677892e+03	2.2041584871283124e+00
100040	3	4.4289972304895018e+03	2.2397636842558848e+00
100050	3	4.4515703511048532e+03	2.2747587043749924e+00
100060	3	4.4744903817076811e+03	2.3091460484211686e+00
100070	3	4.4977512592274124e+03	2.3429286244836565e+00
100080	3	4.5213469517755439e+03	2.3761097241838658e+00
100090	3	4.5452714623583579e+03	2.4086929992614929e+00
100100	3	4.5695188323510811e+03	2.4406824386098425e+00
100110	3	4.5940831447385262e+03	2.4720823458128915e+00
100120	3	4.6189585271274873e+03	2.5028973172299676e+00
100130	3	4.6441391545370325e+03	2.5331322206678557e+00
100140	3	4.6696192519727683e+03	2.5627921746739815e+00
100150	3	4.6953930967917213e+03	2.5918825284787714e+00
100160	3	4.7214550208646397e+03	2.6204088426100074e+00
100170	3	4.7477994128194805e+03	2.6483768713091811e+00
100180	3	4.7744207192028734e+03	2.6757925460070733e+00
100190	3	4.8013134460729216e+03	2.7026619556317479e+00
100200	3	4.8284721613064885e+03	2.7289913303542863e+00
100210	3	4.8558914959234280e+03	2.7547870256787244e+00
100220	3	4.8835661452446657e+03	2.7800555072436315e+00
100230	3	4.9114908698961235e+03	2.8048033363383520e+00
100240	3	4.9396604966658215e+03	2.8290371561266134e+00
100250	3	4.9680699192213342e+03	2.8527636785678507e+00
100260	3	4.9967140986948361e+03	2.8759896720245997e+00
100270	3	5.0255880641424801e+03	2.8987219495422241e+00
100280	3	5.0546869128852695e+03	2.9209673577859756e+00
100290	3	5.0840058108938802e+03	2.9427327669956114e+00
100300	3	5.1135399928024199e+03	2.9640250633353911e+00
100310	3	5.1432847611761399e+03	2.9848511379021687e+00
100320	3	5.1732354876451946e+03	3.0052178776769276e+00
100330	3	5.2033876128883494e+03	3.0251321574864227e+00
100340	3	5.2337366464470624e+03	3.0446008324466680e+00
100350	3	5.2642781664617523e+03	3.0636307309334665e+00
100360	3	5.2950078193352811e+03	3.0822286480591563e+00
100370	3	5.3259213193289670e+03	3.1004013396347356e+00
100380	3	5.3570144480959862e+03	3.1181555165965831e+00
100390	3	5.3882830541568719e+03	3.1354978398771429e+00
100400	3	5.4197230523217413e+03	3.1524349156991245e+00
100410	3	5.4513304232606642e+03	3.1689732917103903e+00
100420	3	5.4831012125438992e+03	3.1851194549985569e+00
100430	3	5.5150315294184466e+03	3.2008798268160050e+00
100440	3	5.5471175472254099e+03	3.2162607589277763e+00
100450	3	5.5793555027092361e+03	3.2312685307094817e+00
100460	3	5.6117416952469239e+03	3.2459093465291118e+00
100470	3	5.6442724860481521e+03	3.2601893334230199e+00
100480	3	5.6769442973290807e+03	3.2741145390492568e+00
100490	3	5.7097536114629884e+03	3.2876909299020278e+00
100500	3	5.7426969701102062e+03	3.3009243897716281e+00
100510	3	5.7757709733299744e+03	3.3138207184347683e+00
100520	3	5.8089722786943221e+03	3.3263856305787782e+00
100530	3	5.8422976006972021e+03	3.3386247562218903e+00
100540	3	5.8757437087335929e+03	3.3505436404624485e+00
100550	3	5.9093074270761354e+03	3.3621477413605101e+00
100560	3	5.9429856344102182e+03	3.3734424295168486e+00
100570	3	5.9767752629211946e+03	3.3844329878264174e+00
100580	3	6.0106732973757835e+03	3.3951246113754268e+00
100590	3	6.0446767741991789e+03	3.4055224074714983e+00
100600	3	6.0787827805492971e+03	3.4156313957969346e+00
100610	3	6.1129884533895302e+03	3.4254565086756328e+00
100620	3	6.1472909785610227e+03	3.4350025914446762e+00
100630	3	6.1816875898593162e+03	3.4442744029246382e+00
100640	3	6.2161755684186992e+03	3.4532766169309759e+00
100650	3	6.2507522408660116e+03	3.4620138238355707e+00
100660	3	6.2854149790672263e+03	3.4704905296236670e+00
100670	3	6.3201611998022518e+03	3.4787111565177162e+00
100680	3	6.3549883638903857e+03	3.4866800437858054e+00
100690	3	6.3898939753205505e+03	3.4944014486062471e+00
100700	3	6.4248755803866889e+03	3.5018795469826269e+00
100710	3	6.4599307668292658e+03	3.5091184347040585e+00
100720	3	6.4950571629831657e+03	3.5161221283456490e+00
100730	3	6.5302524369325729e+03	3.5228945663045059e+00
100740	3	6.5655142957311973e+03	3.5294396099473135e+00
100750	3	6.6008404846537305e+03	3.5357610461405207e+00
100760	3	6.6362287856346238e+03	3.5418625880331671e+00
100900	2	6.6643552508181465e+03	-3.3459364556553219e+00
100910	2	6.6309388697535578e+03	-3.3372993724361870e+00
100920	2	6.5976100791593854e+03	-3.3284177066388576e+00
100930	2	6.5643713430033258e+03	-3.3192877592845944e+00
100940	2	6.5312251630035953e+03	-3.3099057742058999e+00
100950	2	6.4981740790554604e+03	-3.3002679387581075e+00
100960	2	6.4652206691837209e+03	-3.2903703842526597e+00
100970	2	6.4323675501729031e+03	-3.2802091861090394e+00
100980	2	6.3996173781940106e+03	-3.2697803640872030e+00
100990	2	6.3669728494254014e+03	-3.2590798826060734e+00
101000	2	6.3344367006669836e+03	-3.2481036511538179e+00
101010	2	6.3020117099459922e+03	-3.2368475247950883e+00
101020	2	6.2697006969846616e+03	-3.2253073041617437e+00
101030	2	6.2375065242382761e+03	-3.2134787356179801e+00
101040	2	6.2054320970129429e+03	-3.2013575130529572e+00
101050	2	6.1734803637090190e+03	-3.1889392788198543e+00
101060	2	6.1416543163997712e+03	-3.1762196248074770e+00
101070	2	6.1099569913955274e+03	-3.1631940936493832e+00
101080	2	6.0783914697917680e+03	-3.1498581800782128e+00
101090	2	6.0469608779994778e+03	-3.1362073324331692e+00
101100	2	6.0156683882394573e+03	-3.1222369538367434e+00
101110	2	5.9845172191846905e+03	-3.1079424035348668e+00
101120	2	5.9535106361009030e+03	-3.0933189997629404e+00
101130	2	5.9226519511143251e+03	-3.0783620218275112e+00
101140	2	5.8919445236529627e+03	-3.0630667124836779e+00
101150	2	5.8613917608596821e+03	-3.0474282805172441e+00
101160	2	5.8309971179325958e+03	-3.0314419035376794e+00
101170	2	5.8007640984125965e+03	-3.0151027305791867e+00
101180	2	5.7706962549363243e+03	-2.9984058850075770e+00
101190	2	5.7407971888843567e+03	-2.9813464685277129e+00
101200	2	5.7110705505464311e+03	-2.9639195649579548e+00
101210	2	5.6815200393442010e+03	-2.9461202442171213e+00
101220	2	5.6521494040091084e+03	-2.9279435665828868e+00
101230	2	5.6229624427124500e+03	-2.9093845872314561e+00
101240	2	5.5939630029809696e+03	-2.8904383609337088e+00
101250	2	5.5651549820481387e+03	-2.8710999463634321e+00
101260	2	5.5365423268679524e+03	-2.8513644118991928e+00
101270	2	5.5081290334077921e+03	-2.8312268416861261e+00
101280	2	5.4799191465183985e+03	-2.8106823416961153e+00
101290	2	5.4519167597465812e+03	-2.7897260461223032e+00
101300	2	5.4241260150783501e+03	-2.7683531241168624e+00
101310	2	5.3965511026088489e+03	-2.7465587868794872e+00
101320	2	5.3691962600912775e+03	-2.7243382950666590e+00
101330	2	5.3420657723296254e+03	-2.7016869657908278e+00
101340	2	5.3151639712592851e+03	-2.6786001807238238e+00
101350	2	5.2884952345213842e+03	-2.6550733951996208e+00
101360	2	5.2620639845933465e+03	-2.6311021471141260e+00
101370	2	5.2358746879803502e+03	-2.6066820661974788e+00
101380	2	5.2099318543080772e+03	-2.5818088836650928e+00
101390	2	5.1842400353127468e+03	-2.5564784422470725e+00
101400	2	5.1588038237244346e+03	-2.5306867065941305e+00
101410	2	5.1336278518963863e+03	-2.5044297739611490e+00
101420	2	5.1087167905135630e+03	-2.4777038843712802e+00
101430	2	5.0840753478584675e+03	-2.4505054322969113e+00
101440	2	5.0597082672366669e+03	-2.4228309789719029e+00
101450	2	5.0356203252354981e+03	-2.3946772645545136e+00
101460	2	5.0118163299353992e+03	-2.3660412206128920e+00
101470	2	4.9883011189903173e+03	-2.3369199829205369e+00
101480	2	4.9650795575742204e+03	-2.3073109045435096e+00
101490	2	4.9421565361904104e+03	-2.2772115691982178e+00
101500	2	4.9195369683410863e+03	-2.2466198048561212e+00
101510	2	4.8972257878179416e+03	-2.2155336971933299e+00
101520	2	4.8752279464835256e+03	-2.1839516024213106e+00
101530	2	4.8535484118251143e+03	-2.1518721624083996e+00
101540	2	4.8321921631651858e+03	-2.1192943190148399e+00
101550	2	4.8111641886363641e+03	-2.0862173284199339e+00
101560	2	4.7904694820264376e+03	-2.0526407754999192e+00
101570	2	4.7701130394747715e+03	-2.0185645882028553e+00
101580	2	4.7500998560201133e+03	-1.9839890518724548e+00
101590	2	4.7304349220003587e+03	-1.9489148234697518e+00
101600	2	4.7111232193053993e+03	-1.9133429456384548e+00
101610	2	4.6921697173882885e+03	-1.8772748604132072e+00
101620	2	4.6735793690872988e+03	-1.8407124213486699e+00
101630	2	4.6553571074484253e+03	-1.8036579074862222e+00
101640	2	4.6375078404139758e+03	-1.7661140364661292e+00
101650	2	4.6200364462805946e+03	-1.7280839767741221e+00
101660	2	4.6029477691906022e+03	-1.6895713595355466e+00
101670	2	4.5862466145030676e+03	-1.6505802897037181e+00
101680	2	4.5699377440508270e+03	-1.6111153565708096e+00
101690	2	4.5540258712905279e+03	-1.5711816435289772e+00
101700	2	4.5385156563531336e+03	-1.5307847370085219e+00
101710	2	4.5234117010034997e+03	-1.4899307345203279e+00
101720	2	4.5087185433476961e+03	-1.4486262513346293e+00
101730	2	4.4944406527679266e+03	-1.4068784249531989e+00
101740	2	4.4805824253497749e+03	-1.3646949214800563e+00
101750	2	4.4671481776599258e+03	-1.3220839391317796e+00
101760	2	4.4541421414158649e+03	-1.2790542106445646e+00
101770	2	4.4415684581884334e+03	-1.2356150044384548e+00
101780	2	4.4294311740935373e+03	-1.1917761244228680e+00
101790	2	4.4177342344868739e+03	-1.1475479083904350e+00
101800	2	4.4064814786757797e+03	-1.1029412249512514e+00
101810	2	4.3956766346628574e+03	-1.0579674689651763e+00
101820	2	4.3853233139364493e+03	-1.0126385554362496e+00
101830	2	4.3754250062581104e+03	-9.6696691166630211e-01
101840	2	4.3659850743999559e+03	-9.2096546611185137e-01
101850	2	4.3570067500942178e+03	-8.7464763886936470e-01
101860	2	4.3484931283949518e+03	-8.2802732922653888e-01
101870	2	4.3404471628455703e+03	-7.8111890133307771e-01
101880	2	4.3328716609586636e+03	-7.3393716850533719e-01
101890	2	4.3257692798543867e+03	-6.8649737596363813e-01
101900	2	4.3191425220726514e+03	-6.3881518203274756e-01
101910	2	4.3129937315743409e+03	-5.9090663784559416e-01
101920	2	4.3073250899459599e+03	-5.4278816559912402e-01
101930	2	4.3021386128219283e+03	-4.9447653542106124e-01
101940	2	4.2974361465379125e+03	-4.4598884091502744e-01
101950	2	4.2932193648838756e+03	-3.9734247274955814e-01
101960	2	4.2894897664242635e+03	-3.4855509017908559e-01
101970	2	4.2862486723256270e+03	-2.9964459529689896e-01
101980	2	4.2834972234918505e+03	-2.5062910336070993e-01
101990	2	4.2812363786077467e+03	-2.0152691297123679e-01
102000	2	4.2794669125005084e+03	-1.5235647557181009e-01
102010	2	4.2781894148025867e+03	-1.0313636432710889e-01
102020	2	4.2774042889214979e+03	-5.3885242504366965e-02
102030	2	4.2771117513208101e+03	-4.6218314839686385e-03
102040	2	4.2773118311152675e+03	4.4635121470939468e-02
102050	2	4.2780043699818880e+03	9.3866875554184603e-02
102060	2	4.2791890223872824e+03	1.4305472873365530e-01
102070	2	4.2808652560603741e+03	1.9218005050975298e-01
102080	2	4.2830323528802974e+03	2.4122431579324019e-01
102090	2	4.2856894103825434e+03	2.9016913387001292e-01
102100	2	4.2888353429045746e+03	3.3899628011408139e-01
102110	2	4.2924688834159861e+03	3.8768772635044668e-01
102120	2	4.2965885856668592e+03	4.3622567030630471e-01
102130	2	4.3011928266191044e+03	4.8459256416406704e-01
102140	2	4.3062798091513232e+03	5.3277114211106702e-01
102150	2	4.3118475650266855e+03	5.8074444678820170e-01
102160	2	4.3178939581122668e+03	6.2849585454732693e-01
102170	2	4.3244166878376373e+03	6.7600909943536613e-01
102180	2	4.3314132928795716e+03	7.2326829583185392e-01
102190	2	4.3388811550584996e+03	7.7025795970312494e-01
102200	2	4.3468175034053993e+03	8.1696303045437257e-01
102210	2	4.3552194185149565e+03	8.6336888842409421e-01
102220	2	4.3640838370106203e+03	9.0946137053638221e-01
102230	2	4.3734075561983427e+03	9.5522678606786671e-01
102240	2	4.3831872388891952e+03	1.0006519301257391e+00
102250	2	4.3934194183415684e+03	1.0457240955163363e+00
102260	2	4.4041005033069687e+03	1.0904310830042165e+00
102270	2	4.4152267831633308e+03	1.1347612099709352e+00
102280	2	4.4267944331200397e+03	1.1787033174900301e+00
102290	2	4.4387995194790128e+03	1.2222467758429432e+00
102300	2	4.4512380049365056e+03	1.2653814885074874e+00
102310	2	4.4641057539106678e+03	1.3080978946572759e+00
102320	2	4.4773985378872194e+03	1.3503869703079436e+00
102330	2	4.4911120408271645e+03	1.3922402304936572e+00
102340	2	4.5052418642257007e+03	1.4336497260338437e+00
102350	2	4.5197835326783797e+03	1.4746080398494787e+00
102360	2	4.5347324992965569e+03	1.5151082832972096e+00
102370	2	4.5500841509820084e+03	1.5551440907756577e+00
102380	2	4.5658338136352577e+03	1.5947096132453358e+00
102390	2	4.5819767572871751e+03	1.6337995107329801e+00
102400	2	4.5985082011441846e+03	1.6724089438925629e+00
102410	2	4.6154233185381518e+03	1.7105335646958248e+00
102420	2	4.6327172417727497e+03	1.7481695063258211e+00
102430	2	4.6503850668588357e+03	1.7853133723464336e+00
102440	2	4.6684218581321420e+03	1.8219622252204288e+00
102450	2	4.6868226528416426e+03	1.8581135749921036e+00
102460	2	4.7055824653753270e+03	1.8937653686800384e+00
102470	2	4.7246962912812696e+03	1.9289159746671458e+00
102480	2	4.7441591119212417e+03	1.9635641698431814e+00
102490	2	4.7639658985140350e+03	1.9977091259082858e+00
102500	2	4.7841116160144993e+03	2.0313503953571641e+00
102510	2	4.8045912268450475e+03	2.0644878972719836e+00
102520	2	4.8253996944781866e+03	2.0971219029803185e+00
102530	2	4.8465319868691176e+03	2.1292530216315750e+00
102540	2	4.8679830797380364e+03	2.1608821857421270e+00
102550	2	4.8897479597022002e+03	2.1920106367562084e+00
102560	2	4.9118216272583250e+03	2.2226399106667700e+00
102570	2	4.9341990997009752e+03	2.2527718241151851e+00
102580	2	4.9568754137775886e+03	2.2824084623686214e+00
102590	2	4.9798456277477044e+03	2.3115521633767595e+00
102600	2	5.0031048245392849e+03	2.3402055039417280e+00
102610	2	5.0266481141296008e+03	2.3683712862399355e+00
102620	2	5.0504706357231216e+03	2.3960525244888156e+00
102630	2	5.0745675597916998e+03	2.4232524318955333e+00
102640	2	5.0989340899800718e+03	2.4499744079076322e+00
102650	2	5.1235654648799782e+03	2.4762220257832896e+00
102660	2	5.1484569596763404e+03	2.5019990204961799e+00
102670	2	5.1736038876690673e+03	2.5273092769877361e+00
102680	2	5.1990016016742138e+03	2.5521568187771768e+00
102690	2	5.2246454954762994e+03	2.5765457976330830e+00
102700	2	5.2505310046637414e+03	2.6004804844953147e+00
102710	2	5.2766536075724762e+03	2.6239652572469598e+00
102720	2	5.3030088269811076e+03	2.6470045909058029e+00
102730	2	5.3295922310322503e+03	2.6696030480753254e+00
102740	2	5.3563994340429526e+03	2.6917652697600496e+00
102750	2	5.3834260972200136e+03	2.7134959665618266e+00
102760	2	5.4106679292840608e+03	2.7347999102542526e+00
102770	2	5.4381206870064152e+03	2.7556819257316461e+00
102780	2	5.4657801756625586e+03	2.7761468833276406e+00
102790	2	5.4936422494060635e+03	2.7961996914977982e+00
102800	2	5.5217028116290458e+03	2.8158452900077404e+00
102810	2	5.5499578152652530e+03	2.8350886450744448e+00
102820	2	5.5784032622659397e+03	2.8539347421930117e+00
102830	2	5.6070352045848294e+03	2.8723885794569877e+00
102840	2	5.6358497443887491e+03	2.8904551619869796e+00
102850	2	5.6648430340762598e+03	2.9081394965966711e+00
102860	2	5.6940112762397584e+03	2.9254465867677895e+00
102870	2	5.7233507235742391e+03	2.9423814279245772e+00
102880	2	5.7528576787358234e+03	2.9589490029979459e+00
102890	2	5.7825284941530326e+03	2.9751542782695060e+00
102900	2	5.8123595717937533e+03	2.9910021994855387e+00
102910	2	5.8423473629637338e+03	3.0064976883938277e+00
102920	2	5.8724883680033008e+03	3.0216456409900738e+00
102930	2	5.9027791353636467e+03	3.0364509235002708e+00
102940	2	5.9332162621185553e+03	3.0509183687587473e+00
102950	2	5.9637963936918723e+03	3.0650527735316748e+00
102960	2	5.9945162234530299e+03	3.0788588960070098e+00
102970	2	6.0253724922842212e+03	3.0923414534876987e+00
102980	2	6.0563619881213117e+03	3.1055051202787660e+00
102990	2	6.0874815454705795e+03	3.1183545257594432e+00
103000	2	6.1187280449031832e+03	3.1308942526313093e+00
103010	2	6.1500984125295126e+03	3.1431288353342657e+00
103020	2	6.1815896196523308e+03	3.1550627594126963e+00
103030	2	6.2131986816248818e+03	3.1667004611150209e+00
103040	2	6.2449226577013287e+03	3.1780463248308819e+00
103050	2	6.2767586509318371e+03	3.1891046820095958e+00
103060	2	6.3087038075944429e+03	3.1998798102625061e+00
103070	2	6.3407553166145499e+03	3.2103759325875885e+00
103080	2	6.3729104089734601e+03	3.2205972167094350e+00
103090	2	6.4051663571071276e+03	3.2305477745279689e+00
103100	2	6.4375204742963133e+03	3.2402316616694509e+00
103110	2	6.4699701140506586e+03	3.2496528771352668e+00
103120	2	6.5025126696456209e+03	3.2588153638111375e+00
103130	2	6.5351455729708041e+03	3.2677230089887526e+00
103140	2	6.5678662943908448e+03	3.2763796429736716e+00
103150	2	6.6006723424965867e+03	3.2847890389802004e+00
103160	2	6.6335612634954896e+03	3.2929549131519700e+00
103170	2	6.6665306405989377e+03	3.3008809246480784e+00
105800	1	6.6413518957924734e+03	-3.5412553340399291e+00
105810	1	6.6059690818084582e+03	-3.5352716155934107e+00
105820	1	6.5706471893758044e+03	-3.5290703180741021e+00
105830	1	6.5353884125804207e+03	-3.5226477646345109e+00
105840	1	6.5001949831445227e+03	-3.5160002036782334e+00
105850	1	6.4650691705151257e+03	-3.5091238084760477e+00
105860	1	6.4300132825648570e+03	-3.5020146759347082e+00
105870	1	6.3950296664309590e+03	-3.4946688255182128e+00
105880	1	6.3601207093621906e+03	-3.4870821981974811e+00
105890	1	6.3252888395731352e+03	-3.4792506554326184e+00
105900	1	6.2905365270946186e+03	-3.4711699781930681e+00
105910	1	6.2558662843472885e+03	-3.4628358656577629e+00
105920	1	6.2212806679119776e+03	-3.4542439334617212e+00
105930	1	6.1867822787016921e+03	-3.4453897137088054e+00
105940	1	6.1523737624612486e+03	-3.4362686543847469e+00
105950	1	6.1180578106835592e+03	-3.4268761186189449e+00
105960	1	6.0838371615300202e+03	-3.4172073840158790e+00
105970	1	6.0497146007543852e+03	-3.4072576420630560e+00
105980	1	6.0156929626289020e+03	-3.3970219976228724e+00
105990	1	5.9817751308559218e+03	-3.3864954684894535e+00
106000	1	5.9479640394242033e+03	-3.3756729841647828e+00
106010	1	5.9142626740038831e+03	-3.3645493856440289e+00
106020	1	5.8806740721899860e+03	-3.3531194260641217e+00
106030	1	5.8472013242710682e+03	-3.3413777706888292e+00
106040	1	5.8138475741757384e+03	-3.3293189970582011e+00
106050	1	5.7806160204136359e+03	-3.3169375952852014e+00
106060	1	5.7475099170094400e+03	-3.3042279685107534e+00
106070	1	5.7145325744255315e+03	-3.2911844335148999e+00
106080	1	5.6816873604933917e+03	-3.2778012207587879e+00
106090	1	5.6489777014387209e+03	-3.2640724754153667e+00
106100	1	5.6164070823473785e+03	-3.2499922591779464e+00
106110	1	5.5839790479575677e+03	-3.2355545515827360e+00
106120	1	5.5516972035370000e+03	-3.2207532516579032e+00
106130	1	5.5195652157386139e+03	-3.2055821798251034e+00
106140	1	5.4875868133426939e+03	-3.1900350800443480e+00
106150	1	5.4557657881821597e+03	-3.1741056216767469e+00
106160	1	5.4241059961324991e+03	-3.1577874022007912e+00
106170	1	5.3926113572461609e+03	-3.1410739507214149e+00
106180	1	5.3612858564556518e+03	-3.1239587313716601e+00
106190	1	5.3301335442683603e+03	-3.1064351470566938e+00
106200	1	5.2991585374182050e+03	-3.0884965435724636e+00
106210	1	5.2683650194689335e+03	-3.0701362141187230e+00
106220	1	5.2377572411427545e+03	-3.0513474039415840e+00
106230	1	5.2073395214404281e+03	-3.0321233149292515e+00
106240	1	5.1771162476600575e+03	-3.0124571120206745e+00
106250	1	5.1470918753806918e+03	-2.9923419296496414e+00
106260	1	5.1172709288004153e+03	-2.9717708785016370e+00
106270	1	5.0876580010003008e+03	-2.9507370527872823e+00
106280	1	5.0582577541290084e+03	-2.9292335380533752e+00
106290	1	5.0290749195023036e+03	-2.9072534195520903e+00
106300	1	5.0001142975046314e+03	-2.8847897910644793e+00
106310	1	4.9713807576255858e+03	-2.8618357634748519e+00
106320	1	4.9428792386550604e+03	-2.8383844752948906e+00
106330	1	4.9146147475998550e+03	-2.8144291038140032e+00
106340	1	4.8865923592569243e+03	-2.7899628765064137e+00
106350	1	4.8588172157147483e+03	-2.7649790831099832e+00
106360	1	4.8312945257262490e+03	-2.7394710883870483e+00
106370	1	4.8040295639461556e+03	-2.7134323455802440e+00
106380	1	4.7770276700256245e+03	-2.6868564105741575e+00
106390	1	4.7502942473022085e+03	-2.6597369565290507e+00
106400	1	4.7238347620753711e+03	-2.6320677884227361e+00
106410	1	4.6976547424177716e+03	-2.6038428599418313e+00
106420	1	4.6717597757800786e+03	-2.5750562907709846e+00
106430	1	4.6461555072990059e+03	-2.5457023843101059e+00
106440	1	4.6208476379313261e+03	-2.5157756461053844e+00
106450	1	4.5958419223954543e+03	-2.4852708029822743e+00
106460	1	4.5711441669133037e+03	-2.4541828228648925e+00
106470	1	4.5467602267456896e+03	-2.4225069352617834e+00
106480	1	4.5226960035134398e+03	-2.3902386523918717e+00
106490	1	4.4989574419494211e+03	-2.3573737901869949e+00
106500	1	4.4755505276766289e+03	-2.3239084898320561e+00
106510	1	4.4524812834793338e+03	-2.2898392415633984e+00
106520	1	4.4297557651282159e+03	-2.2551629078935300e+00
106530	1	4.4073800576044969e+03	-2.2198767473015257e+00
106540	1	4.3853602710805144e+03	-2.1839784382852527e+00
106550	1	4.3637025366529679e+03	-2.1474661037053231e+00
106560	1	4.3424130018262158e+03	-2.1103383353437546e+00
106570	1	4.3214978257436560e+03	-2.0725942185926423e+00
106580	1	4.3009631741660760e+03	-2.0342333571807441e+00
106590	1	4.2808152140084094e+03	-1.9952558974697805e+00
106600	1	4.2610601080322367e+03	-1.9556625514885200e+00
106610	1	4.2417040096919891e+03	-1.9154546223538491e+00
106620	1	4.2227530561237727e+03	-1.8746340279811200e+00
106630	1	4.2042133618960534e+03	-1.8332033242676684e+00
106640	1	4.1860910125757500e+03	-1.7911657276494837e+00
106650	1	4.1683920580669837e+03	-1.7485251368546817e+00
106660	1	4.1511225057310075e+03	-1.7052861537096713e+00
106670	1	4.1342883132972920e+03	-1.6614541028496632e+00
106680	1	4.1178953815771829e+03	-1.6170350501817587e+00
106690	1	4.1019495469933463e+03	-1.5720358199466431e+00
106700	1	4.0864565736733380e+03	-1.5264640094084816e+00
106710	1	4.0714221462066234e+03	-1.4803280015427771e+00
106720	1	4.0568518618710532e+03	-1.4336369784934351e+00
106730	1	4.0427512218463962e+03	-1.3864009309658636e+00
106740	1	4.0291256231426801e+03	-1.3386306659079954e+00
106750	1	4.0159803504632196e+03	-1.2903378118956910e+00
106760	1	4.0033205680195983e+03	-1.2415348220792495e+00
106770	1	3.9911513113232440e+03	-1.1922349745645886e+00
106780	1	3.9794774789797266e+03	-1.1424523701135596e+00
106790	1	3.9683038245129314e+03	-1.0922019270592733e+00
106800	1	3.9576349482471524e+03	-1.0414993733459412e+00
106810	1	3.9474752891486987e+03	-9.9036123515408325e-01
106820	1	3.9378291169864292e+03	-9.3880482110926844e-01
106830	1	3.9287005252292424e+03	-8.8684820731786851e-01
106840	1	3.9200934226691370e+03	-8.3451021673609671e-01
106850	1	3.9120115260613165e+03	-7.8181039589594836e-01
106860	1	3.9044583530677269e+03	-7.2876898869692830e-01
106870	1	3.8974372154707567e+03	-6.7540690718805896e-01
106880	1	3.8909512126868094e+03	-6.2174569940282087e-01
106890	1	3.8850032256085287e+03	-5.6780751433176024e-01
106900	1	3.8795959108038028e+03	-5.1361506414015712e-01
106910	1	3.8747316950981372e+03	-4.5919158375943214e-01
106920	1	3.8704127705659985e+03	-4.0456078800302631e-01
106930	1	3.8666410897710384e+03	-3.4974682501991949e-01
106940	1	3.8634183620792446e+03	-2.9477422837045875e-01
106950	1	3.8607460500305342e+03	-2.3966786967102285e-01
106960	1	3.8586253658192500e+03	-1.8445290672129885e-01
106970	1	3.8570572687409240e+03	-1.2915473117431628e-01
106980	1	3.8560424631617111e+03	-7.3798915034010065e-02
106990	1	3.8555813970200311e+03	-1.8411156241832757e-02
107000	1	3.8556742608681284e+03	3.6982776375345069e-02
107010	1	3.8563209874584036e+03	9.2357098517702019e-02
107020	1	3.8575212518766944e+03	1.4768606590375938e-01
107030	1	3.8592744722218267e+03	2.0294402955831797e-01
107040	1	3.8615798108280583e+03	2.5810549061632371e-01
107050	1	3.8644361759555518e+03	3.1314515556026634e-01
107060	1	3.8678422242435436e+03	3.6803799043992946e-01
107070	1	3.8717963636061745e+03	4.2275927012391812e-01
107080	1	3.8762967563732459e+03	4.7728462967432483e-01
107090	1	3.8813413231737345e+03	5.3159011275925649e-01
107100	1	3.8869277472885665e+03	5.8565221803845957e-01
107110	1	3.8930534794485316e+03	6.3944794334777011e-01
107120	1	3.8997157430543466e+03	6.9295482750066861e-01
107130	1	3.9069115397943183e+03	7.4615098954451675e-01
107140	1	3.9146376556333726e+03	7.9901516533053030e-01
107150	1	3.9228906671461209e+03	8.5152674127814598e-01
107160	1	3.9316669481654667e+03	9.0366578523647600e-01
107170	1	3.9409626767244040e+03	9.5541307454801860e-01
107180	1	3.9507738423122937e+03	1.0067501235174079e+00
107190	1	3.9610962531781724e+03	1.0576592030176930e+00
107200	1	3.9719255440752409e+03	1.1081233592035280e+00
107210	1	3.9832571841600807e+03	1.1581264296110216e+00
107220	1	3.9950864849980944e+03	1.2076530557195728e+00
107230	1	4.0074086086716784e+03	1.2566886925261289e+00
107240	1	4.0202185759616714e+03	1.3052196151987192e+00
107250	1	4.0335112745733709e+03	1.3532329228919433e+00
107260	1	4.0472814673793168e+03	1.4007165398209984e+00
107270	1	4.0615238006521454e+03	1.4476592137043280e+00
107280	1	4.0762328122619201e+03	1.4940505116952929e+00
107290	1	4.0914029398136831e+03	1.5398808139333720e+00
107300	1	4.1070285287440611e+03	1.5851413052093293e+00
107310	1	4.1231038403633602e+03	1.6298239669612975e+00
107320	1	4.1396230592542870e+03	1.6739215617077201e+00
107330	1	4.1565803014577787e+03	1.7174276188113111e+00
107340	1	4.1739696221543891e+03	1.7603364185647319e+00
107350	1	4.1917850230962713e+03	1.8026429744486010e+00
107360	1	4.2100204598474556e+03	1.8443430140563724e+00
107370	1	4.2286698488200836e+03	1.8854329588395231e+00
107380	1	4.2477270740956510e+03	1.9259099028237945e+00
107390	1	4.2671859940220165e+03	1.9657715904433515e+00
107400	1	4.2870404475781434e+03	2.0050163936350067e+00
107410	1	4.3072842605002006e+03	2.0436432883296725e+00
107420	1	4.3279112511637668e+03	2.0816518304719560e+00
107430	1	4.3489152364435677e+03	2.1190421331548150e+00
107440	1	4.3702900366258064e+03	2.1558148428754875e+00
107450	1	4.3920294806485444e+03	2.1919711126272348e+00
107460	1	4.4141274115482902e+03	2.2275125778721172e+00
107470	1	4.4365776911615267e+03	2.2624413318523069e+00
107480	1	4.4593742045728823e+03	2.2967599010704682e+00
107490	1	4.4825108643125732e+03	2.3304712210217557e+00
107500	1	4.5059816143062417e+03	2.3635786122517315e+00
107510	1	4.5297804335810188e+03	2.3960857568069911e+00
107520	1	4.5539013397322278e+03	2.4279966751383917e+00
107530	1	4.5783383921558016e+03	2.4593157035097466e+00
107540	1	4.6030856950518028e+03	2.4900474719581704e+00
107550	1	4.6281374004165928e+03	2.5201968837321886e+00
107560	1	4.6534877102359642e+03	2.5497690960477675e+00
107570	1	4.6791308786842956e+03	2.5787694976500810e+00
107580	1	4.7050612150764837e+03	2.6072036896456523e+00
107590	1	4.7312730858962941e+03	2.6350774666542027e+00
107600	1	4.7577609166228121e+03	2.6623967986513923e+00
107610	1	4.7845191933728402e+03	2.6891678135308656e+00
107620	1	4.8115424643668457e+03	2.7153967803910897e+00
107630	1	4.8388253412257873e+03	2.7410900935483498e+00
107640	1	4.8663625001063683e+03	2.7662542572742326e+00
107650	1	4.8941486826821128e+03	2.7908958712528329e+00
107660	1	4.9221786969819786e+03	2.8150216167574236e+00
107670	1	4.9504474184068304e+03	2.8386382449076732e+00
107680	1	4.9789497894423030e+03	2.8617525646617881e+00
107690	1	5.0076808206485366e+03	2.8843714294655127e+00
107700	1	5.0366355915123895e+03	2.9065017262941208e+00
107710	1	5.0658092507071615e+03	2.9281503651389991e+00
107720	1	5.0951970162449097e+03	2.9493242691236645e+00
107730	1	5.1247941755277661e+03	2.9700303652303672e+00
107740	1	5.1545960853044253e+03	2.9902755756178392e+00
107750	1	5.1845981715378630e+03	3.0100668095100720e+00
107760	1	5.2147959291899715e+03	3.0294109556354489e+00
107770	1	5.2451849219288388e+03	3.0483148751956262e+00
107780	1	5.2757607819486002e+03	3.0667853958281888e+00
107790	1	5.3065192092502630e+03	3.0848293072594353e+00
107800	1	5.3374559708517800e+03	3.1024533540511485e+00
107810	1	5.3685669011844066e+03	3.1196642302444322e+00
107820	1	5.3998479015625762e+03	3.1364685746358476e+00
107830	1	5.4312949395759733e+03	3.1528729664387489e+00
107840	1	5.4629040484355182e+03	3.1688839213320206e+00
107850	1	5.4946713262771345e+03	3.1845078878765376e+00
107860	1	5.5265929354270811e+03	3.1997512442802361e+00
107870	1	5.5586651016323840e+03	3.2146202954933214e+00
107880	1	5.5908841132597627e+03	3.2291212706154195e+00
107890	1	5.6232463206685179e+03	3.2432603211311442e+00
107900	1	5.6557481349441487e+03	3.2570435203519605e+00
107910	1	5.6883860269745319e+03	3.2704768600694138e+00
107920	1	5.7211565273907654e+03	3.2835662488088495e+00
107930	1	5.7540562257034835e+03	3.2963175105152360e+00
107940	1	5.7870817694117677e+03	3.3087363834491694e+00
107950	1	5.8202298630977930e+03	3.3208285192867675e+00
107960	1	5.8534972675094641e+03	3.3325994824101750e+00
107970	1	5.8868807986328429e+03	3.3440547493756623e+00
107980	1	5.9203773267564311e+03	3.3551997085473437e+00
107990	1	5.9539837755752624e+03	3.3660396599541769e+00
108000	1	5.9876971213723527e+03	3.3765798165862662e+00
108010	1	6.0215143913643078e+03	3.3868253041628060e+00
108020	1	6.0554326636737342e+03	3.3967811602904141e+00
108030	1	6.0894490665901067e+03	3.4064523347493130e+00
108040	1	6.1235607776507095e+03	3.4158436898655049e+00
108050	1	6.1577650227220374e+03	3.4249600009800241e+00
108060	1	6.1920590750825695e+03	3.4338059570070474e+00
108070	1	6.2264402545079347e+03	3.4423861610733089e+00
108080	1	6.2609059263593936e+03	3.4507051312315604e+00
108090	1	6.2954535007275699e+03	3.4587673013312550e+00
108100	1	6.3300804315690530e+03	3.4665770231539779e+00
108110	1	6.3647842153147385e+03	3.4741385668526474e+00
108120	1	6.3995623908299076e+03	3.4814561210379096e+00
108130	1	6.4344125386780979e+03	3.4885337937593150e+00
108140	1	6.4693322802737084e+03	3.4953756135114373e+00
108150	1	6.5043192770413325e+03	3.5019855302757832e+00
108160	1	6.5393712295822534e+03	3.5083674165940630e+00
108170	1	6.5744858768485838e+03	3.5145250686688039e+00
108180	1	6.6096609953297875e+03	3.5204622074934844e+00
108190	1	6.6448943983671415e+03	3.5261824807917019e+00
109210	3	6.6287146602317498e+03	-3.5853380015413374e+00
109220	3	6.5928852590304232e+03	-3.5805097520464360e+00
109230	3	6.5571051232022201e+03	-3.5754844735683160e+00
109240	3	6.5213762396482553e+03	-3.5702587753785493e+00
109250	3	6.4857006295098608e+03	-3.5648291929701590e+00
109260	3	6.4500803489809505e+03	-3.5591921866348222e+00
109270	3	6.4145174901014852e+03	-3.5533441400366965e+00
109280	3	6.3790141809657425e+03	-3.5472813580761127e+00
109290	3	6.3435725883758232e+03	-3.5410000643328332e+00
109300	3	6.3081949175250365e+03	-3.5344964010619200e+00
109310	3	6.2728834122055750e+03	-3.5277664280301777e+00
109320	3	6.2376403557203212e+03	-3.5208061211010695e+00
109330	3	6.2024680718063637e+03	-3.5136113708343197e+00
109340	3	6.1673689255695281e+03	-3.5061779811040363e+00
109350	3	6.1323453244299208e+03	-3.4985016677395735e+00
109360	3	6.0973997190779774e+03	-3.4905780571936553e+00
109370	3	6.0625346044406606e+03	-3.4824026852426080e+00
109380	3	6.0277525205894672e+03	-3.4739709957117606e+00
109390	3	5.9930560530900348e+03	-3.4652783382532304e+00
109400	3	5.9584478360706289e+03	-3.4563199663298549e+00
109410	3	5.9239305517081557e+03	-3.4470910375520281e+00
109420	3	5.8895069306853384e+03	-3.4375866127645551e+00
109430	3	5.8551797532436813e+03	-3.4278016550347257e+00
109440	3	5.8209518502433984e+03	-3.4177310287160956e+00
109450	3	5.7868261042294253e+03	-3.4073694985962910e+00
109460	3	5.7528054505024047e+03	-3.3967117291377216e+00
109470	3	5.7188928781937429e+03	-3.3857522838207563e+00
109480	3	5.6850914313432422e+03	-3.3744856245992692e+00
109490	3	5.6514042099782064e+03	-3.3629061114793752e+00
109500	3	5.6178343705494690e+03	-3.3510080017271222e+00
109510	3	5.5843851282910555e+03	-3.3387854480730392e+00
109520	3	5.5510597584419693e+03	-3.3262325000975950e+00
109530	3	5.5178615958187320e+03	-3.3133431048730162e+00
109540	3	5.4847940359159802e+03	-3.3001111073043159e+00
109550	3	5.4518605360040056e+03	-3.2865302506697778e+00
109560	3	5.4190646162168332e+03	-3.2725941773762477e+00
109570	3	5.3864098606283351e+03	-3.2582964299456103e+00
109580	3	5.3538999183138731e+03	-3.2436304522496315e+00
109590	3	5.3215385043947163e+03	-3.2285895910112212e+00
109600	3	5.2893294010622449e+03	-3.2131670975908282e+00
109610	3	5.2572764585522837e+03	-3.1973561300698186e+00
109620	3	5.2253835952549289e+03	-3.1811497545626244e+00
109630	3	5.1936548009422959e+03	-3.1645409469644927e+00
109640	3	5.1620941365019071e+03	-3.1475225976495356e+00
109650	3	5.1307057338963223e+03	-3.1300875150966294e+00
109660	3	5.0994937970437231e+03	-3.1122284297808647e+00
109670	3	5.0684626026540527e+03	-3.0939379985018136e+00
109680	3	5.0376165010163031e+03	-3.0752088091738408e+00
109690	3	5.0069599167316728e+03	-3.0560333861038478e+00
109700	3	4.9764973493876787e+03	-3.0364041957828509e+00
109710	3	4.9462333741676521e+03	-3.0163136532180106e+00
109720	3	4.9161726423898999e+03	-2.9957541288321745e+00
109730	3	4.8863198819705385e+03	-2.9747179559583459e+00
109740	3	4.8566798970087448e+03	-2.9531974380716619e+00
109750	3	4.8272575697118318e+03	-2.9311848560173064e+00
109760	3	4.7980578605847131e+03	-2.9086724792017549e+00
109770	3	4.7690858070024169e+03	-2.8856525758353002e+00
109780	3	4.7403465232488334e+03	-2.8621174237536633e+00
109790	3	4.7118452004405726e+03	-2.8380593219945562e+00
109800	3	4.6835871063273471e+03	-2.8134706031540007e+00
109810	3	4.6555775849606434e+03	-2.7883436465463909e+00
109820	3	4.6278220562225742e+03	-2.7626708921909269e+00
109830	3	4.6003260152060157e+03	-2.7364448556449261e+00
109840	3	4.5730950314374286e+03	-2.7096581437029097e+00
109850	3	4.5461347479333826e+03	-2.6823034709775735e+00
109860	3	4.5194508799407358e+03	-2.6543736772615194e+00
109870	3	4.4930492129132708e+03	-2.6258617438072793e+00
109880	3	4.4669356036587969e+03	-2.5967608132361195e+00
109890	3	4.4411159767136205e+03	-2.5670642107633808e+00
109900	3	4.4155963219512651e+03	-2.5367654651294971e+00
109910	3	4.3903826925167859e+03	-2.5058583305568218e+00
109920	3	4.3654812025327274e+03	-2.4743368095982770e+00
109930	3	4.3408980245677085e+03	-2.4421951768598102e+00
109940	3	4.3166393868587766e+03	-2.4094280035722178e+00
109950	3	4.2927115702788642e+03	-2.3760301829808870e+00
109960	3	4.2691209050412972e+03	-2.3419969565148890e+00
109970	3	4.2458737671332783e+03	-2.3073239406884714e+00
109980	3	4.2229765744712340e+03	-2.2720071546801188e+00
109990	3	4.2004357826747246e+03	-2.2360430483568252e+00
110000	3	4.1782578801265554e+03	-2.1994285283199453e+00
110010	3	4.1564493852320966e+03	-2.1621609887923539e+00
110020	3	4.1350168398981114e+03	-2.1242383417964366e+00
110030	3	4.1139668038480741e+03	-2.0856590465506470e+00
110040	3	4.0933058490747844e+03	-2.0464221393669542e+00
110050	3	4.0730405539886888e+03	-2.0065272635771714e+00
110060	3	4.0531774972619805e+03	-1.9659746993556337e+00
110070	3	4.0337232513699591e+03	-1.9247653932955386e+00
110080	3	4.0146843758325995e+03	-1.8829009875866431e+00
110090	3	3.9960674101607897e+03	-1.8403838486322763e+00
110100	3	3.9778788665135912e+03	-1.7972170949352464e+00
110110	3	3.9601252220742745e+03	-1.7534046240732133e+00
110120	3	3.9428129108920634e+03	-1.7089511377546702e+00
110130	3	3.9259483159875804e+03	-1.6638621641536502e+00
110140	3	3.9095377618251709e+03	-1.6181440839988652e+00
110150	3	3.8935875044426884e+03	-1.5718041511252239e+00
110160	3	3.8781037226331841e+03	-1.5248505118295348e+00
110170	3	3.8630925089971311e+03	-1.4772922222287190e+00
110180	3	3.8485598608261776e+03	-1.4291392633199009e+00
110190	3	3.8345116708422347e+03	-1.3804025535422391e+00
110200	3	3.8209537178176147e+03	-1.3310939586449053e+00
110210	3	3.8078916571037930e+03	-1.2812262986727820e+00
110220	3	3.7953310110983534e+03	-1.2308133518907800e+00
110230	3	3.7832771596812699e+03	-1.1798698554791123e+00
110240	3	3.7717353305750885e+03	-1.1284115025431922e+00
110250	3	3.7607105896350508e+03	-1.0764549332299798e+00
110260	3	3.7502078323882879e+03	-1.0240177274376507e+00
110270	3	3.7402317738206293e+03	-9.7111839088613583e-01
110280	3	3.7307869390992450e+03	-9.1777633731742825e-01
110290	3	3.7218776546538511e+03	-8.6401186719852707e-01
110300	3	3.7135080394833167e+03	-8.0984614254479204e-01
110310	3	3.7056819967261490e+03	-7.5530115786730123e-01
110320	3	3.6984032055333582e+03	-7.0039970727715950e-01
110330	3	3.6916751132815557e+03	-6.4516534780869783e-01
110340	3	3.6855009281635394e+03	-5.8962235905474669e-01
110350	3	3.6798836121925078e+03	-5.3379569923719405e-01
110360	3	3.6748258745834091e+03	-4.7771095738958586e-01
110370	3	3.6703301656537355e+03	-4.2139430036538111e-01
110380	3	3.6663986717978823e+03	-3.6487242206252135e-01
110390	3	3.6630333099590375e+03	-3.0817248623732857e-01
110400	3	3.6602357232144409e+03	-2.5132206738885615e-01
110410	3	3.6580072770178595e+03	-1.9434908967726802e-01
110420	3	3.6563490560547916e+03	-1.3728176394620162e-01
110430	3	3.6552618617276562e+03	-8.0148523178848935e-02
110440	3	3.6547462102847621e+03	-2.2977956732786395e-02
110450	3	3.6548023316034173e+03	3.4201256289484040e-02
110460	3	3.6554301686339486e+03	9.1360414168262488e-02
110470	3	3.6566293775073582e+03	1.4847085982623920e-01
110480	3	3.6583993282099382e+03	2.0550404963815216e-01
110490	3	3.6607391062326342e+03	2.6243161959451866e-01
110500	3	3.6636475146181883e+03	3.1922544937828246e-01
110510	3	3.6671230766234025e+03	3.7585772734334572e-01
110520	3	3.6711640391564870e+03	4.3230101290237094e-01
110530	3	3.6757683768203106e+03	4.8852829690828908e-01
110540	3	3.6809337965399777e+03	5.4451305972549668e-01
110550	3	3.6866577427501579e+03	6.0022932670787055e-01
110560	3	3.6929374031149614e+03	6.5565172082569467e-01
110570	3	3.6997697147506656e+03	7.1075551220981537e-01
110580	3	3.7071513709195874e+03	7.6551666440937638e-01
110590	3	3.7150788281532305e+03	8.1991187851370395e-01
110600	3	3.7235483137716506e+03	8.7391863284103832e-01
110610	3	3.7325558338580954e+03	9.2751521672243142e-01
110620	3	3.7420971815757857e+03	9.8068076302677809e-01
110630	3	3.7521679457692121e+03	1.0333952759200364e+00
110640	3	3.7627635198153748e+03	1.0856396547370109e+00
110650	3	3.7738791106862072e+03	1.1373957139729876e+00
110660	3	3.7855097481836183e+03	1.1886461994286308e+00
110670	3	3.7976502943090468e+03	1.2393748005666823e+00
110680	3	3.8102954527302668e+03	1.2895661591640197e+00
110690	3	3.8234397783153458e+03	1.3392058744681790e+00
110700	3	3.8370776867018203e+03	1.3882805066437713e+00
110710	3	3.8512034636972539e+03	1.4367775737890722e+00
110720	3	3.8658112750516243e+03	1.4846855467816216e+00
110730	3	3.8808951760140721e+03	1.5319938416240679e+00
110740	3	3.8964491207385677e+03	1.5786928086193108e+00
110750	3	3.9124669715602840e+03	1.6247737189124505e+00
110760	3	3.9289425081173599e+03	1.6702287485971505e+00
110770	3	3.9458694362949586e+03	1.7150509605886746e+00
110780	3	3.9632413969705244e+03	1.7592342844680797e+00
110790	3	3.9810519745434399e+03	1.8027734945947775e+00
110800	3	3.9992947051886531e+03	1.8456641881845768e+00
110810	3	4.0179630848732345e+03	1.8879027591841560e+00
110820	3	4.0370505774277176e+03	1.9294863717264963e+00
110830	3	4.0565506221456194e+03	1.9704129330855753e+00
110840	3	4.0764566410621201e+03	2.0106810654844574e+00
110850	3	4.0967620459402406e+03	2.0502900772296053e+00
110860	3	4.1174602449588419e+03	2.0892399333396612e+00
110870	3	4.1385446491032826e+03	2.1275312258352117e+00
110880	3	4.1600086783694233e+03	2.1651651444679887e+00
110890	3	4.1818457671716014e+03	2.2021434470866605e+00
110900	3	4.2040493701668483e+03	2.2384684292201489e+00
110910	3	4.2266129676470182e+03	2.2741428943619248e+00
110920	3	4.2495300704556212e+03	2.3091701245014096e+00
110930	3	4.2727942246052044e+03	2.3435538510550207e+00
110940	3	4.2963990155999691e+03	2.3772982262859021e+00
110950	3	4.3203380724692206e+03	2.4104077952918272e+00
110960	3	4.3446050715264164e+03	2.4428874686776134e+00
110970	3	4.3691937398634300e+03	2.4747424969785916e+00
110980	3	4.3940978583630867e+03	2.5059784443808097e+00
110990	3	4.4193112650665580e+03	2.5366011631109222e+00
111000	3	4.4448278579974312e+03	2.5666167692146287e+00
111010	3	4.4706415976554345e+03	2.5960316190649895e+00
111020	3	4.4967465092737320e+03	2.6248522867548862e+00
111030	3	4.5231366848488078e+03	2.6530855423896043e+00
111040	3	4.5498062849540411e+03	2.6807383313150996e+00
111050	3	4.5767495403161338e+03	2.7078177551185059e+00
111060	3	4.6039607531955980e+03	2.7343310524388933e+00
111070	3	4.6314342989236593e+03	2.7602855804273281e+00
111080	3	4.6591646270236542e+03	2.7856887976894642e+00
111090	3	4.6871462621064102e+03	2.8105482479869868e+00
111100	3	4.7153738046016515e+03	2.8348715448182271e+00
111110	3	4.7438419314087751e+03	2.8586663569202830e+00
111120	3	4.7725453962071751e+03	2.8819403951782281e+00
111130	3	4.8014790296883866e+03	2.9047013996279762e+00
111140	3	4.8306377401769441e+03	2.9269571270063190e+00
111150	3	4.8600165137194490e+03	2.9487153393877596e+00
111160	3	4.8896104140453353e+03	2.9699837935756190e+00
111170	3	4.9194145824200659e+03	2.9907702312166733e+00
111180	3	4.9494242374028063e+03	3.0110823696130002e+00
111190	3	4.9796346746862109e+03	3.0309278935486206e+00
111200	3	5.0100412661586388e+03	3.0503144481174629e+00
111210	3	5.0406394598573970e+03	3.0692496307844128e+00
111220	3	5.0714247797012395e+03	3.0877409845213828e+00
111230	3	5.1023928248776028e+03	3.1057959916513251e+00
111240	3	5.1335392691660236e+03	3.1234220682261205e+00
111250	3	5.1648598602034699e+03	3.1406265589118600e+00
111260	3	5.1963504186964374e+03	3.1574167323553071e+00
111270	3	5.2280068376685467e+03	3.1737997771215665e+00
111280	3	5.2598250814826515e+03	3.1897827989395036e+00
111290	3	5.2918011846667059e+03	3.2053728169607356e+00
111300	3	5.3239312516620730e+03	3.2205767602763107e+00
111310	3	5.3562114559125812e+03	3.2354014652836547e+00
111320	3	5.3886380388841399e+03	3.2498536733949122e+00
111330	3	5.4212073090586355e+03	3.2639400290647886e+00
111340	3	5.4539156409054767e+03	3.2776670781177057e+00
111350	3	5.4867594738338421e+03	3.2910412663547643e+00
111360	3	5.5197353113788840e+03	3.3040689385629807e+00
111370	3	5.5528397196269443e+03	3.3167563388130765e+00
111380	3	5.5860693261018105e+03	3.3291096092106480e+00
111390	3	5.6194208194701159e+03	3.3411347888270129e+00
111400	3	5.6528909484764654e+03	3.3528378134080086e+00
111410	3	5.6864765208667541e+03	3.3642245152669208e+00
111420	3	5.7201744023072461e+03	3.3753006233457366e+00
111430	3	5.7539815153011605e+03	3.3860717634315076e+00
111440	3	5.7878948381044120e+03	3.3965434585153402e+00
111450	3	5.8219114036452092e+03	3.4067211292822432e+00
111460	3	5.8560282988046829e+03	3.4166100952071421e+00
111470	3	5.8902426623912206e+03	3.4262155764778357e+00
111480	3	5.9245516846359824e+03	3.4355426935713855e+00
111490	3	5.9589526067399102e+03	3.4445964677958543e+00
111500	3	5.9934427198457879e+03	3.4533818222504031e+00
111510	3	6.0280193640164098e+03	3.4619035828602973e+00
111520	3	6.0626799272198441e+03	3.4701664794791252e+00
111530	3	6.0974218443222462e+03	3.4781751470509188e+00
111540	3	6.1322425960892924e+03	3.4859341268254522e+00
111550	3	6.1671397081965970e+03	3.4934478676203780e+00
111560	3	6.2021107504922848e+03	3.5007207272799290e+00
111570	3	6.2371533356964583e+03	3.5077569755184452e+00
111580	3	6.2722651179127133e+03	3.5145607946591628e+00
111590	3	6.3074437928897141e+03	3.5211362800591739e+00
111600	3	6.3426870971582784e+03	3.5274874414872150e+00
111610	3	6.3779928071378563e+03	3.5336182045320306e+00
111620	3	6.4133587382535843e+03	3.5395324120255740e+00
111630	3	6.4487827440642805e+03	3.5452338254775113e+00
111640	3	6.4842627154015718e+03	3.5507261265177532e+00
111650	3	6.5197965795202981e+03	3.5560129183439710e+00
111660	3	6.5553822992604655e+03	3.5610977271713136e+00
111670	3	6.5910178726280892e+03	3.5659840040050650e+00
111680	3	6.6267013311119053e+03	3.5706751277973963e+00
111690	3	6.6624307389350706e+03	3.5751744056265862e+00
112480	2	6.6728764146526401e+03	-3.9342549829593204e-01
112490	2	6.6690690099966032e+03	-3.6804930868774355e-01
112500	2	6.6655155469768679e+03	-3.4263777170387172e-01
112510	2	6.6622163601882876e+03	-3.1719465990877105e-01
112520	2	6.6591717462839906e+03	-2.9172376626930657e-01
112530	2	6.6563819640585671e+03	-2.6622890069842009e-01
112540	2	6.6538472344012625e+03	-2.4071388986040168e-01
112550	2	6.6515677397286545e+03	-2.1518257477389899e-01
112560	2	6.6495436238841094e+03	-1.8963880863597177e-01
112570	2	6.6477749920588230e+03	-1.6408645463796595e-01
112580	2	6.6462619107302735e+03	-1.3852938376629775e-01
112590	2	6.6450044076181121e+03	-1.1297147259108813e-01
112600	2	6.6440024716578046e+03	-8.7416601045754924e-02
112610	2	6.6432560529917810e+03	-6.1868650200542254e-02
112620	2	6.6427650629783020e+03	-3.6331500033048338e-02
112630	2	6.6425293742152471e+03	-1.0809027187620796e-02
112640	2	6.6425488204470184e+03	1.4694898608649202e-02
112650	2	6.6428231969969338e+03	4.0176416955377228e-02
112660	2	6.6433522606875058e+03	6.5631677707556527e-02
112670	2	6.6441357298122512e+03	9.1056843401815246e-02
112680	2	6.6451732843025657e+03	1.1644809143333594e-01
112690	2	6.6464645659117441e+03	1.4180161621300649e-01
112700	2	6.6480091784159040e+03	1.6711363130196932e-01
112710	2	6.6498066878314858e+03	1.9238037152071613e-01
112720	2	6.6518566226491457e+03	2.1759809502996436e-01
112730	2	6.6541584740835906e+03	2.4276308538064273e-01
112740	2	6.6567116963392909e+03	2.6787165353025982e-01
112750	2	6.6595157068426270e+03	2.9292014035658570e-01
112760	2	6.6625698866063412e+03	3.1790492006391169e-01
112770	2	6.6658735806641453e+03	3.4282240044113810e-01
112780	2	6.6694260982454798e+03	3.6766902481634123e-01
112790	2	6.6732267131593362e+03	3.9244127388390410e-01
116960	1	6.6580739440652869e+03	-1.9400684366126408e+00
116970	1	6.6387761759715868e+03	-1.9194465127124474e+00
116980	1	6.6196857925057839e+03	-1.8985914625775944e+00
116990	1	6.6008051234406930e+03	-1.8775035495093224e+00
117000	1	6.5821364951593514e+03	-1.8561831150699932e+00
117010	1	6.5636822315757063e+03	-1.8346305814939892e+00
117020	1	6.5454446519078401e+03	-1.8128464546989360e+00
117030	1	6.5274260695990015e+03	-1.7908313262382982e+00
117040	1	6.5096287915098892e+03	-1.7685858752574075e+00
117050	1	6.4920551170877015e+03	-1.7461108704194213e+00
117060	1	6.4747073375121672e+03	-1.7234071717969748e+00
117070	1	6.4575877348188269e+03	-1.7004757327251252e+00
117080	1	6.4406985809998105e+03	-1.6773176016110807e+00
117090	1	6.4240421370827007e+03	-1.6539339236961417e+00
117100	1	6.4076206521875729e+03	-1.6303259427651278e+00
117110	1	6.3914363625628894e+03	-1.6064950027985421e+00
117120	1	6.3754914901209440e+03	-1.5824425487326503e+00
117130	1	6.3597882423941119e+03	-1.5581701265251373e+00
117140	1	6.3443288117258116e+03	-1.5336793863690696e+00
117150	1	6.3291153731285140e+03	-1.5089720840563134e+00
117160	1	6.3141500832757365e+03	-1.4840500822463603e+00
117170	1	6.2994350794814945e+03	-1.4589153516515077e+00
117180	1	6.2849724786643319e+03	-1.4335699721311110e+00
117190	1	6.2707643762965936e+03	-1.4080161336900201e+00
117200	1	6.2568128453398922e+03	-1.3822561373763635e+00
117210	1	6.2431199351677024e+03	-1.3562923960739413e+00
117220	1	6.2296876704759497e+03	-1.3301274351844776e+00
117230	1	6.2165180501829673e+03	-1.3037638931951809e+00
117240	1	6.2036130463177142e+03	-1.2772045221243369e+00
117250	1	6.1909746024923224e+03	-1.2504521863434315e+00
117260	1	6.1786046338353417e+03	-1.2235098622460949e+00
117270	1	6.1665050254975567e+03	-1.1963806401126276e+00
117280	1	6.1546776309087700e+03	-1.1690677236684739e+00
117290	1	6.1431242706971307e+03	-1.1415744298574089e+00
117300	1	6.1318467316069800e+03	-1.1139041884735092e+00
117310	1	6.1208467654167780e+03	-1.0860605416488689e+00
117320	1	6.1101260878581488e+03	-1.0580471431941936e+00
117330	1	6.0996863775376887e+03	-1.0298677577898048e+00
117340	1	6.0895292748628863e+03	-1.0015262600247947e+00
117350	1	6.0796563809735972e+03	-9.7302663328242833e-01
117360	1	6.0700692566805837e+03	-9.4437296847019336e-01
117370	1	6.0607694213057512e+03	-9.1556946225876890e-01
117380	1	6.0517583516308314e+03	-8.8662041337602282e-01
117390	1	6.0430374816597614e+03	-8.5753022272360580e-01
117400	1	6.0346082007505674e+03	-8.2830339157866262e-01
117410	1	6.0264718525772323e+03	-7.9894451940119637e-01
117420	1	6.0186297342035277e+03	-7.6945830160905815e-01
117430	1	6.0110830951751941e+03	-7.3984952719893271e-01
117440	1	6.0038331366317461e+03	-7.1012307621488358e-01
117450	1	5.9968810104396607e+03	-6.8028391706658198e-01
117460	1	5.9902278183480230e+03	-6.5033710369949793e-01
117470	1	5.9838746111682585e+03	-6.2028777262003587e-01
117480	1	5.9778223879792795e+03	-5.9014113977881999e-01
117490	1	5.9720720953100827e+03	-5.5990249712828366e-01
117500	1	5.9666246263054409e+03	-5.2957720722508883e-01
117510	1	5.9614808206751350e+03	-4.9917070111593881e-01
117520	1	5.9566414634211569e+03	-4.6868847504183203e-01
117530	1	5.9521072841343139e+03	-4.3813608649078783e-01
117540	1	5.9478789564398276e+03	-4.0751915031891567e-01
117550	1	5.9439570974773133e+03	-3.7684333476627624e-01
117560	1	5.9403422674160538e+03	-3.4611435737391161e-01
117570	1	5.9370349690065432e+03	-3.1533798080887132e-01
117580	1	5.9340356471690166e+03	-2.8452000860415105e-01
117590	1	5.9313446886199690e+03	-2.5366628082113718e-01
117600	1	5.9289624215371005e+03	-2.2278266964187426e-01
117610	1	5.9268891151896469e+03	-1.9187507439448881e-01
117620	1	5.9251249797904929e+03	-1.6094941533297322e-01
117630	1	5.9236701665374976e+03	-1.3001163093709511e-01
117640	1	5.9225247670688204e+03	-9.9067673076934898e-02
117650	1	5.9216888133687462e+03	-6.8123502323288329e-02
117660	1	5.9211622777344792e+03	-3.7185083295588929e-02
117670	1	5.9209450727842113e+03	-6.2583800003427077e-03
117680	1	5.9210370515067452e+03	2.4650648831021894e-02
117690	1	5.9214380073524835e+03	5.5536054396228926e-02
117700	1	5.9221476743656958e+03	8.6391902459439576e-02
117710	1	5.9231657273578094e+03	1.1721227796309634e-01
117720	1	5.9244917821082818e+03	1.4799128971551448e-01
117730	1	5.9261253955751890e+03	1.7872307662908107e-01
117740	1	5.9280660664578527e+03	2.0940181126719698e-01
117750	1	5.9303132353329884e+03	2.4002170379628951e-01
117760	1	5.9328662850267383e+03	2.7057700652399197e-01
117770	1	5.9357245410824344e+03	3.0106201817297978e-01
117780	1	5.9388872722654742e+03	3.3147108807059100e-01
117790	1	5.9423536911044512e+03	3.6179862024714188e-01
117800	1	5.9461229544674925e+03	3.9203907743609562e-01
117810	1	5.9501941641729891e+03	4.2218698496938989e-01
117820	1	5.9545663676334198e+03	4.5223693456196190e-01
117830	1	5.9592385585236771e+03	4.8218358813729612e-01
117840	1	5.9642096774847032e+03	5.1202168298456752e-01
117850	1	5.9694786129743597e+03	5.4174603410634814e-01
117860	1	5.9750442019731508e+03	5.7135153722341869e-01
117870	1	5.9809052308138134e+03	6.0083317204014697e-01
117880	1	5.9870604360533871e+03	6.3018600523805635e-01
117890	1	5.9935085053691573e+03	6.5940519332399816e-01
117900	1	6.0002480784772260e+03	6.8848598532979466e-01
117910	1	6.0072777480721170e+03	7.1742372536084942e-01
117920	1	6.0145960607859733e+03	7.4621385499162984e-01
117930	1	6.0222015181658253e+03	7.7485191550628985e-01
117940	1	6.0300925776710628e+03	8.0333355085652070e-01
117950	1	6.0382676536916424e+03	8.3165451018441994e-01
117960	1	6.0467251186139638e+03	8.5981064838174492e-01
117970	1	6.0554633039108512e+03	8.8779792793145573e-01
117980	1	6.0644805012368270e+03	9.1561242034448354e-01
117990	1	6.0737749635317950e+03	9.4325030743863147e-01
118000	1	6.0833449061316287e+03	9.7070788246074302e-01
118010	1	6.0931885078840678e+03	9.9798155105374442e-01
118020	1	6.1033039122685650e+03	1.0250678320702038e+00
118030	1	6.1136892285186696e+03	1.0519633582382062e+00
118040	1	6.1243425327673685e+03	1.0786648775809049e+00
118050	1	6.1352618691189491e+03	1.1051692541054443e+00
118060	1	6.1464452508678924e+03	1.1314734670634847e+00
118070	1	6.1578906617060147e+03	1.1575746111981984e+00
118080	1	6.1695960568814799e+03	1.1834698966734867e+00
118090	1	6.1815593643514767e+03	1.2091566488697720e+00
118100	1	6.1937784859271460e+03	1.2346323080507304e+00
118110	1	6.2062512984096475e+03	1.2598944289049494e+00
118120	1	6.2189756547161778e+03	1.2849406799669612e+00
118130	1	6.2319493850118051e+03	1.3097688432880092e+00
118140	1	6.2451702977741497e+03	1.3343768146397283e+00
118150	1	6.2586361809263890e+03	1.3587626015208030e+00
118160	1	6.2723448030638674e+03	1.3829243222017653e+00
118170	1	6.2862939145574055e+03	1.4068602046085055e+00
118180	1	6.3004812486374949e+03	1.4305685850968339e+00
118190	1	6.3149045224609981e+03	1.4540479071393071e+00
118200	1	6.3295614381595069e+03	1.4772967199292750e+00
118210	1	6.3444496838706928e+03	1.5003136769370640e+00
118220	1	6.3595669347513967e+03	1.5230975352398111e+00
118230	1	6.3749108539338667e+03	1.5456471536976837e+00
118240	1	6.3904790936650352e+03	1.5679614907997799e+00
118250	1	6.4062692963180834e+03	1.5900396030127355e+00
118260	1	6.4222790953516942e+03	1.6118806429744601e+00
118270	1	6.4385061162463298e+03	1.6334838576392805e+00
118280	1	6.4549479774171514e+03	1.6548485863791802e+00
118290	1	6.4716022911305326e+03	1.6759742593215841e+00
118300	1	6.4884666642985858e+03	1.6968603959431114e+00
118310	1	6.5055386994284745e+03	1.7175066025247998e+00
118320	1	6.5228159955758038e+03	1.7379125700667268e+00
118330	1	6.5402961491680635e+03	1.7580780722201399e+00
118340	1	6.5579767548025657e+03	1.7780029632011154e+00
118350	1	6.5758554060189999e+03	1.7976871756900323e+00
118360	1	6.5939296960963102e+03	1.8171307187976316e+00
118370	1	6.6121972186978992e+03	1.8363336766446940e+00
118380	1	6.6306555685413477e+03	1.8552962060504756e+00
118390	1	6.6493023423405502e+03	1.8740185340501108e+00
120170	3	6.6533419555484943e+03	-3.6128966888217020e+00
120180	3	6.6172348177052072e+03	-3.6084986807266071e+00
120190	3	6.5811726264240588e+03	-3.6039064892187560e+00
120200	3	6.5451573416724823e+03	-3.5991167270187323e+00
120210	3	6.5091909572787636e+03	-3.5941259314835916e+00
120220	3	6.4732755016745996e+03	-3.5889305630494399e+00
120230	3	6.4374130387523883e+03	-3.5835270036749591e+00
120240	3	6.4016056687355576e+03	-3.5779115552780003e+00
120250	3	6.3658555290621071e+03	-3.5720804381676010e+00
120260	3	6.3301647952812409e+03	-3.5660297894739106e+00
120270	3	6.2945356819629505e+03	-3.5597556615788006e+00
120280	3	6.2589704436204847e+03	-3.5532540205501677e+00
120290	3	6.2234713756454221e+03	-3.5465207445831934e+00
120300	3	6.1880408148531596e+03	-3.5395516219998777e+00
120310	3	6.1526811410676110e+03	-3.5323423478270786e+00
120320	3	6.1173947788604328e+03	-3.5248885238479590e+00
120330	3	6.0821841968479539e+03	-3.5171856576226719e+00
120340	3	6.0470519086758814e+03	-3.5092291609876916e+00
120350	3	6.0120004740627428e+03	-3.5010143485964056e+00
120360	3	5.9770324998550368e+03	-3.4925364364967892e+00
120370	3	5.9421506410937664e+03	-3.4837905407523668e+00
120380	3	5.9073576020914797e+03	-3.4747716761128387e+00
120390	3	5.8726561375193951e+03	-3.4654747547414821e+00
120400	3	5.8380490535037688e+03	-3.4558945850068015e+00
120410	3	5.8035392086871543e+03	-3.4460258703166673e+00
120420	3	5.7691295148303579e+03	-3.4358632066616903e+00
120430	3	5.7348229396487141e+03	-3.4254010813533995e+00
120440	3	5.7006225066197439e+03	-3.4146338735731137e+00
120450	3	5.6665312955886557e+03	-3.4035558535924659e+00
120460	3	5.6325524439396577e+03	-3.3921611821061219e+00
120470	3	5.5986891477704421e+03	-3.3804439096956682e+00
120480	3	5.5649446630682778e+03	-3.3683979764371674e+00
120490	3	5.5313223068861389e+03	-3.3560172116655895e+00
120500	3	5.4978254585170462e+03	-3.3432953339102749e+00
120510	3	5.4644575606646404e+03	-3.3302259510161085e+00
120520	3	5.4312221205977949e+03	-3.3168025604588842e+00
120530	3	5.3981227108406256e+03	-3.3030185487527444e+00
120540	3	5.3651629716714488e+03	-3.2888671915841807e+00
120550	3	5.3323466113916056e+03	-3.2743416562724796e+00
120560	3	5.2996774068064806e+03	-3.2594350030307142e+00
120570	3	5.2671592043661767e+03	-3.2441401865221100e+00
120580	3	5.2347959212858113e+03	-3.2284500577285016e+00
120590	3	5.2025915466422693e+03	-3.2123573661530282e+00
120600	3	5.1705501424434742e+03	-3.1958547623799114e+00
120610	3	5.1386758446665581e+03	-3.1789348010153669e+00
120620	3	5.1069728642607342e+03	-3.1615899440345046e+00
120630	3	5.0754454880272287e+03	-3.1438125644301937e+00
120640	3	5.0440980794294255e+03	-3.1255949488406629e+00
120650	3	5.0129350804193591e+03	-3.1069293030142666e+00
120660	3	4.9819610110938602e+03	-3.0878077576858631e+00
120670	3	4.9511804703048274e+03	-3.0682223742403671e+00
120680	3	4.9205981363946348e+03	-3.0481651510188996e+00
120690	3	4.8902187678617684e+03	-3.0276280302257255e+00
120700	3	4.8600472039503784e+03	-3.0066029054666039e+00
120710	3	4.8300883651570812e+03	-2.9850816299496565e+00
120720	3	4.8003472536479530e+03	-2.9630560253798675e+00
120730	3	4.7708289535573267e+03	-2.9405178914550012e+00
120740	3	4.7415386312343462e+03	-2.9174590146463633e+00
120750	3	4.7124815356014942e+03	-2.8938711804050374e+00
120760	3	4.6836629975127062e+03	-2.8697461854927626e+00
120770	3	4.6550884295520145e+03	-2.8450758506003244e+00
120780	3	4.6267633257923280e+03	-2.8198520339994539e+00
120790	3	4.5986932614087773e+03	-2.7940666460944454e+00
120800	3	4.5708838921374772e+03	-2.7677116648989042e+00
120810	3	4.5433409535620312e+03	-2.7407791524569967e+00
120820	3	4.5160702599754259e+03	-2.7132612716908859e+00
120830	3	4.4890777040654248e+03	-2.6851503041875846e+00
120840	3	4.4623692550941296e+03	-2.6564386702210578e+00
120850	3	4.4359509571142571e+03	-2.6271189491537243e+00
120860	3	4.4098289273385526e+03	-2.5971839007973849e+00
120870	3	4.3840093542859795e+03	-2.5666264877925653e+00
120880	3	4.3584984956939888e+03	-2.5354398990023284e+00
120890	3	4.3333026761867313e+03	-2.5036175739113498e+00
120900	3	4.3084282846798178e+03	-2.4711532279895785e+00
120910	3	4.2838817714381667e+03	-2.4380408780192693e+00
120920	3	4.2596696453551031e+03	-2.4042748694664109e+00
120930	3	4.2357984700454526e+03	-2.3698499052192350e+00
120940	3	4.2122748600153664e+03	-2.3347610744311056e+00
120950	3	4.1891054767112082e+03	-2.2990038822968648e+00
120960	3	4.1662970242617339e+03	-2.2625742805547424e+00
120970	3	4.1438562449062965e+03	-2.2254686986370795e+00
120980	3	4.1217899141022626e+03	-2.1876840753787938e+00
120990	3	4.1001048352902726e+03	-2.1492178904357271e+00
121000	3	4.0788078344780383e+03	-2.1100681966271391e+00
121010	3	4.0579057540902245e+03	-2.0702336532751549e+00
121020	3	4.0374054466802518e+03	-2.0297135588117010e+00
121030	3	4.0173137684259837e+03	-1.9885078835406358e+00
121040	3	3.9976375722926082e+03	-1.9466173021957707e+00
121050	3	3.9783837008379833e+03	-1.9040432260900639e+00
121060	3	3.9595589786812520e+03	-1.8607878341787414e+00
121070	3	3.9411702049785463e+03	-1.8168541038786232e+00
121080	3	3.9232241448964014e+03	-1.7722458411599911e+00
121090	3	3.9057275211690380e+03	-1.7269677092897535e+00
121100	3	3.8886870054355222e+03	-1.6810252562261583e+00
121110	3	3.8721092093042903e+03	-1.6344249404276532e+00
121120	3	3.8560006751616365e+03	-1.5871741548485021e+00
121130	3	3.8403678666318901e+03	-1.5392812485827825e+00
121140	3	3.8252171591714109e+03	-1.4907555458422421e+00
121150	3	3.8105548302286229e+03	-1.4416073635577265e+00
121160	3	3.7963870489109731e+03	-1.3918480256784003e+00
121170	3	3.7827198659032920e+03	-1.3414898746006316e+00
121180	3	3.7695592032837835e+03	-1.2905462794292437e+00
121190	3	3.7569108442671359e+03	-1.2390316408631530e+00
121200	3	3.7447804229091562e+03	-1.1869613925134765e+00
121210	3	3.7331734137888652e+03	-1.1343519983979726e+00
121220	3	3.7220951216907283e+03	-1.0812209455214377e+00
121230	3	3.7115506717364119e+03	-1.0275867339772129e+00
121240	3	3.7015449989673616e+03	-9.7346886244609232e-01
121250	3	3.6920828384212468e+03	-9.1888780927301172e-01
121260	3	3.6831687154893093e+03	-8.6386500937954092e-01
121270	3	3.6748069365187125e+03	-8.0842282685419042e-01
121280	3	3.6670015797029928e+03	-7.5258452322369607e-01
121290	3	3.6597564863033799e+03	-6.9637422144153727e-01
121300	3	3.6530752521584714e+03	-6.3981686530535820e-01
121310	3	3.6469612198181958e+03	-5.8293817418494953e-01
121320	3	3.6414174711856499e+03	-5.2576459551192711e-01
121330	3	3.6364468201501081e+03	-4.6832325232982575e-01
121340	3	3.6320518061404077e+03	-4.1064188759448783e-01
121350	3	3.6282346882559555e+03	-3.5274880517248292e-01
121360	3	3.6249974399953389e+03	-2.9467280778951144e-01
121370	3	3.6223417446114586e+03	-2.3644313223455432e-01
121380	3	3.6202689911188122e+03	-1.7808938215094056e-01
121390	3	3.6187802709752327e+03	-1.1964145877071569e-01
121400	3	3.6178763753716098e+03	-6.1129488990174709e-02
121410	3	3.6175577935148335e+03	-2.5837527191150170e-03
121420	3	3.6178247114070014e+03	5.5965389251343096e-02
121430	3	3.6186770112655204e+03	1.1448756941670499e-01
121440	3	3.6201142718616939e+03	1.7295248716416228e-01
121450	3	3.6221357695856686e+03	2.3132998198973787e-01
121460	3	3.6247404802316405e+03	2.8959010591041251e-01
121470	3	3.6279270814931829e+03	3.4770319466323202e-01
121480	3	3.6316939561545682e+03	4.0563993729473352e-01
121490	3	3.6360391959600552e+03	4.6337144376108663e-01
121500	3	3.6409606061269251e+03	5.2086931066374964e-01
121510	3	3.6464557105129484e+03	5.7810568532266704e-01
121520	3	3.6525217574444937e+03	6.3505332362175571e-01
121530	3	3.6591557260477111e+03	6.9168564697453039e-01
121540	3	3.6663543331992755e+03	7.4797679513417414e-01
121550	3	3.6741140409817008e+03	8.0390167516766931e-01
121560	3	3.6824310646005310e+03	8.5943600649571095e-01
121570	3	3.6913013807233647e+03	9.1455636185131173e-01
121580	3	3.7007207361994178e+03	9.6924020404526179e-01
121590	3	3.7106846571172996e+03	1.0234659184613963e+00
121600	3	3.7211884581583035e+03	1.0772128412397357e+00
121610	3	3.7322272522515505e+03	1.1304612840927240e+00
121620	3	3.7437959602924234e+03	1.1831925548054401e+00
121630	3	3.7558893211379673e+03	1.2353889708889032e+00
121640	3	3.7685019019394426e+03	1.2870338714586644e+00
121650	3	3.7816281084190541e+03	1.3381116242813531e+00
121660	3	3.7952621951879264e+03	1.3886076288836497e+00
121670	3	3.8093982760681115e+03	1.4385083158896910e+00
121680	3	3.8240303343818714e+03	1.4878011427601210e+00
121690	3	3.8391522331733263e+03	1.5364745861225002e+00
121700	3	3.8547577253296308e+03	1.5845181308960261e+00
121710	3	3.8708404635708052e+03	1.6319222564241194e+00
121720	3	3.8873940103589575e+03	1.6786784203269445e+00
121730	3	3.9044118474906118e+03	1.7247790411298423e+00
121740	3	3.9218873852162014e+03	1.7702174748132560e+00
121750	3	3.9398139719857186e+03	1.8149879916658989e+00
121760	3	3.9581849035090881e+03	1.8590857508687251e+00
121770	3	3.9769934315154196e+03	1.9025067733607732e+00
121780	3	3.9962327722260784e+03	1.9452479133029354e+00
121790	3	4.0158961145288531e+03	1.9873068283570312e+00
121800	3	4.0359766278425504e+03	2.0286819489896106e+00
121810	3	4.0564674696636280e+03	2.0693724470017911e+00
121820	3	4.0773617927882506e+03	2.1093782034761768e+00
121830	3	4.0986527522051092e+03	2.1486997763218976e+00
121840	3	4.1203335119313915e+03	2.1873383688222359e+00
121850	3	4.1423972506216442e+03	2.2252957976137506e+00
121860	3	4.1648371676349243e+03	2.2625744583557390e+00
121870	3	4.1876464891926034e+03	2.2991772936126860e+00
121880	3	4.2108184736858102e+03	2.3351077606207031e+00
121890	3	4.2343464166555113e+03	2.3703697994984445e+00
121900	3	4.2582236554503770e+03	2.4049678020032283e+00
121910	3	4.2824435735686493e+03	2.4389065809218891e+00
121920	3	4.3069996046909419e+03	2.4721913401749469e+00
121930	3	4.3318852364117747e+03	2.5048276457023757e+00
121940	3	4.3570940136780337e+03	2.5368213971891467e+00
121950	3	4.3826195419434607e+03	2.5681788006795920e+00
121960	3	4.4084554903986791e+03	2.5989063430864152e+00
121970	3	4.4345955938884854e+03	2.6290107680610229e+00
121980	3	4.4610336552169692e+03	2.6584990495665952e+00
121990	3	4.4877635481814668e+03	2.6873783684936616e+00
122000	3	4.5147792195221155e+03	2.7156560900842446e+00
122010	3	4.5420746906413478e+03	2.7433397423720165e+00
122020	3	4.5696440591067958e+03	2.7704369956412176e+00
122030	3	4.5974814999478331e+03	2.7969556428985194e+00
122040	3	4.6255812667561031e+03	2.8229035813479650e+00
122050	3	4.6539376926002797e+03	2.8482887948550464e+00
122060	3	4.6825451907649931e+03	2.8731193373826756e+00
122070	3	4.7113982553239257e+03	2.8974033173788816e+00
122080	3	4.7404914616775477e+03	2.9211488832380650e+00
122090	3	4.7698194671395249e+03	2.9443642115586606e+00
122100	3	4.7993770095230839e+03	2.9670574935324501e+00
122110	3	4.8291589085689047e+03	2.9892369217911359e+00
122120	3	4.8591600661519060e+03	3.0109106791641325e+00
122130	3	4.8893754661101357e+03	3.0320869281663820e+00
122140	3	4.9198001739668189e+03	3.0527738012486583e+00
122150	3	4.9504293365532494e+03	3.0729793917793597e+00
122160	3	4.9812581815397871e+03	3.0927117457263655e+00
122170	3	5.0122820168821600e+03	3.1119788540079480e+00
122180	3	5.0434962301897403e+03	3.1307886454814406e+00
122190	3	5.0748962880221407e+03	3.1491489805390418e+00
122200	3	5.1064777351203747e+03	3.1670676452802948e+00
122210	3	5.1382361937443802e+03	3.1845523465293786e+00
122220	3	5.1701673628270200e+03	3.2016107094476527e+00
122230	3	5.2022670158532765e+03	3.2182502716381194e+00
122240	3	5.2345310013679946e+03	3.2344784785008645e+00
122250	3	5.2669552421672079e+03	3.2503026798734553e+00
122260	3	5.2995357342978423e+03	3.2657301270090433e+00
122270	3	5.3322685460243620e+03	3.2807679699416172e+00
122280	3	5.3651498167662321e+03	3.2954232552143017e+00
122290	3	5.3981757560100159e+03	3.3097029239474893e+00
122300	3	5.4313426421993290e+03	3.3236138102244817e+00
122310	3	5.4646468216061803e+03	3.3371626397734433e+00
122320	3	5.4980847071865055e+03	3.3503560289252055e+00
122330	3	5.5316527774237002e+03	3.3632004838281864e+00
122340	3	5.5653475756286962e+03	3.3757024010628753e+00
122350	3	5.5991657075708326e+03	3.3878680685682077e+00
122360	3	5.6331038408291188e+03	3.3997036633978848e+00
122370	3	5.6671587045011756e+03	3.4112152516447822e+00
122380	3	5.7013270880609671e+03	3.4224087886349630e+00
122390	3	5.7356058402149447e+03	3.4332901192829883e+00
122400	3	5.7699918677583419e+03	3.4438649785950686e+00
122410	3	5.8044821344332040e+03	3.4541389923073949e+00
122420	3	5.8390736597895457e+03	3.4641176776476561e+00
122430	3	5.8737635180510779e+03	3.4738064442085399e+00
122440	3	5.9085488369864670e+03	3.4832105949225420e+00
122450	3	5.9434267967875194e+03	3.4923353271283051e+00
122460	3	5.9783946293113831e+03	3.5011857344102508e+00
122470	3	6.0134496161948446e+03	3.5097668095926120e+00
122480	3	6.0485890877456814e+03	3.5180834440551552e+00
122490	3	6.0838104229905175e+03	3.5261404286684241e+00
122500	3	6.1191110486452835e+03	3.5339424551590004e+00
122510	3	6.1544884380887279e+03	3.5414941175180443e+00
122520	3	6.1899401103466607e+03	3.5487999134498036e+00
122530	3	6.2254636290871867e+03	3.5558642458542757e+00
122540	3	6.2610566016274752e+03	3.5626914243386358e+00
122550	3	6.2967166779524132e+03	3.5692856667525112e+00
122560	3	6.3324415497454902e+03	3.5756511007424252e+00
122570	3	6.3682289494435599e+03	3.5817917653278171e+00
122580	3	6.4040766497100858e+03	3.5877116136077598e+00
122590	3	6.4399824612605307e+03	3.5934145153002222e+00
122600	3	6.4759442328368332e+03	3.5989042564675042e+00
122610	3	6.5119598509350299e+03	3.6041845409137139e+00
122620	3	6.5480272389476322e+03	3.6092589917508024e+00
122630	3	6.5841443563182102e+03	3.6141311529619178e+00
122640	3	6.6203091977082313e+03	3.6188044909596804e+00
122650	3	6.6565197921763147e+03	3.6232823961371885e+00
