180	2	6.6359937131846791e+03	-3.6213778579554838e+00
190	2	6.5998026397315789e+03	-3.6168038629495531e+00
200	2	6.5636575305144042e+03	-3.6120351016938259e+00
210	2	6.5275599931036404e+03	-3.6070625247575956e+00
220	2	6.4915169857731407e+03	-3.6018881066471504e+00
230	2	6.4555257494844491e+03	-3.5965050215075482e+00
240	2	6.4195873340217368e+03	-3.5909119740154289e+00
250	2	6.3837076101323801e+03	-3.5851050238722095e+00
260	2	6.3478862041070388e+03	-3.5790776783574736e+00
270	2	6.3121254527514029e+03	-3.5728282199164125e+00
280	2	6.2764299515381581e+03	-3.5663539071538475e+00
290	2	6.2407986802114956e+03	-3.5596456727633554e+00
300	2	6.2052384013993751e+03	-3.5527051759245056e+00
310	2	6.1697450159121881e+03	-3.5455244004277264e+00
320	2	6.1343267619172157e+03	-3.5380994832918358e+00
330	2	6.0989841654542597e+03	-3.5304279136847447e+00
340	2	6.0637171543088416e+03	-3.5225026139051612e+00
350	2	6.0285371888298796e+03	-3.5143228333329199e+00
360	2	5.9934348511391827e+03	-3.5058791506483908e+00
370	2	5.9584183133408887e+03	-3.4971686135592721e+00
380	2	5.9234934397219131e+03	-3.4881863805240054e+00
390	2	5.8886545598303774e+03	-3.4789271802455035e+00
400	2	5.8539143647563815e+03	-3.4693872763385940e+00
410	2	5.8192692600247019e+03	-3.4595563061538144e+00
420	2	5.7847245923147293e+03	-3.4494376468497232e+00
430	2	5.7502820472919511e+03	-3.4390178977261332e+00
440	2	5.7159440275802772e+03	-3.4282979735637391e+00
450	2	5.6817167829752507e+03	-3.4172667700951540e+00
460	2	5.6476004546448221e+03	-3.4059202254043730e+00
470	2	5.6136001211768489e+03	-3.3942509629658826e+00
480	2	5.5797177689612190e+03	-3.3822562920149997e+00
490	2	5.5459565768105658e+03	-3.3699296656069189e+00
500	2	5.5123183683696006e+03	-3.3572633996396348e+00
510	2	5.4788114724161615e+03	-3.3442495882779211e+00
520	2	5.4454342324900481e+03	-3.3308827092879678e+00
530	2	5.4121938283722575e+03	-3.3171576251500401e+00
540	2	5.3790934956062247e+03	-3.3030667008600845e+00
550	2	5.3461363501400165e+03	-3.2886054697916376e+00
560	2	5.3133218751073300e+03	-3.2737638628280927e+00
570	2	5.2806611823370367e+03	-3.2585369619127804e+00
580	2	5.2481529898939116e+03	-3.2429162535932941e+00
590	2	5.2158049469360813e+03	-3.2268956260529746e+00
600	2	5.1836156077471715e+03	-3.2104634751822640e+00
610	2	5.1515959666517692e+03	-3.1936199726270260e+00
620	2	5.1197462852880617e+03	-3.1763531888600998e+00
630	2	5.0880714601664986e+03	-3.1586507489727964e+00
640	2	5.0565757018074846e+03	-3.1405152317388767e+00
650	2	5.0252616332089983e+03	-3.1219319730725132e+00
660	2	4.9941355355555688e+03	-3.1028969202351537e+00
670	2	4.9632044323879627e+03	-3.0833976256373479e+00
680	2	4.9324695855060927e+03	-3.0634291788501535e+00
690	2	4.9019405320207388e+03	-3.0429811678610315e+00
700	2	4.8716119804945656e+03	-3.0220509457630120e+00
710	2	4.8414995396356162e+03	-3.0006264755553582e+00
720	2	4.8116015577482158e+03	-2.9786979856166322e+00
730	2	4.7819274243242826e+03	-2.9562602969652145e+00
740	2	4.7524775290082116e+03	-2.9333009157755630e+00
750	2	4.7232608500263104e+03	-2.9098183318415760e+00
760	2	4.6942822984500217e+03	-2.8857974239924347e+00
770	2	4.6655485794778097e+03	-2.8612365588612434e+00
780	2	4.6370606599652428e+03	-2.8361223947375640e+00
790	2	4.6088273181079894e+03	-2.8104497887291786e+00
800	2	4.5808551772236169e+03	-2.7842082563868686e+00
810	2	4.5531455766222762e+03	-2.7573894360414859e+00
820	2	4.5257080887019674e+03	-2.7299890791260335e+00
830	2	4.4985490383128763e+03	-2.7019984248833704e+00
840	2	4.4716691120448850e+03	-2.6734064711085130e+00
850	2	4.4450820128297901e+03	-2.6442102216817194e+00
860	2	4.4187885861756740e+03	-2.6144009306068434e+00
870	2	4.3927951508265869e+03	-2.5839686897236054e+00
880	2	4.3671107056136934e+03	-2.5529089469969191e+00
890	2	4.3417381825714956e+03	-2.5212144915054524e+00
900	2	4.3166871983773690e+03	-2.4888790426670120e+00
910	2	4.2919640274285011e+03	-2.4558972411060878e+00
920	2	4.2675732976701329e+03	-2.4222635402744661e+00
930	2	4.2435234448166084e+03	-2.3879698956259912e+00
940	2	4.2198147139114972e+03	-2.3530153674708822e+00
950	2	4.1964629834048665e+03	-2.3173903066747408e+00
960	2	4.1734697231178279e+03	-2.2810967348961069e+00
970	2	4.1508412163124867e+03	-2.2441234703060737e+00
980	2	4.1285891628696118e+03	-2.2064718316029670e+00
990	2	4.1067141726055706e+03	-2.1681402943776593e+00
1000	2	4.0852299143817877e+03	-2.1291228712573633e+00
1010	2	4.0641348806906599e+03	-2.0894229278689842e+00
1020	2	4.0434430105524279e+03	-2.0490345554827933e+00
1030	2	4.0231568195897466e+03	-2.0079606977064528e+00
1040	2	4.0032862972350831e+03	-1.9661998851973475e+00
1050	2	3.9838350547086625e+03	-1.9237533353252465e+00
1060	2	3.9648136785808783e+03	-1.8806250252537569e+00
1070	2	3.9462261517399484e+03	-1.8368180294290528e+00
1080	2	3.9280808245162125e+03	-1.7923309319264673e+00
1090	2	3.9103808416231304e+03	-1.7471723196227429e+00
1100	2	3.8931357412294669e+03	-1.7013482383606349e+00
1110	2	3.8763554450153115e+03	-1.6548627863278140e+00
1120	2	3.8600441793372975e+03	-1.6077218036842895e+00
1130	2	3.8442029258859284e+03	-1.5599358594492805e+00
1140	2	3.8288471779946794e+03	-1.5115134436130582e+00
1150	2	3.8139759230361879e+03	-1.4624631962665375e+00
1160	2	3.7996003924296597e+03	-1.4128002075123081e+00
1170	2	3.7857198228091311e+03	-1.3625329398664918e+00
1180	2	3.7723500565047520e+03	-1.3116745007564716e+00
1190	2	3.7594889944519464e+03	-1.2602395662613277e+00
1200	2	3.7471502245280558e+03	-1.2082439132405012e+00
1210	2	3.7353279537532403e+03	-1.1557039455702849e+00
1220	2	3.7240363818280407e+03	-1.1026368023354354e+00
1230	2	3.7132750684525240e+03	-1.0490569051645662e+00
1240	2	3.7030550309128316e+03	-9.9499000324346420e-01
1250	2	3.6933776512842023e+03	-9.4045027075655918e-01
1260	2	3.6842490927096205e+03	-8.8546334883425593e-01
1270	2	3.6756698113075386e+03	-8.3004909787618142e-01
1280	2	3.6676490621496273e+03	-7.7422981157955928e-01
1290	2	3.6601846740734968e+03	-7.1803303085914094e-01
1300	2	3.6532885047336295e+03	-6.6148018498279515e-01
1310	2	3.6469573567948059e+03	-6.0460118179093625e-01
1320	2	3.6411962763889637e+03	-5.4741817099373058e-01
1330	2	3.6360112812108573e+03	-4.8995469431960542e-01
1340	2	3.6313998438370650e+03	-4.3224678884045115e-01
1350	2	3.6273665954244839e+03	-3.7431825420290865e-01
1360	2	3.6239124975242717e+03	-3.1619952679451818e-01
1370	2	3.6210442649307433e+03	-2.5791584567166964e-01
1380	2	3.6187563045793991e+03	-1.9950192639380707e-01
1390	2	3.6170531592580069e+03	-1.4098373674935616e-01
1400	2	3.6159365477877600e+03	-8.2394326109010513e-02
1410	2	3.6154054651673509e+03	-2.3762017004945860e-02
1420	2	3.6154595839354433e+03	3.4883920603602438e-02
1430	2	3.6161030245823281e+03	9.3509243157156974e-02
1440	2	3.6173304838781987e+03	1.5208247301191832e-01
1450	2	3.6191437260718494e+03	2.1057870090250244e-01
1460	2	3.6215413778468501e+03	2.6896649391348171e-01
1470	2	3.6245230225787100e+03	3.2721366379378197e-01
1480	2	3.6280842254050049e+03	3.8528932838219326e-01
1490	2	3.6322296780633947e+03	4.4317004308052965e-01
1500	2	3.6369494085987626e+03	5.0082281888703006e-01
1510	2	3.6422443233458384e+03	5.5822268091771510e-01
1520	2	3.6481123566404276e+03	6.1533936128225231e-01
1530	2	3.6545492756561889e+03	6.7214429817276555e-01
1540	2	3.6615551853385300e+03	7.2861646559938920e-01
1550	2	3.6691210549437305e+03	7.8472548771746664e-01
1560	2	3.6772466920218985e+03	8.4045074671447473e-01
1570	2	3.6859301996489348e+03	8.9576828744165260e-01
1580	2	3.6951610818961030e+03	9.5065100772208100e-01
1590	2	3.7049397620760319e+03	1.0050812056098788e+00
1600	2	3.7152610424744294e+03	1.0590364164497843e+00
1610	2	3.7261185636786049e+03	1.1124943833004253e+00
1620	2	3.7375084114235237e+03	1.1654421973423110e+00
1630	2	3.7494289911402452e+03	1.2178544854644517e+00
1640	2	3.7618664618106764e+03	1.2697210980925906e+00
1650	2	3.7748192917490510e+03	1.3210209114290798e+00
1660	2	3.7882820164833452e+03	1.3717413712803614e+00
1670	2	3.8022509397479298e+03	1.4218666820927193e+00
1680	2	3.8167183995851483e+03	1.4713865936213224e+00
1690	2	3.8316782513981434e+03	1.5202865086373505e+00
1700	2	3.8471208853227422e+03	1.5685573055940707e+00
1710	2	3.8630441755905690e+03	1.6161910286459329e+00
1720	2	3.8794424394360494e+03	1.6631770835982880e+00
1730	2	3.8963081809647952e+03	1.7095050413547750e+00
1740	2	3.9136321807947766e+03	1.7551720753357964e+00
1750	2	3.9314095090697260e+03	1.8001708510465881e+00
1760	2	3.9496328086884978e+03	1.8444954710648567e+00
1770	2	3.9682968591835206e+03	1.8881400343961656e+00
1780	2	3.9873929942849172e+03	1.9311042277659249e+00
1790	2	4.0069173596280411e+03	1.9733854914612818e+00
1800	2	4.0268575476997207e+03	2.0149836610368306e+00
1810	2	4.0472142995291488e+03	2.0558889373983922e+00
1820	2	4.0679735865736557e+03	2.0961131516643881e+00
1830	2	4.0891334799072333e+03	2.1356483344729664e+00
1840	2	4.1106856762482930e+03	2.1744989008998994e+00
1850	2	4.1326225546324195e+03	2.2126638496161015e+00
1860	2	4.1549350474033508e+03	2.2501493781692008e+00
1870	2	4.1776235318627769e+03	2.2869590596086216e+00
1880	2	4.2006737245062286e+03	2.3230871271871978e+00
1890	2	4.2240817431916857e+03	2.3585504306432044e+00
1900	2	4.2478416235605655e+03	2.3933415753497052e+00
1910	2	4.2719462228174261e+03	2.4274723053030449e+00
1920	2	4.2963887752769715e+03	2.4609456712234459e+00
1930	2	4.3211632114427575e+03	2.4937669538503320e+00
1940	2	4.3462623344190461e+03	2.5259446222819895e+00
1950	2	4.3716807614496665e+03	2.5574800030416598e+00
1960	2	4.3974113076327076e+03	2.5883839905059070e+00
1970	2	4.4234459874028316e+03	2.6186614007740130e+00
1980	2	4.4497807153251897e+03	2.6483181403199838e+00
1990	2	4.4764104604820450e+03	2.6773628311528257e+00
2000	2	4.5033263482790453e+03	2.7058042938829638e+00
2010	2	4.5305228729315977e+03	2.7336445492144112e+00
2020	2	4.5579980619505413e+03	2.7608977650462245e+00
2030	2	4.5857402441409386e+03	2.7875696644804879e+00
2040	2	4.6137467316246139e+03	2.8136651173199807e+00
2050	2	4.6420119061483938e+03	2.8391986912977933e+00
2060	2	4.6705289618861234e+03	2.8641707547546464e+00
2070	2	4.6992920450833681e+03	2.8885944820971408e+00
2080	2	4.7282986300591465e+03	2.9124761703020696e+00
2090	2	4.7575405973100960e+03	2.9358273001659891e+00
2100	2	4.7870130152310085e+03	2.9586481563636586e+00
2110	2	4.8167136763299795e+03	2.9809553181478718e+00
2120	2	4.8466300811460160e+03	3.0027527508184821e+00
2130	2	4.8767649061139700e+03	3.0240508840381537e+00
2140	2	4.9071096181234843e+03	3.0448559760927107e+00
2150	2	4.9376597216746422e+03	3.0651777584903313e+00
2160	2	4.9684120937281632e+03	3.0850209031615572e+00
2170	2	4.9993595059224945e+03	3.1043988482025204e+00
2180	2	5.0305002680425532e+03	3.1233144948658018e+00
2190	2	5.0618243505951168e+03	3.1417816241885004e+00
2200	2	5.0933318194201502e+03	3.1598031240442572e+00
2210	2	5.1250207903278069e+03	3.1773869645541994e+00
2220	2	5.1568804181774967e+03	3.1945413139603960e+00
2230	2	5.1889083944558215e+03	3.2112770788083034e+00
2240	2	5.2211018284683687e+03	3.2275967698542853e+00
2250	2	5.2534587712014254e+03	3.2435116009247742e+00
2260	2	5.2859720857594530e+03	3.2590277455147740e+00
2270	2	5.3186387340429201e+03	3.2741493717911831e+00
2280	2	5.3514537210252465e+03	3.2888892020662626e+00
2290	2	5.3844154460673253e+03	3.3032510867735936e+00
2300	2	5.4175181692049728e+03	3.3172424796771338e+00
2310	2	5.4507573820160087e+03	3.3308686941053258e+00
2320	2	5.4841330147527024e+03	3.3441381646995256e+00
2330	2	5.5176394864307431e+03	3.3570565032880380e+00
2340	2	5.5512734446082095e+03	3.3696331919829401e+00
2350	2	5.5850314059857556e+03	3.3818681088244924e+00
2360	2	5.6189102144904400e+03	3.3937715246381779e+00
2370	2	5.6529030635372546e+03	3.4053520171500180e+00
2380	2	5.6870157149192446e+03	3.4166089724594255e+00
2390	2	5.7212385150778882e+03	3.4275578291900697e+00
2400	2	5.7555652197396630e+03	3.4381926583441778e+00
2410	2	5.7900010962844481e+03	3.4485310765150108e+00
2420	2	5.8245362568930623e+03	3.4585677926516492e+00
2430	2	5.8591705503540197e+03	3.4683170329951940e+00
2440	2	5.8939014783880384e+03	3.4777778572886291e+00
2450	2	5.9287236592825993e+03	3.4869607001305232e+00
2460	2	5.9636394999730364e+03	3.4958656237450447e+00
2470	2	5.9986432511473522e+03	3.5045012322221631e+00
2480	2	6.0337288316370332e+03	3.5128732736686912e+00
2490	2	6.0688982532691844e+03	3.5209797270601828e+00
2500	2	6.1041467648462913e+03	3.5288348345790133e+00
2510	2	6.1394740269907652e+03	3.5364351578816566e+00
2520	2	6.1748756299214410e+03	3.5437906926321721e+00
2530	2	6.2103494991746911e+03	3.5509052040344118e+00
2540	2	6.2458923092520645e+03	3.5577792736182219e+00
2550	2	6.2815036307328082e+03	3.5644203760496644e+00
2560	2	6.3171823358530828e+03	3.5708326666404422e+00
2570	2	6.3529174838718482e+03	3.5770170199910654e+00
2580	2	6.3887221523643348e+03	3.5829820411469306e+00
2590	2	6.4245789967119708e+03	3.5887296089010614e+00
2600	2	6.4604947947735445e+03	3.5942626646795528e+00
2610	2	6.4964615465463703e+03	3.5995865405518521e+00
2620	2	6.5324842339374500e+03	3.6047006616954693e+00
2630	2	6.5685563097385057e+03	3.6096155007892978e+00
2640	2	6.6046769139035969e+03	3.6143298207579022e+00
2650	2	6.6408408877725169e+03	3.6188483163685756e+00
5000	1	6.6632924537891276e+03	-3.5640355163669826e+00
5010	1	6.6276763270831943e+03	-3.5593514570064761e+00
5020	1	6.5921063041240877e+03	-3.5544764022191178e+00
5030	1	6.5565868407016860e+03	-3.5494054012489133e+00
5040	1	6.5211188039166145e+03	-3.5441333691390025e+00
5050	1	6.4857049913324117e+03	-3.5386602896897021e+00
5060	1	6.4503462752584510e+03	-3.5329805308282007e+00
5070	1	6.4150484229001222e+03	-3.5270899255806403e+00
5080	1	6.3798038841690250e+03	-3.5209894353088713e+00
5090	1	6.3446247165136201e+03	-3.5146696964213113e+00
5100	1	6.3095112450133765e+03	-3.5081307580629604e+00
5110	1	6.2744636304015203e+03	-3.5013653707951633e+00
5120	1	6.2394854185810846e+03	-3.4943700062782459e+00
5130	1	6.2045779096510214e+03	-3.4871452310316107e+00
5140	1	6.1697435308705317e+03	-3.4796832939501061e+00
5150	1	6.1349857969431532e+03	-3.4719765447353432e+00
5160	1	6.1003054182046289e+03	-3.4640267656150772e+00
5170	1	6.0657062964038505e+03	-3.4558272309615790e+00
5180	1	6.0311911028856484e+03	-3.4473730084977965e+00
5190	1	5.9967601561678921e+03	-3.4386616871420710e+00
5200	1	5.9624156987713686e+03	-3.4296842638778724e+00
5210	1	5.9281638022726784e+03	-3.4204401272365685e+00
5220	1	5.8940099916562449e+03	-3.4109214745618082e+00
5230	1	5.8599467795556002e+03	-3.4011266504693518e+00
5240	1	5.8259875817530537e+03	-3.3910461402230903e+00
5250	1	5.7921286826945952e+03	-3.3806788641029768e+00
5260	1	5.7583771488706743e+03	-3.3700153335369736e+00
5270	1	5.7247292319079797e+03	-3.3590570346432624e+00
5280	1	5.6911942946743866e+03	-3.3477917146161600e+00
5290	1	5.6577747315694442e+03	-3.3362169301913465e+00
5300	1	5.6244717556012793e+03	-3.3243275396891607e+00
5310	1	5.5912890985409376e+03	-3.3121141554656388e+00
5320	1	5.5582296853037815e+03	-3.2995760484546977e+00
5330	1	5.5252973841231887e+03	-3.2867034208757300e+00
5340	1	5.4924976461940150e+03	-3.2734939565019996e+00
5350	1	5.4598285432010325e+03	-3.2599376200332890e+00
5360	1	5.4272987283283346e+03	-3.2460282703240342e+00
5370	1	5.3949118313545077e+03	-3.2317622712475451e+00
5380	1	5.3626652966391830e+03	-3.2171322021597781e+00
5390	1	5.3305689414805429e+03	-3.2021309052346565e+00
5400	1	5.2986252392900769e+03	-3.1867534800248518e+00
5410	1	5.2668349954121313e+03	-3.1709912327292322e+00
5420	1	5.2352068536902925e+03	-3.1548388690404483e+00
5430	1	5.2037395234409760e+03	-3.1382866848973965e+00
5440	1	5.1724424526588009e+03	-3.1213304862891729e+00
5450	1	5.1413152488260412e+03	-3.1039623662432101e+00
5460	1	5.1103633466591391e+03	-3.0861781159950659e+00
5470	1	5.0795916198769155e+03	-3.0679647074148781e+00
5480	1	5.0490046507829593e+03	-3.0493190506420698e+00
5490	1	5.0186072834467577e+03	-3.0302328163017225e+00
5500	1	4.9884020680232898e+03	-3.0107003379027688e+00
5510	1	4.9583946582823428e+03	-2.9907123632374630e+00
5520	1	4.9285908084601724e+03	-2.9702601344052622e+00
5530	1	4.8989911457005446e+03	-2.9493388356231711e+00
5540	1	4.8696058041258566e+03	-2.9279388016112797e+00
5550	1	4.8404337574303463e+03	-2.9060560727146596e+00
5560	1	4.8114861898756762e+03	-2.8836781405207610e+00
5570	1	4.7827618862583213e+03	-2.8608010169945906e+00
5580	1	4.7542710771245547e+03	-2.8374150061267644e+00
5590	1	4.7260167774516558e+03	-2.8135150795843664e+00
5600	1	4.6980019020837153e+03	-2.7890933206591417e+00
5610	1	4.6702352530218914e+03	-2.7641424074427272e+00
5620	1	4.6427232716965964e+03	-2.7386530373800140e+00
5630	1	4.6154654065081595e+03	-2.7126204302148285e+00
5640	1	4.5884703010867343e+03	-2.6860320635189892e+00
5650	1	4.5617463009593657e+03	-2.6588912685826069e+00
5660	1	4.5352944729093870e+03	-2.6311790850770675e+00
5670	1	4.5091246709768429e+03	-2.6028992295294895e+00
5680	1	4.4832402202236999e+03	-2.5740372772025282e+00
5690	1	4.4576435676222136e+03	-2.5445914513421535e+00
5700	1	4.4323499818880682e+03	-2.5145527419924139e+00
5710	1	4.4073575503658867e+03	-2.4839168572277721e+00
5720	1	4.3826726432383066e+03	-2.4526798919961195e+00
5730	1	4.3583062713967893e+03	-2.4208308511515413e+00
5740	1	4.3342581510371747e+03	-2.3883721171747743e+00
5750	1	4.3105379354833940e+03	-2.3552916139182951e+00
5760	1	4.2871520747779987e+03	-2.3215857261437791e+00
5770	1	4.2641092050171665e+03	-2.2872542914091207e+00
5780	1	4.2414119921288757e+03	-2.2522917062403200e+00
5790	1	4.2190661374428837e+03	-2.2166957209320040e+00
5800	1	4.1970799391294449e+03	-2.1804577968048742e+00
5810	1	4.1754582075976396e+03	-2.1435816726860053e+00
5820	1	4.1542101532214747e+03	-2.1060649528600339e+00
5830	1	4.1333379886196790e+03	-2.0679039645431274e+00
5840	1	4.1128533190308372e+03	-2.0290991452234493e+00
5850	1	4.0927589922979287e+03	-1.9896479827701676e+00
5860	1	4.0730637885726978e+03	-1.9495521066907417e+00
5870	1	4.0537708769160486e+03	-1.9088151303381777e+00
5880	1	4.0348879474863515e+03	-1.8674356705366755e+00
5890	1	4.0164243000980764e+03	-1.8254162724337053e+00
5900	1	3.9983821987079218e+03	-1.7827626053505259e+00
5910	1	3.9807705159449456e+03	-1.7394748980957746e+00
5920	1	3.9635963568170118e+03	-1.6955607119173821e+00
5930	1	3.9468621825602245e+03	-1.6510237185076473e+00
5940	1	3.9305775027791778e+03	-1.6058690887248519e+00
5950	1	3.9147476079780149e+03	-1.5601054832096590e+00
5960	1	3.8993771593684833e+03	-1.5137433559504854e+00
5970	1	3.8844743882046519e+03	-1.4667864004693225e+00
5980	1	3.8700438565201353e+03	-1.4192499504506833e+00
5990	1	3.8560919314759367e+03	-1.3711391086168891e+00
6000	1	3.8426227375871858e+03	-1.3224692178055280e+00
6010	1	3.8296446310187416e+03	-1.2732495138336271e+00
6020	1	3.8171590683650793e+03	-1.2234962535655549e+00
6030	1	3.8051749703582168e+03	-1.1732238579700387e+00
6040	1	3.7936979658234359e+03	-1.1224454981242111e+00
6050	1	3.7827272466743589e+03	-1.0711797927344060e+00
6060	1	3.7722742972791089e+03	-1.0194385813095337e+00
6070	1	3.7623414473415082e+03	-9.6724228460828277e-01
6080	1	3.7529310370628068e+03	-9.1461179509543911e-01
6090	1	3.7440510410815382e+03	-8.6156829542435520e-01
6100	1	3.7357018643787492e+03	-8.0812825952152301e-01
6110	1	3.7278886085606787e+03	-7.5431330501943983e-01
6120	1	3.7206149495338318e+03	-7.0014902328161621e-01
6130	1	3.7138870345280352e+03	-6.4565058171790135e-01
6140	1	3.7077023318249635e+03	-5.9084994376802613e-01
6150	1	3.7020706492491554e+03	-5.3576779186222034e-01
6160	1	3.6969900406552310e+03	-4.8042684738277819e-01
6170	1	3.6924628529692341e+03	-4.2485505934392415e-01
6180	1	3.6884936951480968e+03	-3.6907748217338060e-01
6190	1	3.6850837250670661e+03	-3.1311954802053543e-01
6200	1	3.6822318384544387e+03	-2.5701043432457743e-01
6210	1	3.6799421611689258e+03	-2.0077465944227316e-01
6220	1	3.6782163890490115e+03	-1.4443902350488133e-01
6230	1	3.6770537471106541e+03	-8.8037442668838589e-02
6240	1	3.6764538736998988e+03	-3.1586191016198417e-02
6250	1	3.6764212252896259e+03	2.4876055531634026e-02
6260	1	3.6769539218500813e+03	8.1329444538003184e-02
6270	1	3.6780480486702559e+03	1.3774235601295332e-01
6280	1	3.6797078691342326e+03	1.9408279615793048e-01
6290	1	3.6819284574056246e+03	2.5033287580920399e-01
6300	1	3.6847135971820635e+03	3.0645749173288839e-01
6310	1	3.6880587300020588e+03	3.6243476595788598e-01
6320	1	3.6919602612698059e+03	4.1823336639180825e-01
6330	1	3.6964224619634028e+03	4.7382808607417076e-01
6340	1	3.7014372641177351e+03	5.2919740018669703e-01
6350	1	3.7070042633389007e+03	5.8431097900866957e-01
6360	1	3.7131226820486763e+03	6.3914371082968990e-01
6370	1	3.7197851892251956e+03	6.9367545023783472e-01
6380	1	3.7269930234290773e+03	7.4788216364488413e-01
6390	1	3.7347423589198288e+03	8.0173564159660182e-01
6400	1	3.7430276420583787e+03	8.5522049724585747e-01
6410	1	3.7518454450191489e+03	9.0831174911616774e-01
6420	1	3.7611917337063883e+03	9.6098832292558345e-01
6430	1	3.7710652096190292e+03	1.0132326858309411e+00
6440	1	3.7814549832246653e+03	1.0650226204227435e+00
6450	1	3.7923639256321294e+03	1.1163456392620958e+00
6460	1	3.8037826351278754e+03	1.1671807239757690e+00
6470	1	3.8157057191753775e+03	1.2175113907615969e+00
6480	1	3.8281304169065174e+03	1.2673243468577491e+00
6490	1	3.8410500170628034e+03	1.3166000266083313e+00
6500	1	3.8544590538313314e+03	1.3653351628634747e+00
6510	1	3.8683551747631154e+03	1.4135080840631626e+00
6520	1	3.8827297524600872e+03	1.4611109518073668e+00
6530	1	3.8975772325079829e+03	1.5081332665928198e+00
6540	1	3.9128890323086198e+03	1.5545622745969185e+00
6550	1	3.9286631115181990e+03	1.6003929015753107e+00
6560	1	3.9448954472249652e+03	1.6456132300018036e+00
6570	1	3.9615753463411424e+03	1.6902207653849697e+00
6580	1	3.9786973934636080e+03	1.7342059458026011e+00
6590	1	3.9962558378317967e+03	1.7775629980960563e+00
6600	1	4.0142487972256813e+03	1.8202881815562948e+00
6610	1	4.0326582800191272e+03	1.8623794621845862e+00
6620	1	4.0514917018874962e+03	1.9038308683044514e+00
6630	1	4.0707337652573174e+03	1.9446391013559297e+00
6640	1	4.0903822044561989e+03	1.9848035864008833e+00
6650	1	4.1104293526607153e+03	2.0243266519793162e+00
6660	1	4.1308673620783102e+03	2.0632036699345475e+00
6670	1	4.1516902509321926e+03	2.1014338698234813e+00
6680	1	4.1728945831160418e+03	2.1390250263174519e+00
6690	1	4.1944699488601855e+03	2.1759724764804429e+00
6700	1	4.2164117554670711e+03	2.2122785907737268e+00
6710	1	4.2387123318570266e+03	2.2479438026604450e+00
6720	1	4.2613689559968016e+03	2.2829782509946113e+00
6730	1	4.2843708823776951e+03	2.3173801277094670e+00
6740	1	4.3077159082267508e+03	2.3511512827047949e+00
6750	1	4.3313922428881815e+03	2.3843011651908181e+00
6760	1	4.3553985004227243e+03	2.4168284721723943e+00
6770	1	4.3797257733259339e+03	2.4487447934598303e+00
6780	1	4.4043689003729269e+03	2.4800500659422773e+00
6790	1	4.4293243091564000e+03	2.5107502174438983e+00
6800	1	4.4545824250028300e+03	2.5408516378681458e+00
6810	1	4.4801391783151576e+03	2.5703618258434084e+00
6820	1	4.5059890212729551e+03	2.5992851316054075e+00
6830	1	4.5321229679809967e+03	2.6276294843609742e+00
6840	1	4.5585382584782956e+03	2.6554015381440887e+00
6850	1	4.5852292454609269e+03	2.6826055839154668e+00
6860	1	4.6121892380787940e+03	2.7092507319634831e+00
6870	1	4.6394132351570961e+03	2.7353440472946002e+00
6880	1	4.6668934931948443e+03	2.7608910209603708e+00
6890	1	4.6946291588119129e+03	2.7858998167686275e+00
6900	1	4.7226107462094160e+03	2.8103789227887508e+00
6910	1	4.7508359792315478e+03	2.8343329292056021e+00
6920	1	4.7792953913162310e+03	2.8577705043111137e+00
6930	1	4.8079882601444097e+03	2.8807021002059652e+00
6940	1	4.8369068061692542e+03	2.9031334231351562e+00
6950	1	4.8660479953005697e+03	2.9250671380249709e+00
6960	1	4.8954080163933486e+03	2.9465159822763907e+00
6970	1	4.9249778807498815e+03	2.9674886199469324e+00
6980	1	4.9547564092921848e+03	2.9879882139963430e+00
6990	1	4.9847354660311676e+03	3.0080261671569355e+00
7000	1	5.0149167997052173e+03	3.0276070517789568e+00
7010	1	5.0452871010422405e+03	3.0467375417746565e+00
7020	1	5.0758492181109086e+03	3.0654290016038988e+00
7030	1	5.1065938638209955e+03	3.0836839529823963e+00
7040	1	5.1375202706603750e+03	3.1015131925268484e+00
7050	1	5.1686236559631816e+03	3.1189219621375188e+00
7060	1	5.1998980832679863e+03	3.1359200709953567e+00
7070	1	5.2313389063857539e+03	3.1525134953719456e+00
7080	1	5.2629449094640449e+03	3.1687053113695174e+00
7090	1	5.2947117244132187e+03	3.1845055968116869e+00
7100	1	5.3266338679651581e+03	3.1999219220621389e+00
7110	1	5.3587100704378217e+03	3.2149600948169499e+00
7120	1	5.3909328434414765e+03	3.2296278651227852e+00
7130	1	5.4233009639640268e+03	3.2439283352694219e+00
7140	1	5.4558092632715561e+03	3.2578711746215419e+00
7150	1	5.4884583564141249e+03	3.2714614913673326e+00
7160	1	5.5212391376609758e+03	3.2847054690831965e+00
7170	1	5.5541504681517063e+03	3.2976082571115906e+00
7180	1	5.5871908069858819e+03	3.3101816948942862e+00
7190	1	5.6203521990079762e+03	3.3224212387497452e+00
7200	1	5.6536375838939985e+03	3.3343406036632066e+00
7210	1	5.6870392309387880e+03	3.3459468647072250e+00
7220	1	5.7205554273859107e+03	3.3572414371653370e+00
7230	1	5.7541819481965676e+03	3.3682289575934816e+00
7240	1	5.7879189836933474e+03	3.3789173349147106e+00
7250	1	5.8217595319193379e+03	3.3893117412937794e+00
7260	1	5.8557030344030700e+03	3.3994175309622792e+00
7270	1	5.8897462415238397e+03	3.4092388938121871e+00
7280	1	5.9238888121817308e+03	3.4187818108443233e+00
7290	1	5.9581213096847077e+03	3.4280489526698736e+00
7300	1	5.9924477012348589e+03	3.4370484661305953e+00
7310	1	6.0268610553620074e+03	3.4457857466215667e+00
7320	1	6.0613624097226084e+03	3.4542606100630389e+00
7330	1	6.0959433987988004e+03	3.4624813093598719e+00
7340	1	6.1306104227844471e+03	3.4704515413972263e+00
7350	1	6.1653534355252841e+03	3.4781763408166748e+00
7360	1	6.2001732350975772e+03	3.4856600142345577e+00
7370	1	6.2350670640325943e+03	3.4929065475708803e+00
7380	1	6.2700312670547091e+03	3.4999171863508929e+00
7390	1	6.3050668263567968e+03	3.5067029004650832e+00
7400	1	6.3401643012118384e+03	3.5132607299862637e+00
7410	1	6.3753290822191866e+03	3.5195970275279360e+00
7420	1	6.4105544961083342e+03	3.5257149241569610e+00
7430	1	6.4458424388292733e+03	3.5316196703559379e+00
7440	1	6.4811864275529269e+03	3.5373163260150475e+00
7450	1	6.5165885609632369e+03	3.5428039639429731e+00
7460	1	6.5520440175442554e+03	3.5480898895110720e+00
7470	1	6.5875500587497272e+03	3.5531767737899043e+00
7480	1	6.6231053216941627e+03	3.5580638294064975e+00
7490	1	6.6587086921624359e+03	3.5627637519581752e+00
8690	3	6.6391123619531263e+03	-3.2041367652099644e+00
8700	3	6.6071148498609546e+03	-3.1953343606641069e+00
8710	3	6.5752064586653078e+03	-3.1862825627676727e+00
8720	3	6.5433916684877431e+03	-3.1769790959233721e+00
8730	3	6.5116688285703822e+03	-3.1674195352574048e+00
8740	3	6.4800429472205105e+03	-3.1576002918748602e+00
8750	3	6.4485155922057593e+03	-3.1475189879667380e+00
8760	3	6.4170917577529244e+03	-3.1371706035926561e+00
8770	3	6.3857725879252348e+03	-3.1265514430262540e+00
8780	3	6.3545659020277453e+03	-3.1156554850718994e+00
8790	3	6.3234633579120273e+03	-3.1044814256150133e+00
8800	3	6.2924748850114574e+03	-3.0930240149182531e+00
8810	3	6.2616018995314234e+03	-3.0812778440254140e+00
8820	3	6.2308488665699306e+03	-3.0692449988634665e+00
8830	3	6.2002195245178227e+03	-3.0569129592141597e+00
8840	3	6.1697143036652133e+03	-3.0442852570513006e+00
8850	3	6.1393326198079494e+03	-3.0313505992119065e+00
8860	3	6.1090863089442837e+03	-3.0181090304747129e+00
8870	3	6.0789730901737948e+03	-3.0045559935322776e+00
8880	3	6.0489947127699634e+03	-2.9906844118077593e+00
8890	3	6.0191613770456433e+03	-2.9764949076038776e+00
8900	3	5.9894674831296816e+03	-2.9619772563432436e+00
8910	3	5.9599239771368839e+03	-2.9471334415780510e+00
8920	3	5.9305259648499177e+03	-2.9319541677664529e+00
8930	3	5.9012845425705964e+03	-2.9164340455367666e+00
8940	3	5.8721976633177283e+03	-2.9005714219801666e+00
8950	3	5.8432732005123898e+03	-2.8843631424097489e+00
8960	3	5.8145115209907062e+03	-2.8678025675473271e+00
8970	3	5.7859193338010555e+03	-2.8508856429574974e+00
8980	3	5.7574974693661252e+03	-2.8336062286864236e+00
8990	3	5.7292474076151175e+03	-2.8159626160925515e+00
9000	3	5.7011785569670783e+03	-2.7979503258058327e+00
9010	3	5.6732897445484077e+03	-2.7795613286478051e+00
9020	3	5.6455882564822159e+03	-2.7607947669684672e+00
9030	3	5.6180768460734234e+03	-2.7416429270123950e+00
9040	3	5.5907567129031131e+03	-2.7221029027948971e+00
9050	3	5.5636338475955927e+03	-2.7021718214004466e+00
9060	3	5.5367136138774549e+03	-2.6818450101024811e+00
9070	3	5.5099991716078330e+03	-2.6611133967119556e+00
9080	3	5.4834933369854871e+03	-2.6399788962859869e+00
9090	3	5.4572002423016620e+03	-2.6184343363396660e+00
9100	3	5.4311263780298659e+03	-2.5964769881122840e+00
9110	3	5.4052742216945444e+03	-2.5741002021646886e+00
9120	3	5.3796453297068247e+03	-2.5513025764226254e+00
9130	3	5.3542481091141944e+03	-2.5280785573765554e+00
9140	3	5.3290832302379713e+03	-2.5044254429701138e+00
9150	3	5.3041604767772224e+03	-2.4803385268945628e+00
9160	3	5.2794787321248841e+03	-2.4558151707295748e+00
9170	3	5.2550460571437852e+03	-2.4308489268204174e+00
9180	3	5.2308651545359971e+03	-2.4054404173881387e+00
9190	3	5.2069406621198195e+03	-2.3795841826524553e+00
9200	3	5.1832762599431189e+03	-2.3532771166344228e+00
9210	3	5.1598749983529488e+03	-2.3265163341305035e+00
9220	3	5.1367453270261130e+03	-2.2993020290259567e+00
9230	3	5.1138914487099964e+03	-2.2716257248311051e+00
9240	3	5.0913151560359192e+03	-2.2434904200946093e+00
9250	3	5.0690231383487171e+03	-2.2148927825664524e+00
9260	3	5.0470191736855650e+03	-2.1858292375911792e+00
9270	3	5.0253059135299181e+03	-2.1562946827222644e+00
9280	3	5.0038945859729693e+03	-2.1262963405243660e+00
9290	3	4.9827829501978158e+03	-2.0958258508170231e+00
9300	3	4.9619783241945852e+03	-2.0648861463105082e+00
9310	3	4.9414861908996372e+03	-2.0334754658613154e+00
9320	3	4.9213124400872093e+03	-2.0015907422638390e+00
9330	3	4.9014558165495500e+03	-1.9692354208807290e+00
9340	3	4.8819267697087662e+03	-1.9364089691257131e+00
9350	3	4.8627302295840709e+03	-1.9031097453359016e+00
9360	3	4.8438693709503086e+03	-1.8693415331524104e+00
9370	3	4.8253447665539416e+03	-1.8351031038136829e+00
9380	3	4.8071671505073100e+03	-1.8003992362718406e+00
9390	3	4.7893373933048661e+03	-1.7652254661435809e+00
9400	3	4.7718655300413502e+03	-1.7295932699464807e+00
9410	3	4.7547481617140420e+03	-1.6934962203527308e+00
9420	3	4.7379959970404652e+03	-1.6569416340888270e+00
9430	3	4.7216097540491664e+03	-1.6199350341545431e+00
9440	3	4.7055991308002194e+03	-1.5824761761174564e+00
9450	3	4.6899630491314483e+03	-1.5445722358900384e+00
9460	3	4.6747071352011390e+03	-1.5062284794593246e+00
9470	3	4.6598395954180387e+03	-1.4674462230337451e+00
9480	3	4.6453603338843805e+03	-1.4282356969805763e+00
9490	3	4.6312763587255658e+03	-1.3886008152568945e+00
9500	3	4.6175899081712223e+03	-1.3485473596989255e+00
9510	3	4.6043064620076193e+03	-1.3080854969283842e+00
9520	3	4.5914287628152879e+03	-1.2672204847783779e+00
9530	3	4.5789632559497713e+03	-1.2259581388416323e+00
9540	3	4.5669126757336880e+03	-1.1843108762641217e+00
9550	3	4.5552803500580412e+03	-1.1422877958929247e+00
9560	3	4.5440662352440268e+03	-1.0998928660651330e+00
9570	3	4.5332842897948449e+03	-1.0571445470401946e+00
9580	3	4.5229272123592773e+03	-1.0140455100586876e+00
9590	3	4.5130023113740572e+03	-9.7060822218685827e-01
9600	3	4.5035142962392856e+03	-9.2684915383416455e-01
9610	3	4.4944655521688201e+03	-8.8277232612727219e-01
9620	3	4.4858610177463315e+03	-8.3839327274553155e-01
9630	3	4.4776986642178572e+03	-7.9372399346810940e-01
9640	3	4.4699861422169542e+03	-7.4877938550087686e-01
9650	3	4.4627255049090072e+03	-7.0357384367900999e-01
9660	3	4.4559164117188948e+03	-6.5811625966260257e-01
9670	3	4.4495639911411317e+03	-6.1242217659599141e-01
9680	3	4.4436687662570830e+03	-5.6650736979208860e-01
9690	3	4.4382332148026326e+03	-5.2038508745206624e-01
9700	3	4.4332606325950637e+03	-4.7407523699229492e-01
9710	3	4.4287534876717600e+03	-4.2758661605040965e-01
9720	3	4.4247092618978231e+03	-3.8093923908410854e-01
9730	3	4.4211355839576809e+03	-3.3414658238280004e-01
9740	3	4.4180282405055777e+03	-2.8722370919194029e-01
9750	3	4.4153905824372814e+03	-2.4018956616797091e-01
9760	3	4.4132239756662393e+03	-1.9306081175944581e-01
9770	3	4.4115297239692673e+03	-1.4584979160658679e-01
9780	3	4.4103106879053366e+03	-9.8578000342045086e-02
9790	3	4.4095578096795252e+03	-5.1261781457211913e-02
9800	3	4.4092804569608325e+03	-3.9147570994203422e-03
9810	3	4.4094815541446433e+03	4.3441269999484042e-02
9820	3	4.4101514426263439e+03	9.0793352552397927e-02
9830	3	4.4112948117658152e+03	1.3812433318746181e-01
9840	3	4.4129158329555275e+03	1.8541810661664362e-01
9850	3	4.4150041789598090e+03	2.3265376766419565e-01
9860	3	4.4175663507449926e+03	2.7981858884538569e-01
9870	3	4.4205989164137209e+03	3.2689427031706458e-01
9880	3	4.4241025040301292e+03	3.7386334381090874e-01
9890	3	4.4280747763248355e+03	4.2071130780095950e-01
9900	3	4.4325169009201445e+03	4.6741911224068478e-01
9910	3	4.4374233956813987e+03	5.1397673645589881e-01
9920	3	4.4427969524696427e+03	5.6036422062390456e-01
9930	3	4.4486308043354129e+03	6.0656855448091351e-01
9940	3	4.4549287478225278e+03	6.5257008417269524e-01
9950	3	4.4616833151448054e+03	6.9835677693708353e-01
9960	3	4.4688935465301529e+03	7.4391959371414340e-01
9970	3	4.4765590707720012e+03	7.8923511012018033e-01
9980	3	4.4846783716319451e+03	8.3429464635817552e-01
9990	3	4.4932432002198902e+03	8.7908417824190876e-01
10000	3	4.5022586439870884e+03	9.2359297548392905e-01
10010	3	4.5117145286166797e+03	9.6780255947708871e-01
10020	3	4.5216126130630828e+03	1.0117096523701201e+00
10030	3	4.5319476107874698e+03	1.0552920637825620e+00
10040	3	4.5427183316393175e+03	1.0985455351685607e+00
10050	3	4.5539172959713551e+03	1.1414580840649897e+00
10060	3	4.5655447078396082e+03	1.1840203700182044e+00
10070	3	4.5775978344052028e+03	1.2262203957351248e+00
10080	3	4.5900685174568562e+03	1.2680486129570929e+00
10090	3	4.6029573561121961e+03	1.3094969415031066e+00
10100	3	4.6162572477652975e+03	1.3505583895076609e+00
10110	3	4.6299671000506078e+03	1.3912206906702609e+00
10120	3	4.6440781188857936e+03	1.4314812852937333e+00
10130	3	4.6585955469394248e+03	1.4713290872438325e+00
10140	3	4.6735077315773678e+03	1.5107604862952480e+00
10150	3	4.6888099036753656e+03	1.5497647616446433e+00
10160	3	4.7045006818007923e+03	1.5883439870406260e+00
10170	3	4.7205740335457167e+03	1.6264836565670928e+00
10180	3	4.7370281776214397e+03	1.6641856062943787e+00
10190	3	4.7538567640778629e+03	1.7014449422626039e+00
10200	3	4.7710554762079510e+03	1.7382548463385914e+00
10210	3	4.7886192453693420e+03	1.7746100465867349e+00
10220	3	4.8065457212943265e+03	1.8105130278757093e+00
10230	3	4.8248286336370229e+03	1.8459562157203755e+00
10240	3	4.8434632097359781e+03	1.8809402854239565e+00
10250	3	4.8624469446627463e+03	1.9154654536623779e+00
10260	3	4.8817739695494720e+03	1.9495236968620828e+00
10270	3	4.9014336934071780e+03	1.9831166077730626e+00
10280	3	4.9214323382728562e+03	2.0162439324988477e+00
10290	3	4.9417569065093985e+03	2.0489045494919731e+00
10300	3	4.9624100701204097e+03	2.0810998531796918e+00
10310	3	4.9833802090367199e+03	2.1128298536047918e+00
10320	3	5.0046621159301876e+03	2.1440897484567238e+00
10330	3	5.0262609892987930e+03	2.1748865056770605e+00
10340	3	5.0481588638819048e+03	2.2052172092175457e+00
10350	3	5.0703620718515331e+03	2.2350833650268087e+00
10360	3	5.0928612042760396e+03	2.2644884091138531e+00
10370	3	5.1156502627299660e+03	2.2934360896688197e+00
10380	3	5.1387295752621376e+03	2.3219215706135761e+00
10390	3	5.1620897742103825e+03	2.3499540014996474e+00
10400	3	5.1857249264029042e+03	2.3775266183459705e+00
10410	3	5.2096341423944796e+03	2.4046513428993834e+00
10420	3	5.2338159373817325e+03	2.4313257557234187e+00
10430	3	5.2582602230658258e+03	2.4575537249175348e+00
10440	3	5.2829651448231516e+03	2.4833391809269223e+00
10450	3	5.3079252744598552e+03	2.5086846389644952e+00
10460	3	5.3331382439676117e+03	2.5335956302365354e+00
10470	3	5.3585989579342104e+03	2.5580697908139411e+00
10480	3	5.3842974276289306e+03	2.5821154247355662e+00
10490	3	5.4102374824430290e+03	2.6057362438159193e+00
10500	3	5.4364126342899481e+03	2.6289335148920685e+00
10510	3	5.4628162672934068e+03	2.6517134620970091e+00
10520	3	5.4894448441360255e+03	2.6740766495026440e+00
10530	3	5.5162962818918968e+03	2.6960318459675503e+00
10540	3	5.5433645334605962e+03	2.7175813046093049e+00
10550	3	5.5706451551898599e+03	2.7387265062069179e+00
10560	3	5.5981373070832351e+03	2.7594747150415992e+00
10570	3	5.6258334293792122e+03	2.7798315939090390e+00
10580	3	5.6537312728594516e+03	2.7997960199800844e+00
10590	3	5.6818289736028655e+03	2.8193744505778060e+00
10600	3	5.7101184660526378e+03	2.8385727193119243e+00
10610	3	5.7385983791985582e+03	2.8573959385297321e+00
10620	3	5.7672653921729452e+03	2.8758501736829323e+00
10630	3	5.7961152915534103e+03	2.8939314564556069e+00
10640	3	5.8251429169173634e+03	2.9116524687707042e+00
10650	3	5.8543463473755264e+03	2.9290142694673520e+00
10660	3	5.8837219067463075e+03	2.9460232780071189e+00
10670	3	5.9132654787085066e+03	2.9626795897925922e+00
10680	3	5.9429733054465669e+03	2.9789925654583351e+00
10690	3	5.9728449407968874e+03	2.9949636142774723e+00
10700	3	6.0028736725724930e+03	3.0105995271121331e+00
10710	3	6.0330545325074600e+03	3.0259049152474460e+00
10720	3	6.0633911923147416e+03	3.0408804534145144e+00
10730	3	6.0938714258240052e+03	3.0555338536017715e+00
10740	3	6.1244986226557157e+03	3.0698660789773902e+00
10750	3	6.1552669905170205e+03	3.0838858101535465e+00
10760	3	6.1861747484067528e+03	3.0975943762282454e+00
10770	3	6.2172177874745876e+03	3.1109975636203719e+00
10780	3	6.2483947995580802e+03	3.1240954873828661e+00
10790	3	6.2797012536524226e+03	3.1368974068311917e+00
10800	3	6.3111319425479151e+03	3.1494058919852770e+00
10810	3	6.3426876579148930e+03	3.1616243619404765e+00
10820	3	6.3743642876240392e+03	3.1735569064340079e+00
10830	3	6.4061545050546511e+03	3.1852100397467380e+00
10840	3	6.4380660157805532e+03	3.1965827379660121e+00
10850	3	6.4700880769745245e+03	3.2076804698250032e+00
10860	3	6.5022196237687294e+03	3.2185113231797091e+00
10870	3	6.5344557448990909e+03	3.2290750808926889e+00
10880	3	6.5667985047302172e+03	3.2393738497973850e+00
10890	3	6.5992444743608376e+03	3.2494159850359527e+00
10900	3	6.6317868842008929e+03	3.2592039904476322e+00
11070	2	6.6360025904768581e+03	-3.5469462247383898e+00
11080	2	6.6005626698434407e+03	-3.5409102355241346e+00
11090	2	6.5651857779410993e+03	-3.5346557623224655e+00
11100	2	6.5298699388101095e+03	-3.5281796235128717e+00
11110	2	6.4946231403761049e+03	-3.5214744458908864e+00
11120	2	6.4594436804316765e+03	-3.5145407892802476e+00
11130	2	6.4243333001652527e+03	-3.5073744956249611e+00
11140	2	6.3892942645968724e+03	-3.4999692327405247e+00
11150	2	6.3543339895131803e+03	-3.4923219595413526e+00
11160	2	6.3194502791643845e+03	-3.4844272314772495e+00
11170	2	6.2846486354106864e+03	-3.4762817323482769e+00
11180	2	6.2499266890683675e+03	-3.4678865753324941e+00
11190	2	6.2152899517620663e+03	-3.4592277382608474e+00
11200	2	6.1807434505172987e+03	-3.4503024372946167e+00
11210	2	6.1462837868650249e+03	-3.4411139011271703e+00
11220	2	6.1119204382867529e+03	-3.4316499910507554e+00
11230	2	6.0776541718076578e+03	-3.4219077802711557e+00
11240	2	6.0434850530910644e+03	-3.4118839169403650e+00
11250	2	6.0094167410767041e+03	-3.4015744175259561e+00
11260	2	5.9754535294124598e+03	-3.3909703118341117e+00
11270	2	5.9415969985105576e+03	-3.3800697161168318e+00
11280	2	5.9078533951203972e+03	-3.3688655927200886e+00
11290	2	5.8742204615084465e+03	-3.3573545440250143e+00
11300	2	5.8407071851958299e+03	-3.3455303693628680e+00
11310	2	5.8073120566891130e+03	-3.3333841077840378e+00
11320	2	5.7740411378872996e+03	-3.3209154465497348e+00
11330	2	5.7408941281612260e+03	-3.3081178215748008e+00
11340	2	5.7078794061779363e+03	-3.2949835682553057e+00
11350	2	5.6749968262513949e+03	-3.2815084643084385e+00
11360	2	5.6422488896592877e+03	-3.2676840989777909e+00
11370	2	5.6096436956003827e+03	-3.2535072803836562e+00
11380	2	5.5771824491959778e+03	-3.2389706900004409e+00
11390	2	5.5448654638976159e+03	-3.2240666696399809e+00
11400	2	5.5127004165407607e+03	-3.2087941275884186e+00
11410	2	5.4806911794338357e+03	-3.1931429117277328e+00
11420	2	5.4488388821560438e+03	-3.1771057362616903e+00
11430	2	5.4171503487833661e+03	-3.1606783257577620e+00
11440	2	5.3856267747894844e+03	-3.1438525907553205e+00
11450	2	5.3542741580633747e+03	-3.1266240038129482e+00
11460	2	5.3230962407194647e+03	-3.1089843353200828e+00
11470	2	5.2920972226445901e+03	-3.0909282792075472e+00
11480	2	5.2612790766163025e+03	-3.0724471004547325e+00
11490	2	5.2306499962648877e+03	-3.0535345432137153e+00
11500	2	5.2002073441702405e+03	-3.0341859400091522e+00
11510	2	5.1699656607437973e+03	-3.0143934276775801e+00
11520	2	5.1399232764787175e+03	-2.9941460505229744e+00
11530	2	5.1100838781632046e+03	-2.9734431093973286e+00
11540	2	5.0804544716843347e+03	-2.9522728422982234e+00
11550	2	5.0510414488525530e+03	-2.9306315549465509e+00
11560	2	5.0218453362869122e+03	-2.9085108300429954e+00
11570	2	4.9928725393456725e+03	-2.8859018940196295e+00
11580	2	4.9641287025125403e+03	-2.8628032060368054e+00
11590	2	4.9356169899905963e+03	-2.8392026372625998e+00
11600	2	4.9073454463264206e+03	-2.8150955520068957e+00
11610	2	4.8793175532386022e+03	-2.7904764194874496e+00
11620	2	4.8515374905756944e+03	-2.7653328339050200e+00
11630	2	4.8240130683287944e+03	-2.7396661546079284e+00
11640	2	4.7967490021925114e+03	-2.7134636424872833e+00
11650	2	4.7697447657171533e+03	-2.6867225818832932e+00
11660	2	4.7430146488006540e+03	-2.6594337707643740e+00
11670	2	4.7165573573490210e+03	-2.6315951240685544e+00
11680	2	4.6903853147988484e+03	-2.6031969715143313e+00
11690	2	4.6644953986070186e+03	-2.5742321449664161e+00
11700	2	4.6389014516594889e+03	-2.5446984651561348e+00
11710	2	4.6136037116599418e+03	-2.5145895675748937e+00
11720	2	4.5886119247673796e+03	-2.4838968117187941e+00
11730	2	4.5639283362217220e+03	-2.4526206729670541e+00
11740	2	4.5395609058787886e+03	-2.4207537586638277e+00
11750	2	4.5155181661205643e+03	-2.3882942237755440e+00
11760	2	4.4917964688768725e+03	-2.3552326697914325e+00
11770	2	4.4684125612940506e+03	-2.3215647915826563e+00
11780	2	4.4453704766671553e+03	-2.2872951049927659e+00
11790	2	4.4226675901264907e+03	-2.2524138389213539e+00
11800	2	4.4003221009626841e+03	-2.2169215399941726e+00
11810	2	4.3783312855621425e+03	-2.1808151508135780e+00
11820	2	4.3567083648901998e+03	-2.1440893330156161e+00
11830	2	4.3354529629382432e+03	-2.1067476597760040e+00
11840	2	4.3145750994907430e+03	-2.0687842788165569e+00
11850	2	4.2940786791170449e+03	-2.0302088319815237e+00
11860	2	4.2739726003417409e+03	-1.9910101774290774e+00
11870	2	4.2542622937807364e+03	-1.9511951031872590e+00
11880	2	4.2349482522757280e+03	-1.9107601468536404e+00
11890	2	4.2160459938349886e+03	-1.8697151162848213e+00
11900	2	4.1975586659181590e+03	-1.8280591278735119e+00
11910	2	4.1794878422640013e+03	-1.7857914353229021e+00
11920	2	4.1618441331032263e+03	-1.7429227065302237e+00
11930	2	4.1446305692274746e+03	-1.6994519782131350e+00
11940	2	4.1278564700389688e+03	-1.6553849393915678e+00
11950	2	4.1115258603584734e+03	-1.6107362805607834e+00
11960	2	4.0956438517991314e+03	-1.5655056723291125e+00
11970	2	4.0802172158722587e+03	-1.5196994648474851e+00
11980	2	4.0652520433129203e+03	-1.4733311956990522e+00
11990	2	4.0507523797403924e+03	-1.4264074782999239e+00
12000	2	4.0367274943690145e+03	-1.3789386418317966e+00
12010	2	4.0231753591636848e+03	-1.3309352083097012e+00
12020	2	4.0101110033765522e+03	-1.2824103804223317e+00
12030	2	3.9975294464431868e+03	-1.2333779679354795e+00
12040	2	3.9854418265831241e+03	-1.1838503593364345e+00
12050	2	3.9738538239765967e+03	-1.1338397770582633e+00
12060	2	3.9627689855245717e+03	-1.0833611401051666e+00
12070	2	3.9521897406179628e+03	-1.0324373950082679e+00
12080	2	3.9421209212557105e+03	-9.8107773178774982e-01
12090	2	3.9325688130246331e+03	-9.2930083877823577e-01
12100	2	3.9235366774269855e+03	-8.7713085685384251e-01
12110	2	3.9150257376294526e+03	-8.2457795746235274e-01
12120	2	3.9070450848795904e+03	-7.7166974116586429e-01
12130	2	3.8995931068867258e+03	-7.1842267973372442e-01
12140	2	3.8926778336906923e+03	-6.6485681793453488e-01
12150	2	3.8862997131684829e+03	-6.1099844450556962e-01
12160	2	3.8804599366470516e+03	-5.5686642927721430e-01
12170	2	3.8751645485455056e+03	-5.0248492137509315e-01
12180	2	3.8704104349337567e+03	-4.4787733278170744e-01
12190	2	3.8662032278435681e+03	-3.9306843053579160e-01
12200	2	3.8625511995782281e+03	-3.3808086135690213e-01
12210	2	3.8594455835117424e+03	-2.8293815349281443e-01
12220	2	3.8568905812454459e+03	-2.2767011540844306e-01
12230	2	3.8548914749871365e+03	-1.7229606003025591e-01
12240	2	3.8534462456384313e+03	-1.1684903642234148e-01
12250	2	3.8525548331746381e+03	-6.1347942771130995e-02
12260	2	3.8522192807603587e+03	-5.8204613422615540e-03
12270	2	3.8524378874650311e+03	4.9703258760630281e-02
12280	2	3.8532125240064079e+03	1.0520305369121347e-01
12290	2	3.8545419685179600e+03	1.6064978914101405e-01
12300	2	3.8564245133470295e+03	2.1602094259914728e-01
12310	2	3.8588633468713110e+03	2.7128566259973069e-01
12320	2	3.8618505881150595e+03	3.2642377112500870e-01
12330	2	3.8653905494702249e+03	3.8140556409569049e-01
12340	2	3.8694772496836895e+03	4.3620897834520400e-01
12350	2	3.8741123226872614e+03	4.9081219308258983e-01
12360	2	3.8792935013843021e+03	5.4518805990561958e-01
12370	2	3.8850160473092042e+03	5.9931175385759627e-01
12380	2	3.8912800956471829e+03	6.5316144386893893e-01
12390	2	3.8980791532746252e+03	7.0671643913348070e-01
12400	2	3.9054127110932145e+03	7.5995256024225266e-01
12410	2	3.9132750421753553e+03	8.1285232138977648e-01
12420	2	3.9216670366547623e+03	8.6538947652312592e-01
12430	2	3.9305832300024158e+03	9.1754999350277588e-01
12440	2	3.9400173209360591e+03	9.6930948667943817e-01
12450	2	3.9499691404674554e+03	1.0206548786347691e+00
12460	2	3.9604306573420918e+03	1.0715661477483458e+00
12470	2	3.9713970568720733e+03	1.1220232551806941e+00
12480	2	3.9828690970566572e+03	1.1720148798431702e+00
12490	2	3.9948377152358580e+03	1.2215231018424473e+00
12500	2	4.0072973551475070e+03	1.2705341980126366e+00
12510	2	4.0202469516568108e+03	1.3190384563737174e+00
12520	2	4.0336770964157677e+03	1.3670172689825113e+00
12530	2	4.0475840742063538e+03	1.4144597392008662e+00
12540	2	4.0619642775027573e+03	1.4613573294871256e+00
12550	2	4.0768093377659306e+03	1.5076985208070157e+00
12560	2	4.0921150624698203e+03	1.5534723206368850e+00
12570	2	4.1078770602513068e+03	1.5986750151119951e+00
12580	2	4.1240870697461150e+03	1.6432946061714813e+00
12590	2	4.1407402505617065e+03	1.6873224292241451e+00
12600	2	4.1578332937745963e+03	1.7307590581791457e+00
12610	2	4.1753539940532610e+03	1.7735903832782567e+00
12620	2	4.1933040607466837e+03	1.8158186518351573e+00
12630	2	4.2116678202485164e+03	1.8574355205372484e+00
12640	2	4.2304485789311484e+03	1.8984404436362423e+00
12650	2	4.2496364610220053e+03	1.9388301586732719e+00
12660	2	4.2692252665427122e+03	1.9785986905023387e+00
12670	2	4.2892051071207770e+03	2.0177509582835804e+00
12680	2	4.3095746877559750e+03	2.0562809682883376e+00
12690	2	4.3303291595031151e+03	2.0941914561391766e+00
12700	2	4.3514559135801028e+03	2.1314806259769203e+00
12710	2	4.3729556373786163e+03	2.1681526115268817e+00
12720	2	4.3948184733157395e+03	2.2042051363264288e+00
12730	2	4.4170394207327963e+03	2.2396395635980810e+00
12740	2	4.4396103846035085e+03	2.2744593820504586e+00
12750	2	4.4625250946240294e+03	2.3086717904408260e+00
12760	2	4.4857812801769196e+03	2.3422752104869926e+00
12770	2	4.5093682621815997e+03	2.3752712583397080e+00
12780	2	4.5332844353736318e+03	2.4076669832795776e+00
12790	2	4.5575218543390565e+03	2.4394666280345221e+00
12800	2	4.5820712882709286e+03	2.4706707151212588e+00
12810	2	4.6069311509580957e+03	2.5012928412382864e+00
12820	2	4.6320945477371470e+03	2.5313293250303901e+00
12830	2	4.6575568370479068e+03	2.5607887790889454e+00
12840	2	4.6833102612302046e+03	2.5896766319181315e+00
12850	2	4.7093498938101147e+03	2.6179966869522060e+00
12860	2	4.7356670745335641e+03	2.6457576101063474e+00
12870	2	4.7622612710642688e+03	2.6729667216276578e+00
12880	2	4.7891238866811191e+03	2.6996243963412980e+00
12890	2	4.8162534182537593e+03	2.7257419467275419e+00
12900	2	4.8436375092282406e+03	2.7513253443956165e+00
12910	2	4.8712760628580218e+03	2.7763779574957370e+00
12920	2	4.8991655926134645e+03	2.8009107284511892e+00
12930	2	4.9272938264476579e+03	2.8249268750355543e+00
12940	2	4.9556609599476351e+03	2.8484346189031173e+00
12950	2	4.9842590352535472e+03	2.8714416377031933e+00
12960	2	5.0130878623725530e+03	2.8939530364046040e+00
12970	2	5.0421380159231348e+03	2.9159793035131738e+00
12980	2	5.0714043094656463e+03	2.9375236992629694e+00
12990	2	5.1008861478796171e+03	2.9585936882073312e+00
13000	2	5.1305753041407943e+03	2.9791969569010259e+00
13010	2	5.1604693030067310e+03	2.9993397140477089e+00
13020	2	5.1905600019761787e+03	3.0190297771350778e+00
13030	2	5.2208490059877076e+03	3.0382760461171889e+00
13040	2	5.2513268598238255e+03	3.0570839298085062e+00
13050	2	5.2819878237241646e+03	3.0754572896873786e+00
13060	2	5.3128327788280303e+03	3.0934048906792042e+00
13070	2	5.3438553425963364e+03	3.1109344416686322e+00
13080	2	5.3750513242567367e+03	3.1280525956959306e+00
13090	2	5.4064150797710181e+03	3.1447657740731096e+00
13100	2	5.4379445245125353e+03	3.1610808540546804e+00
13110	2	5.4696343932312166e+03	3.1770030738989061e+00
13120	2	5.5014826830108195e+03	3.1925393966540070e+00
13130	2	5.5334850317779947e+03	3.2076966234580824e+00
13140	2	5.5656373098115255e+03	3.2224822709733294e+00
13150	2	5.5979334108112462e+03	3.2369004940273860e+00
13160	2	5.6303712230551664e+03	3.2509575317574217e+00
13170	2	5.6629512456107586e+03	3.2646588590164676e+00
13180	2	5.6956643866800969e+03	3.2780136050433240e+00
13190	2	5.7285097292714354e+03	3.2910276784149932e+00
13200	2	5.7614836810258739e+03	3.3037022026873126e+00
13210	2	5.7945820417177065e+03	3.3160457739464975e+00
13220	2	5.8278034348217761e+03	3.3280682947168869e+00
13230	2	5.8611423920908537e+03	3.3397662342003915e+00
13240	2	5.8945976484798966e+03	3.3511507177760991e+00
13250	2	5.9281652675682371e+03	3.3622261251814316e+00
13260	2	5.9618416988918843e+03	3.3729984468030216e+00
13270	2	5.9956239107151514e+03	3.3834747381718180e+00
13280	2	6.0295098450590658e+03	3.3936524821749554e+00
13290	2	6.0634962648632618e+03	3.4035467658495393e+00
13300	2	6.0975804277651832e+03	3.4131556713015581e+00
13310	2	6.1317596857568269e+03	3.4224865146753558e+00
13320	2	6.1660293948116087e+03	3.4315428886323338e+00
13330	2	6.2003880814472986e+03	3.4403328396367208e+00
13340	2	6.2348351145976421e+03	3.4488557766738106e+00
13350	2	6.2693643524878125e+03	3.4571169019545458e+00
13360	2	6.3039742545513218e+03	3.4651270113607979e+00
13370	2	6.3386639480517761e+03	3.4728844064098086e+00
13380	2	6.3734311745147579e+03	3.4803939060806934e+00
13390	2	6.4082731290066786e+03	3.4876618234804453e+00
13400	2	6.4431847035670571e+03	3.4946918906304125e+00
13410	2	6.4781656735411098e+03	3.5014851756982717e+00
13420	2	6.5132142924658647e+03	3.5080503679782460e+00
13430	2	6.5483259516754415e+03	3.5143846908082281e+00
13440	2	6.5835005910118380e+03	3.5204990597756205e+00
13450	2	6.6187364819538952e+03	3.5263938902762093e+00
13460	2	6.6540291702264267e+03	3.5320736056507904e+00
15960	1	6.6430662947813425e+03	-3.6116434277331551e+00
15970	1	6.6069728948316597e+03	-3.6070567032374519e+00
15980	1	6.5709252332573760e+03	-3.6022734679556336e+00
15990	1	6.5349288946857405e+03	-3.5972891907504856e+00
16000	1	6.4989790672763957e+03	-3.5920979928027097e+00
16010	1	6.4630872331195633e+03	-3.5866975257491900e+00
16020	1	6.4272486614105837e+03	-3.5810860863650018e+00
16030	1	6.3914652492581899e+03	-3.5752558401865784e+00
16040	1	6.3557435314696622e+03	-3.5692076148319174e+00
16050	1	6.3200829772487159e+03	-3.5629333239355008e+00
16060	1	6.2844850369095466e+03	-3.5564335397451181e+00
16070	1	6.2489547770555273e+03	-3.5496998694470263e+00
16080	1	6.2134928603711269e+03	-3.5427270366764327e+00
16090	1	6.1781000746568725e+03	-3.5355192765976309e+00
16100	1	6.1427837474120215e+03	-3.5280618141664557e+00
16110	1	6.1075417193615558e+03	-3.5203537920814032e+00
16120	1	6.0723769912356465e+03	-3.5123925050904896e+00
16130	1	6.0372936299571456e+03	-3.5041750779831897e+00
16140	1	6.0022929089789650e+03	-3.4956893325674536e+00
16150	1	5.9673812034701241e+03	-3.4869368474752696e+00
16160	1	5.9325550162405498e+03	-3.4779100978779294e+00
16170	1	5.8978249978788499e+03	-3.4686056140329562e+00
16180	1	5.8631855748595435e+03	-3.4590169807751008e+00
16190	1	5.8286442876381079e+03	-3.4491397915359223e+00
16200	1	5.7942028568700780e+03	-3.4389646192949646e+00
16210	1	5.7598635294468568e+03	-3.4284919075035063e+00
16220	1	5.7256332229520012e+03	-3.4177144642102992e+00
16230	1	5.6915128409011868e+03	-3.4066222298703739e+00
16240	1	5.6575054334378929e+03	-3.3952155606097958e+00
16250	1	5.6236099983899612e+03	-3.3834847630042137e+00
16260	1	5.5898347599263452e+03	-3.3714231133508110e+00
16270	1	5.5561813797344903e+03	-3.3590263192862060e+00
16280	1	5.5226551824622447e+03	-3.3462870615593494e+00
16290	1	5.4892582782134623e+03	-3.3332021402632939e+00
16300	1	5.4559919495102540e+03	-3.3197607804669080e+00
16310	1	5.4228651943652421e+03	-3.3059582423703437e+00
16320	1	5.3898730392615635e+03	-3.2917894445565441e+00
16330	1	5.3570284117483989e+03	-3.2772434377138362e+00
16340	1	5.3243307229257089e+03	-3.2623165994210748e+00
16350	1	5.2917818053957471e+03	-3.2470013452107107e+00
16360	1	5.2593925430265035e+03	-3.2312902759679805e+00
16370	1	5.2271593984851979e+03	-3.2151755225395338e+00
16380	1	5.1950899374471646e+03	-3.1986496304132643e+00
16390	1	5.1631885221760740e+03	-3.1817069438402670e+00
16400	1	5.1314581927751015e+03	-3.1643364407964780e+00
16410	1	5.0999032155028372e+03	-3.1465372322809886e+00
16420	1	5.0685274194623380e+03	-3.1282944296250990e+00
16430	1	5.0373379727897509e+03	-3.1096043285246688e+00
16440	1	5.0063376833178281e+03	-3.0904555910604654e+00
16450	1	4.9755291654048197e+03	-3.0708447763996123e+00
16460	1	4.9449209423381335e+03	-3.0507636754404284e+00
16470	1	4.9145163330722571e+03	-3.0301991196900198e+00
16480	1	4.8843196868341020e+03	-3.0091489750915188e+00
16490	1	4.8543372394332673e+03	-2.9875995610640596e+00
16500	1	4.8245700792330781e+03	-2.9655459820082641e+00
16510	1	4.7950257524733352e+03	-2.9429835308649244e+00
16520	1	4.7657107254845769e+03	-2.9198981898113976e+00
16530	1	4.7366315434854796e+03	-2.8962838775090027e+00
16540	1	4.7077902246207286e+03	-2.8721296676252845e+00
16550	1	4.6791893781971157e+03	-2.8474331288607133e+00
16560	1	4.6508401828223723e+03	-2.8221824057903624e+00
16570	1	4.6227460047316181e+03	-2.7963716599472321e+00
16580	1	4.5949161063490701e+03	-2.7699911666694295e+00
16590	1	4.5673498261051045e+03	-2.7430324719136858e+00
16600	1	4.5400576089488559e+03	-2.7154891227631657e+00
16610	1	4.5130408327172645e+03	-2.6873533549955981e+00
16620	1	4.4863116350324372e+03	-2.6586162483885198e+00
16630	1	4.4598707872725372e+03	-2.6292728062875947e+00
16640	1	4.4337292682371535e+03	-2.5993129775964174e+00
16650	1	4.4078866811620928e+03	-2.5687344495621907e+00
16660	1	4.3823553217462004e+03	-2.5375246050417850e+00
16670	1	4.3571384925876619e+03	-2.5056829482205738e+00
16680	1	4.3322449008078938e+03	-2.4731954123090021e+00
16690	1	4.3076774784088102e+03	-2.4400655042931563e+00
16700	1	4.2834437644796562e+03	-2.4062813921472030e+00
16710	1	4.2595529831096419e+03	-2.3718395880879424e+00
16720	1	4.2360091488779717e+03	-2.3367348157440424e+00
16730	1	4.2128216603488254e+03	-2.3009627072496106e+00
16740	1	4.1899935196477627e+03	-2.2645193793446166e+00
16750	1	4.1675313874932053e+03	-2.2273998907354300e+00
16760	1	4.1454455154800189e+03	-2.1896051512164143e+00
16770	1	4.1237431351534833e+03	-2.1511300666666711e+00
16780	1	4.1024277910395349e+03	-2.1119734602895845e+00
16790	1	4.0815061730646912e+03	-2.0721332292548849e+00
16800	1	4.0609851997367596e+03	-2.0316048391439283e+00
16810	1	4.0408745997911487e+03	-1.9903979821484765e+00
16820	1	4.0211819318561802e+03	-1.9485059296564482e+00
16830	1	4.0019081632764660e+03	-1.9059330918320450e+00
16840	1	3.9830643041606836e+03	-1.8626779415670183e+00
16850	1	3.9646583080376745e+03	-1.8187494789305623e+00
16860	1	3.9466911641022748e+03	-1.7741449540258476e+00
16870	1	3.9291764370289734e+03	-1.7288773847626264e+00
16880	1	3.9121170864635851e+03	-1.6829412618483572e+00
16890	1	3.8955204753313187e+03	-1.6363520837138363e+00
16900	1	3.8793909321009769e+03	-1.5891136585496421e+00
16910	1	3.8637398649311240e+03	-1.5412360193410533e+00
16920	1	3.8485719252497079e+03	-1.4927285677899347e+00
16930	1	3.8338855408588815e+03	-1.4435967993001402e+00
16940	1	3.8196997250232062e+03	-1.3938532999189319e+00
16950	1	3.8060116934637654e+03	-1.3435180000988232e+00
16960	1	3.7928300299770667e+03	-1.2925988329651799e+00
16970	1	3.7801610289083765e+03	-1.2411070242550404e+00
16980	1	3.7680110524681559e+03	-1.1890622893042198e+00
16990	1	3.7563847148975974e+03	-1.1364826125531613e+00
17000	1	3.7452818935228147e+03	-1.0833773873573553e+00
17010	1	3.7347170732109084e+03	-1.0297739433264921e+00
17020	1	3.7246882995168262e+03	-9.7568290433916816e-01
17030	1	3.7152063687413056e+03	-9.2113292837326421e-01
17040	1	3.7062681953162146e+03	-8.6614116195420188e-01
17050	1	3.6978827965010055e+03	-8.1073055413845108e-01
17060	1	3.6900549368526695e+03	-7.5492676021058702e-01
17070	1	3.6827856307964234e+03	-6.9874986664353422e-01
17080	1	3.6760815939862177e+03	-6.4222457756777607e-01
17090	1	3.6699420250550470e+03	-5.8537877446379949e-01
17100	1	3.6643727698098082e+03	-5.2823814096299893e-01
17110	1	3.6593785921318813e+03	-4.7082893953530269e-01
17120	1	3.6549596796371397e+03	-4.1317992914191026e-01
17130	1	3.6511142795165274e+03	-3.5531649865487386e-01
17140	1	3.6478521582546414e+03	-2.9727163294024844e-01
17150	1	3.6451715909842956e+03	-2.3906890800103325e-01
17160	1	3.6430695145554860e+03	-1.8074200939784374e-01
17170	1	3.6415566776778360e+03	-1.2231969410621539e-01
17180	1	3.6406259994203492e+03	-6.3831422693751458e-02
17190	1	3.6402797382063727e+03	-5.3080699853701114e-03
17200	1	3.6405183226713402e+03	5.3221502385530153e-02
17210	1	3.6413438478231374e+03	1.1172513380343908e-01
17220	1	3.6427535063368246e+03	1.7017445879449172e-01
17230	1	3.6447480042990783e+03	2.2854110359870727e-01
17240	1	3.6473244887132942e+03	2.8678810403245908e-01
17250	1	3.6504820372292420e+03	3.4489493730119480e-01
17260	1	3.6542227881433460e+03	4.0282803088909663e-01
17270	1	3.6585382394844737e+03	4.6056011819478110e-01
17280	1	3.6634307782853484e+03	5.1805850368015449e-01
17290	1	3.6688981889777765e+03	5.7530206373465997e-01
17300	1	3.6749375407964449e+03	6.3225958912074431e-01
17310	1	3.6815429649541438e+03	6.8890398359870053e-01
17320	1	3.6887145318855814e+03	7.4521268839785548e-01
17330	1	3.6964458701273907e+03	8.0115777576785663e-01
17340	1	3.7047379827348950e+03	8.5671785169287107e-01
17350	1	3.7135770767922377e+03	9.1186218974922351e-01
17360	1	3.7229709093794118e+03	9.6657849181239863e-01
17370	1	3.7329087245582409e+03	1.0208411293980375e+00
17380	1	3.7433866348507308e+03	1.0746261537123987e+00
17390	1	3.7544011427832670e+03	1.1279175372182699e+00
17400	1	3.7659434101659763e+03	1.1806951945154829e+00
17410	1	3.7780117196432921e+03	1.2329440789228585e+00
17420	1	3.7906002912953008e+03	1.2846428943389636e+00
17430	1	3.8037035494483462e+03	1.3357787176409179e+00
17440	1	3.8173131618903039e+03	1.3863356130243352e+00
17450	1	3.8314279831119147e+03	1.4362993978418330e+00
17460	1	3.8460362940660234e+03	1.4856646650758467e+00
17470	1	3.8611386498930128e+03	1.5344070539122827e+00
17480	1	3.8767229851862990e+03	1.5825270752645422e+00
17490	1	3.8927864858518096e+03	1.6300105001311307e+00
17500	1	3.9093222393108540e+03	1.6768465207165584e+00
17510	1	3.9263207672573540e+03	1.7230310945202025e+00
17520	1	3.9437793953352366e+03	1.7685573715846563e+00
17530	1	3.9616892927752738e+03	1.8134165167361167e+00
17540	1	3.9800442587116013e+03	1.8576061202300822e+00
17550	1	3.9988405451522576e+03	1.9011202707996024e+00
17560	1	4.0180678394544630e+03	1.9439603241473560e+00
17570	1	4.0377174563730159e+03	1.9861186294137103e+00
17580	1	4.0577865375896390e+03	2.0275961270389375e+00
17590	1	4.0782662063645544e+03	2.0683886717244819e+00
17600	1	4.0991538368171450e+03	2.1084993445899580e+00
17610	1	4.1204346949430874e+03	2.1479257953167390e+00
17620	1	4.1421097979810838e+03	2.1866735549508887e+00
17630	1	4.1641664860818601e+03	2.2247393554426842e+00
17640	1	4.1866007533423708e+03	2.2621267312493232e+00
17650	1	4.2094075000831972e+03	2.2988409992710377e+00
17660	1	4.2325765790596888e+03	2.3348817777730053e+00
17670	1	4.2561017446921069e+03	2.3702570042484066e+00
17680	1	4.2799798365640181e+03	2.4049694279976577e+00
17690	1	4.3042008203186097e+03	2.4390207117895151e+00
17700	1	4.3287567235965353e+03	2.4724201021965122e+00
17710	1	4.3536450259732301e+03	2.5051720877785719e+00
17720	1	4.3788584675646680e+03	2.5372782647978398e+00
17730	1	4.4043890907365985e+03	2.5687505889902384e+00
17740	1	4.4302317858251181e+03	2.5995913833860369e+00
17750	1	4.4563782578203709e+03	2.6298116008283690e+00
17760	1	4.4828258593973569e+03	2.6594133453691740e+00
17770	1	4.5095657895050135e+03	2.6884038096349689e+00
17780	1	4.5365914227449357e+03	2.7167948346061910e+00
17790	1	4.5638988260568713e+03	2.7445908242451584e+00
17800	1	4.5914798601124385e+03	2.7717972904325716e+00
17810	1	4.6193315648323469e+03	2.7984278130022955e+00
17820	1	4.6474463260078082e+03	2.8244858340243817e+00
17830	1	4.6758193433467977e+03	2.8499810142716258e+00
17840	1	4.7044453862580949e+03	2.8749183570255528e+00
17850	1	4.7333155168995800e+03	2.8993078875840856e+00
17860	1	4.7624321689603075e+03	2.9231596006257146e+00
17870	1	4.7917792985967426e+03	2.9464799496565299e+00
17880	1	4.8213556983494773e+03	2.9692750607731675e+00
17890	1	4.8511611948256786e+03	2.9915546343060142e+00
17900	1	4.8811870902737273e+03	3.0133326234583908e+00
17910	1	4.9114255668085543e+03	3.0346045404392163e+00
17920	1	4.9418771867406622e+03	3.0553895862212355e+00
17930	1	4.9725345207184482e+03	3.0756916836933885e+00
17940	1	5.0033896768405120e+03	3.0955163073838188e+00
17950	1	5.0344421040302732e+03	3.1148741232577297e+00
17960	1	5.0656847906406229e+03	3.1337723535911248e+00
17970	1	5.0971155973672367e+03	3.1522218547017977e+00
17980	1	5.1287274293811261e+03	3.1702284840488275e+00
17990	1	5.1605196448927954e+03	3.1877989169710710e+00
18000	1	5.1924828800016403e+03	3.2049422587892402e+00
18010	1	5.2246174743172960e+03	3.2216638718615886e+00
18020	1	5.2569164245304255e+03	3.2379701575954454e+00
18030	1	5.2893758028275379e+03	3.2538699919994882e+00
18040	1	5.3219912485296072e+03	3.2693743465098457e+00
18050	1	5.3547604059425348e+03	3.2844885607853285e+00
18060	1	5.3876785016486338e+03	3.2992136517484454e+00
18070	1	5.4207440393261995e+03	3.3135633128865689e+00
18080	1	5.4539507138581594e+03	3.3275414091417641e+00
18090	1	5.4872932121005815e+03	3.3411577394149514e+00
18100	1	5.5207715366657294e+03	3.3544144493812702e+00
18110	1	5.5543813005643642e+03	3.3673221188135338e+00
18120	1	5.5881178621251674e+03	3.3798849989710802e+00
18130	1	5.6219758205545058e+03	3.3921095784097974e+00
18140	1	5.6559582502369103e+03	3.4039996922646623e+00
18150	1	5.6900563421515517e+03	3.4155680762235456e+00
18160	1	5.7242681444233795e+03	3.4268132940903659e+00
18170	1	5.7585922198862472e+03	3.4377423198724388e+00
18180	1	5.7930217639113844e+03	3.4483680590989039e+00
18190	1	5.8275568163770158e+03	3.4586872778216926e+00
18200	1	5.8621951462529823e+03	3.4687089635947563e+00
18210	1	5.8969313252762013e+03	3.4784423502048747e+00
18220	1	5.9317625187962558e+03	3.4878866399776123e+00
18230	1	5.9666884392064967e+03	3.4970495109929662e+00
18240	1	6.0017012787476342e+03	3.5059359750638346e+00
18250	1	6.0368043841463814e+03	3.5145504635382441e+00
18260	1	6.0719898692554762e+03	3.5229032323036065e+00
18270	1	6.1072631254159523e+03	3.5309898199917149e+00
18280	1	6.1426108636335912e+03	3.5388210431691123e+00
18290	1	6.1780378947067438e+03	3.5463983650055142e+00
18300	1	6.2135399928797360e+03	3.5537282214453962e+00
18310	1	6.2491119576994543e+03	3.5608172094852528e+00
18320	1	6.2847540649087268e+03	3.5676629806625453e+00
18330	1	6.3204635621125408e+03	3.5742783419015218e+00
18340	1	6.3562390549027150e+03	3.5806600030251774e+00
18350	1	6.3920774751433410e+03	3.5868169702623987e+00
18360	1	6.4279733781732120e+03	3.5927511572518158e+00
18370	1	6.4639310860915757e+03	3.5984661922100543e+00
18380	1	6.4999442657869295e+03	3.6039646900750126e+00
18390	1	6.5360083294374281e+03	3.6092532561488770e+00
18400	1	6.5721285298549337e+03	3.6143319109351122e+00
18410	1	6.6082964393649427e+03	3.6192097425394452e+00
18420	1	6.6445105318685410e+03	3.6238894718606498e+00
19350	3	6.6584931552896505e+03	-3.6287831570228146e+00
19360	3	6.6222279014324067e+03	-3.6243001966078507e+00
19370	3	6.5860082625857685e+03	-3.6196249540006757e+00
19380	3	6.5498337960734007e+03	-3.6147488944832613e+00
19390	3	6.5137135675918571e+03	-3.6096695829817063e+00
19400	3	6.4776417466787516e+03	-3.6043865371715382e+00
19410	3	6.4416256716294420e+03	-3.5988913626265071e+00
19420	3	6.4056662765842239e+03	-3.5931818342289934e+00
19430	3	6.3697633812448212e+03	-3.5872609541635310e+00
19440	3	6.3339208580100385e+03	-3.5811147846851892e+00
19450	3	6.2981421405945475e+03	-3.5747443737636027e+00
19460	3	6.2624285226918091e+03	-3.5681453850196956e+00
19470	3	6.2267787706989966e+03	-3.5613129755537574e+00
19480	3	6.1912000527953514e+03	-3.5542448456228715e+00
19490	3	6.1556941456586756e+03	-3.5469346246407896e+00
19500	3	6.1202626020759917e+03	-3.5393772320935515e+00
19510	3	6.0849079287432678e+03	-3.5315719554244240e+00
19520	3	6.0496335721724554e+03	-3.5235080521312985e+00
19530	3	6.0144372213593306e+03	-3.5151836903444642e+00
19540	3	5.9793303926020999e+03	-3.5066000598446592e+00
19550	3	5.9443074354341143e+03	-3.4977432918050262e+00
19560	3	5.9093772973360574e+03	-3.4886129142134652e+00
19570	3	5.8745360220752173e+03	-3.4792033002111893e+00
19580	3	5.8397930816137950e+03	-3.4695092140517119e+00
19590	3	5.8051467225174283e+03	-3.4595255297924528e+00
19600	3	5.7706028808978072e+03	-3.4492446981019338e+00
19610	3	5.7361635023318668e+03	-3.4386640678108895e+00
19620	3	5.7018310680645518e+03	-3.4277768564694715e+00
19630	3	5.6676087355615600e+03	-3.4165768289063614e+00
19640	3	5.6335019340257377e+03	-3.4050599086962068e+00
19650	3	5.5995096943673216e+03	-3.3932191257751207e+00
19660	3	5.5656394023154071e+03	-3.3810467388568304e+00
19670	3	5.5318890695027685e+03	-3.3685369523510489e+00
19680	3	5.4982690042581717e+03	-3.3556856840108287e+00
19690	3	5.4647746783070115e+03	-3.3424874105098867e+00
19700	3	5.4314200275138501e+03	-3.3289326256916540e+00
19710	3	5.3981997317546166e+03	-3.3150146489569656e+00
19720	3	5.3651199717690661e+03	-3.3007260340975639e+00
19730	3	5.3321867645052462e+03	-3.2860638463025675e+00
19740	3	5.2994012003994885e+03	-3.2710190192409616e+00
19750	3	5.2667680028755240e+03	-3.2555841359171098e+00
19760	3	5.2342903616697295e+03	-3.2397535754449391e+00
19770	3	5.2019738467343022e+03	-3.2235176550517664e+00
19780	3	5.1698202845978185e+03	-3.2068698480585409e+00
19790	3	5.1378361374983933e+03	-3.1898034494341858e+00
19800	3	5.1060260271405359e+03	-3.1723090945861570e+00
19810	3	5.0743926342483237e+03	-3.1543858534760796e+00
19820	3	5.0429410221296475e+03	-3.1360160746973045e+00
19830	3	5.0116728314589682e+03	-3.1171974087608834e+00
19840	3	4.9805971468471880e+03	-3.0979231825959621e+00
19850	3	4.9497197044930281e+03	-3.0781821924203467e+00
19860	3	4.9190349756272108e+03	-3.0579657150798218e+00
19870	3	4.8885609363894328e+03	-3.0372702724981631e+00
19880	3	4.8582928005892791e+03	-3.0160835822306296e+00
19890	3	4.8282384473961938e+03	-2.9944007974855573e+00
19900	3	4.7984054252754895e+03	-2.9722101982698250e+00
19910	3	4.7687963045010620e+03	-2.9495061055247032e+00
19920	3	4.7394176245865119e+03	-2.9262822111866638e+00
19930	3	4.7102740563518892e+03	-2.9025223263169515e+00
19940	3	4.6813668469928225e+03	-2.8782295390258064e+00
19950	3	4.6527119855877163e+03	-2.8533846517099395e+00
19960	3	4.6243034108631091e+03	-2.8279872436124656e+00
19970	3	4.5961515414012156e+03	-2.8020262258744997e+00
19980	3	4.5682638795085495e+03	-2.7754929380493016e+00
19990	3	4.5406444296842656e+03	-2.7483850163550834e+00
20000	3	4.5132985901328639e+03	-2.7206861879080373e+00
20010	3	4.4862336052455330e+03	-2.6923937098265922e+00
20020	3	4.4594535353517695e+03	-2.6634966395176973e+00
20030	3	4.4329641157178003e+03	-2.6339926305556718e+00
20040	3	4.4067744936289109e+03	-2.6038722544642803e+00
20050	3	4.3808898288313194e+03	-2.5731298224823194e+00
20060	3	4.3553142801528420e+03	-2.5417534358127054e+00
20070	3	4.3300572925178831e+03	-2.5097401248984026e+00
20080	3	4.3051208001357491e+03	-2.4770847234136726e+00
20090	3	4.2805170868812638e+03	-2.4437809630571645e+00
20100	3	4.2562483499746868e+03	-2.4098191699069824e+00
20110	3	4.2323237926006686e+03	-2.3752016740769912e+00
20120	3	4.2087449118302939e+03	-2.3399161793335868e+00
20130	3	4.1855263031875802e+03	-2.3039607170873011e+00
20140	3	4.1626693025572467e+03	-2.2673339006293061e+00
20150	3	4.1401795056042847e+03	-2.2300320246476808e+00
20160	3	4.1180721285548807e+03	-2.1920474705282085e+00
20170	3	4.0963459669146214e+03	-2.1533807862366130e+00
20180	3	4.0750052776178763e+03	-2.1140337423217685e+00
20190	3	4.0540650707051386e+03	-2.0739968162202187e+00
20200	3	4.0335273714181744e+03	-2.0332751052023688e+00
20210	3	4.0134019100389701e+03	-1.9918694666485177e+00
20220	3	3.9936923270786733e+03	-1.9497777911251373e+00
20230	3	3.9744081200035325e+03	-1.9070042341054474e+00
20240	3	3.9555565112428590e+03	-1.8635496680021810e+00
20250	3	3.9371386690443846e+03	-1.8194152828726111e+00
20260	3	3.9191682754232302e+03	-1.7746051698442415e+00
20270	3	3.9016495383355536e+03	-1.7291297494479989e+00
20280	3	3.8845883360312710e+03	-1.6829886179637921e+00
20290	3	3.8679934551071451e+03	-1.6361933512930860e+00
20300	3	3.8518688180373820e+03	-1.5887477611133849e+00
20310	3	3.8362182529131533e+03	-1.5406609964526525e+00
20320	3	3.8210550685712642e+03	-1.4919404048668907e+00
20330	3	3.8063830032195906e+03	-1.4426040147771171e+00
20340	3	3.7922053198819012e+03	-1.3926524088471848e+00
20350	3	3.7785333853616507e+03	-1.3421081614573493e+00
20360	3	3.7653670929680707e+03	-1.2909814995321822e+00
20370	3	3.7527142108264866e+03	-1.2392848763853703e+00
20380	3	3.7405821463174711e+03	-1.1870374362143730e+00
20390	3	3.7289743556310864e+03	-1.1342545481064856e+00
20400	3	3.7178990218187350e+03	-1.0809499123821573e+00
20410	3	3.7073584926983644e+03	-1.0271479576029237e+00
20420	3	3.6973570547639961e+03	-9.7286365575360856e-01
20430	3	3.6879035257897617e+03	-9.1812307023724660e-01
20440	3	3.6789965728466336e+03	-8.6294402023996197e-01
20450	3	3.6706439799070108e+03	-8.0735093096259802e-01
20460	3	3.6628505646955941e+03	-7.5136616529051359e-01
20470	3	3.6556191032180723e+03	-6.9501263926849088e-01
20480	3	3.6489506761007747e+03	-6.3831909909115225e-01
20490	3	3.6428526011840872e+03	-5.8130703206588730e-01
20500	3	3.6373282440418875e+03	-5.2400923039555314e-01
20510	3	3.6323729097179930e+03	-4.6644809271513044e-01
20520	3	3.6279986523787934e+03	-4.0865187973543843e-01
20530	3	3.6242018547276048e+03	-3.5064935994036517e-01
20540	3	3.6209868754823606e+03	-2.9247318288485635e-01
20550	3	3.6183526012780731e+03	-2.3414767994800204e-01
20560	3	3.6163002610965236e+03	-1.7570658237138770e-01
20570	3	3.6148374114792282e+03	-1.1717509372062909e-01
20580	3	3.6139599233803324e+03	-5.8588557394690696e-02
20590	3	3.6136668467586655e+03	2.5174688371598472e-05
20600	3	3.6139618737705473e+03	5.8635858523019418e-02
20610	3	3.6148405955425105e+03	1.1721166648581560e-01
20620	3	3.6163044258343289e+03	1.7572302079990154e-01
20630	3	3.6183534167186290e+03	2.3414265050964475e-01
20640	3	3.6209847575266431e+03	2.9243254983897948e-01
20650	3	3.6242033121304662e+03	3.5057059520457257e-01
20660	3	3.6279972052757239e+03	4.0852418679915448e-01
20670	3	3.6323696441528018e+03	4.6626316534222018e-01
20680	3	3.6373219698021926e+03	5.2376282216173142e-01
20690	3	3.6428456628671011e+03	5.8099259192351171e-01
20700	3	3.6489398644005455e+03	6.3792812799283849e-01
20710	3	3.6556035597475743e+03	6.9454102319778444e-01
20720	3	3.6628293921860432e+03	7.5080499123786926e-01
20730	3	3.6706165756363048e+03	8.0669573723021115e-01
20740	3	3.6789609281009880e+03	8.6218825856738246e-01
20750	3	3.6878599183733727e+03	9.1725864397730206e-01
20760	3	3.6973057734406680e+03	9.7188785620498952e-01
20770	3	3.7072969355957121e+03	1.0260534007517517e+00
20780	3	3.7178243121778164e+03	1.0797294332135203e+00
20790	3	3.7288891979540113e+03	1.1329019384877412e+00
20800	3	3.7404806215155140e+03	1.1855522425298732e+00
20810	3	3.7526004626452032e+03	1.2376614589907846e+00
20820	3	3.7652333744173247e+03	1.2892118513434552e+00
20830	3	3.7783822149035882e+03	1.3401899647799573e+00
20840	3	3.7920358369872733e+03	1.3905808154955459e+00
20850	3	3.8061915182775824e+03	1.4403723506387816e+00
20860	3	3.8208395670041350e+03	1.4895488693725916e+00
20870	3	3.8359807454756992e+03	1.5380996806857081e+00
20880	3	3.8516020653712853e+03	1.5860173172945249e+00
20890	3	3.8676956240690115e+03	1.6332898468172126e+00
20900	3	3.8842640921562756e+03	1.6799138151601054e+00
20910	3	3.9012931020126152e+03	1.7258738235879929e+00
20920	3	3.9187796826069093e+03	1.7711686593556919e+00
20930	3	3.9367140431916605e+03	1.8157922435152030e+00
20940	3	3.9550933927808578e+03	1.8597374601501402e+00
20950	3	3.9739079996748251e+03	1.9030043073506446e+00
20960	3	3.9931511866700607e+03	1.9455886944862093e+00
20970	3	4.0128167701108982e+03	1.9874861193513282e+00
20980	3	4.0328970917516936e+03	2.0286955834229996e+00
20990	3	4.0533886066806058e+03	2.0692207214306486e+00
21000	3	4.0742799976464539e+03	2.1090583085961492e+00
21010	3	4.0955661408313317e+03	2.1482090996404111e+00
21020	3	4.1172423376334718e+03	2.1866729037762846e+00
21030	3	4.1392983886457541e+03	2.2244545512956266e+00
21040	3	4.1617294058408179e+03	2.2615548720416818e+00
21050	3	4.1845284407147165e+03	2.2979789795525716e+00
21060	3	4.2076871204384888e+03	2.3337288042775888e+00
21070	3	4.2312010875940186e+03	2.3688070095322642e+00
21080	3	4.2550597558722584e+03	2.4032233459293257e+00
21090	3	4.2792611612822557e+03	2.4369746457516679e+00
21100	3	4.3037977320855243e+03	2.4700753094260013e+00
21110	3	4.3286627502885131e+03	2.5025248645809466e+00
21120	3	4.3538474868727681e+03	2.5343332296270593e+00
21130	3	4.3793457484675555e+03	2.5655007925281152e+00
21140	3	4.4051535070989466e+03	2.5960435630724761e+00
21150	3	4.4312630824295020e+03	2.6259557610717144e+00
21160	3	4.4576718434252462e+03	2.6552546464637659e+00
21170	3	4.4843677043258294e+03	2.6839479361738747e+00
21180	3	4.5113469008948377e+03	2.7120341487122088e+00
21190	3	4.5386060501217808e+03	2.7395284640583268e+00
21200	3	4.5661348686359988e+03	2.7664371620350310e+00
21210	3	4.5939336257041314e+03	2.7927659167552270e+00
21220	3	4.6219899597841013e+03	2.8185249633577278e+00
21230	3	4.6503034799493917e+03	2.8437229515310256e+00
21240	3	4.6788613984340591e+03	2.8683666254473814e+00
21250	3	4.7076683306486630e+03	2.8924646280968922e+00
21260	3	4.7367103795307648e+03	2.9160238066446826e+00
21270	3	4.7659861304066280e+03	2.9390526057447586e+00
21280	3	4.7954902578847932e+03	2.9615615404279474e+00
21290	3	4.8252167376299640e+03	2.9835581153634321e+00
21300	3	4.8551578960683473e+03	3.0050464284644032e+00
21310	3	4.8853161219532485e+03	3.0260404190686545e+00
21320	3	4.9156769167820466e+03	3.0465443736605708e+00
21330	3	4.9462430206689633e+03	3.0665708088237662e+00
21340	3	4.9770072720452281e+03	3.0861211655312890e+00
21350	3	5.0079657305872897e+03	3.1052104835944201e+00
21360	3	5.0391095710543241e+03	3.1238422466198905e+00
21370	3	5.0704406971705612e+03	3.1420265229137088e+00
21380	3	5.1019501262566055e+03	3.1597725681644557e+00
21390	3	5.1336344847362843e+03	3.1770810640728868e+00
21400	3	5.1654904766319669e+03	3.1939664453427503e+00
21410	3	5.1975111028452457e+03	3.2104359797525754e+00
21420	3	5.2296982612332622e+03	3.2264926047661180e+00
21430	3	5.2620409057588331e+03	3.2421485326229038e+00
21440	3	5.2945396306060220e+03	3.2574086249443153e+00
21450	3	5.3271866765164741e+03	3.2722787945714500e+00
21460	3	5.3599832754793069e+03	3.2867697239846190e+00
21470	3	5.3929226914606743e+03	3.3008882036642926e+00
21480	3	5.4260007375938803e+03	3.3146352055695085e+00
21490	3	5.4592132280545393e+03	3.3280241505579293e+00
21500	3	5.4925571542050238e+03	3.3410586850407689e+00
21510	3	5.5260322053479331e+03	3.3537446579403021e+00
21520	3	5.5596329713915893e+03	3.3660898076778407e+00
21530	3	5.5933547744464722e+03	3.3781018085787675e+00
21540	3	5.6271941308590294e+03	3.3897814851326848e+00
21550	3	5.6611479474048128e+03	3.4011437115292940e+00
21560	3	5.6952177064124680e+03	3.4121835476752076e+00
21570	3	5.7293913100047548e+03	3.4229168880910716e+00
21580	3	5.7636736744891123e+03	3.4333452701762455e+00
21590	3	5.7980567387950396e+03	3.4434738337437589e+00
21600	3	5.8325401935651398e+03	3.4533066944746000e+00
21610	3	5.8671230454314245e+03	3.4628551736355129e+00
21620	3	5.9017984901102973e+03	3.4721172885541289e+00
21630	3	5.9365656030392884e+03	3.4811013703687950e+00
21640	3	5.9714180634352215e+03	3.4898136220919342e+00
21650	3	6.0063575568732185e+03	3.4982584335999065e+00
21660	3	6.0413845222557547e+03	3.5064402627856710e+00
21670	3	6.0764874118013267e+03	3.5143646025772939e+00
21680	3	6.1116682283701493e+03	3.5220349115506706e+00
21690	3	6.1469264585052742e+03	3.5294558197730419e+00
21700	3	6.1822568600938512e+03	3.5366334834426376e+00
21710	3	6.2176600496707124e+03	3.5435701868437199e+00
21720	3	6.2531288919423723e+03	3.5502727210048186e+00
21730	3	6.2886638108280431e+03	3.5567444564767015e+00
21740	3	6.3242626412887985e+03	3.5629868880933970e+00
21750	3	6.3599217241612805e+03	3.5690055514649313e+00
21760	3	6.3956427834740862e+03	3.5748068366390942e+00
21770	3	6.4314183083753596e+03	3.5803918993731791e+00
21780	3	6.4672486648939066e+03	3.5857654333140587e+00
21790	3	6.5031324008561869e+03	3.5909314896757527e+00
21800	3	6.5390667786228041e+03	3.5958946321230334e+00
21810	3	6.5750488989293308e+03	3.6006539627289427e+00
21820	3	6.6110800544881859e+03	3.6052184832592080e+00
21830	3	6.6471548989043149e+03	3.6095888521615547e+00
22090	2	6.6645558242546549e+03	-2.3325381774228218e+00
22100	2	6.6413186343267189e+03	-2.3142753525879241e+00
22110	2	6.6182696125291686e+03	-2.2957464216453864e+00
22120	2	6.5954072345922432e+03	-2.2769569007404895e+00
22130	2	6.5727321538419728e+03	-2.2579012576681299e+00
22140	2	6.5502501537646594e+03	-2.2385798676095123e+00
22150	2	6.5279615828926808e+03	-2.2189910840226181e+00
22160	2	6.5058712899409702e+03	-2.1991353151087454e+00
22170	2	6.4839783824129254e+03	-2.1790083195931906e+00
22180	2	6.4622915464575035e+03	-2.1586149041566602e+00
22190	2	6.4408067146443645e+03	-2.1379494022633660e+00
22200	2	6.4195340142778896e+03	-2.1170167492898000e+00
22210	2	6.3984685752082642e+03	-2.0958086198268324e+00
22220	2	6.3776186135590060e+03	-2.0743323222990191e+00
22230	2	6.3569826273879935e+03	-2.0525835879502545e+00
22240	2	6.3365675534155525e+03	-2.0305607915115838e+00
22250	2	6.3163739134577363e+03	-2.0082662609024222e+00
22260	2	6.2964008122802879e+03	-1.9856998949085340e+00
22270	2	6.2766578782417446e+03	-1.9628615138562557e+00
22280	2	6.2571446098893612e+03	-1.9397528718464125e+00
22290	2	6.2378664501864559e+03	-1.9163713489436434e+00
22300	2	6.2188203454906334e+03	-1.8927137276192134e+00
22310	2	6.2000114683585807e+03	-1.8687927241207294e+00
22320	2	6.1814464993605416e+03	-1.8445978218228027e+00
22330	2	6.1631212674216149e+03	-1.8201318271360496e+00
22340	2	6.1450416652506201e+03	-1.7953996497104086e+00
22350	2	6.1272130331190874e+03	-1.7703975036239115e+00
22360	2	6.1096348191680008e+03	-1.7451296980693769e+00
22370	2	6.0923133273862877e+03	-1.7195939385557786e+00
22380	2	6.0752446071159002e+03	-1.6937960135582730e+00
22390	2	6.0584361773071960e+03	-1.6677326433869848e+00
22400	2	6.0418908404957365e+03	-1.6414095953259429e+00
22410	2	6.0256091825798503e+03	-1.6148275740644800e+00
22420	2	6.0095965939278331e+03	-1.5879864756327435e+00
22430	2	5.9938516289673626e+03	-1.5608900774870842e+00
22440	2	5.9783791008057697e+03	-1.5335390640601099e+00
22450	2	5.9631816225721705e+03	-1.5059382323810764e+00
22460	2	5.9482609212475145e+03	-1.4780866826644969e+00
22470	2	5.9336193407043129e+03	-1.4499908212211505e+00
22480	2	5.9192624318554681e+03	-1.4216487528072173e+00
22490	2	5.9051872817211524e+03	-1.3930681320021998e+00
22500	2	5.8914002485489109e+03	-1.3642509320981184e+00
22510	2	5.8779028306706850e+03	-1.3351950594768431e+00
22520	2	5.8646990541624045e+03	-1.3059094963079136e+00
22530	2	5.8517874355261838e+03	-1.2763966846057404e+00
22540	2	5.8391692141565381e+03	-1.2466612010132154e+00
22550	2	5.8268538132981575e+03	-1.2167031934996406e+00
22560	2	5.8148378540439508e+03	-1.1865309687262140e+00
22570	2	5.8031234267254731e+03	-1.1561443835230876e+00
22580	2	5.7917161274990167e+03	-1.1255531912009753e+00
22590	2	5.7806139014433211e+03	-1.0947564815772977e+00
22600	2	5.7698207372146080e+03	-1.0637611531516991e+00
22610	2	5.7593385033264831e+03	-1.0325715057295302e+00
22620	2	5.7491707540362659e+03	-1.0011924263340923e+00
22630	2	5.7393166564160192e+03	-9.6962912971708126e-01
22640	2	5.7297785374215982e+03	-9.3788903841011928e-01
22650	2	5.7205583847583384e+03	-9.0597341501732553e-01
22660	2	5.7116601079961929e+03	-8.7388651089464908e-01
22670	2	5.7030805039871111e+03	-8.4163987883180524e-01
22680	2	5.6948270392912027e+03	-8.0923767969552152e-01
22690	2	5.6868985761928998e+03	-7.7668169921405383e-01
22700	2	5.6792935576080872e+03	-7.4397943685253687e-01
22710	2	5.6720171747864215e+03	-7.1114303319633954e-01
22720	2	5.6650732967206741e+03	-6.7816928440186486e-01
22730	2	5.6584548007934663e+03	-6.4507225833429405e-01
22740	2	5.6521707763021359e+03	-6.1185191373734304e-01
22750	2	5.6462175786539628e+03	-5.7851952886441527e-01
22760	2	5.6406005797967009e+03	-5.4508096756711355e-01
22770	2	5.6353175658864811e+03	-5.1154074441958208e-01
22780	2	5.6303697730823960e+03	-4.7790954959063292e-01
22790	2	5.6257595243841906e+03	-4.4418969884635578e-01
22800	2	5.6214874200564709e+03	-4.1039204709695426e-01
22810	2	5.6175501725951153e+03	-3.7652355954885947e-01
22820	2	5.6139561729242914e+03	-3.4258819897435644e-01
22830	2	5.6106980096032985e+03	-3.0859570038997480e-01
22840	2	5.6077842462636190e+03	-2.7455195162653767e-01
22850	2	5.6052110167724322e+03	-2.4046558086174710e-01
22860	2	5.6029759410877732e+03	-2.0634421676007583e-01
22870	2	5.6010822724359205e+03	-1.7219486017271454e-01
22880	2	5.5995308323904983e+03	-1.3802478754081848e-01
22890	2	5.5983223734745980e+03	-1.0384079945528595e-01
22900	2	5.5974554565680883e+03	-6.9648106432140824e-02
22910	2	5.5969288703683396e+03	-3.5458490423304859e-02
22920	2	5.5967467744685246e+03	-1.2805887029062985e-03
22930	2	5.5969023677061014e+03	3.2882131897396999e-02
22940	2	5.5974007262091709e+03	6.7022146773777422e-02
22950	2	5.5982427547969237e+03	1.0112700531365945e-01
22960	2	5.5994249688743121e+03	1.3519695686588062e-01
22970	2	5.6009469201129641e+03	1.6921736803391949e-01
22980	2	5.6028085290461313e+03	2.0318822104451045e-01
22990	2	5.6050121820295326e+03	2.3709517710116562e-01
23000	2	5.6075494348079756e+03	2.7093450106731354e-01
23010	2	5.6104287842086915e+03	3.0469721793682164e-01
23020	2	5.6136437589229599e+03	3.3837655615866247e-01
23030	2	5.6171960711650390e+03	3.7197043026907678e-01
23040	2	5.6210831281399196e+03	4.0546300354797510e-01
23050	2	5.6253059512123973e+03	4.3885437006778893e-01
23060	2	5.6298594685875350e+03	4.7213514496394043e-01
23070	2	5.6347469450006374e+03	5.0529749723987094e-01
23080	2	5.6399661360624814e+03	5.3833491552051749e-01
23090	2	5.6455151296273234e+03	5.7124386265550786e-01
23100	2	5.6513886065746037e+03	6.0401541294364802e-01
23110	2	5.6575956806863596e+03	6.3664494774012970e-01
23120	2	5.6641219638804023e+03	6.6912418983838884e-01
23130	2	5.6709764685448145e+03	7.0144532987430719e-01
23140	2	5.6781522818173380e+03	7.3360747937020454e-01
23150	2	5.6856487565154275e+03	7.6560352518794283e-01
23160	2	5.6934622063398392e+03	7.9742539769763476e-01
23170	2	5.7015953706642795e+03	8.2906917165615657e-01
23180	2	5.7100433275467567e+03	8.6052764801612858e-01
23190	2	5.7188046839507761e+03	8.9179798433823820e-01
23200	2	5.7278791004815002e+03	9.2287565958267259e-01
23210	2	5.7372624989191791e+03	9.5375419958257657e-01
23220	2	5.7469528556982141e+03	9.8442680309784503e-01
23230	2	5.7569501007145636e+03	1.0148905804877886e+00
23240	2	5.7672529853208016e+03	1.0451416535420226e+00
23250	2	5.7778520766666825e+03	1.0751746961826232e+00
23260	2	5.7887537993890646e+03	1.1049887498119180e+00
23270	2	5.7999506257543189e+03	1.1345749164890706e+00
23280	2	5.8114432762772512e+03	1.1639303966289851e+00
23290	2	5.8232285750478177e+03	1.1930540126398215e+00
23300	2	5.8353046504754029e+03	1.2219399308190473e+00
23310	2	5.8476661104193572e+03	1.2505861696247838e+00
23320	2	5.8603131250843971e+03	1.2789887457510694e+00
23330	2	5.8732458845015663e+03	1.3071403553048537e+00
23340	2	5.8864565519181888e+03	1.3350470459611745e+00
23350	2	5.8999462169801236e+03	1.3626999108392976e+00
23360	2	5.9137102223827505e+03	1.3900961018817155e+00
23370	2	5.9277477547424342e+03	1.4172367394517751e+00
23380	2	5.9420549119550869e+03	1.4441174015720613e+00
23390	2	5.9566271568645388e+03	1.4707330859764851e+00
23400	2	5.9714662817030312e+03	1.4970846516965837e+00
23410	2	5.9865698319360608e+03	1.5231723963122690e+00
23420	2	6.0019306871451563e+03	1.5489923449757150e+00
23430	2	6.0175473325073190e+03	1.5745402806481505e+00
23440	2	6.0334215356462382e+03	1.5998198531858818e+00
23450	2	6.0495437751042236e+03	1.6248237158468009e+00
23460	2	6.0659159956164913e+03	1.6495561839718678e+00
23470	2	6.0825342194558134e+03	1.6740122463336848e+00
23480	2	6.0993959639302584e+03	1.6981946333741516e+00
23490	2	6.1164984276811620e+03	1.7220969384529281e+00
23500	2	6.1338359945424572e+03	1.7457275391107763e+00
23510	2	6.1514087633767522e+03	1.7690751139776557e+00
23520	2	6.1692178482756781e+03	1.7921463006662444e+00
23530	2	6.1872515658904185e+03	1.8149374205885205e+00
23540	2	6.2055159260023338e+03	1.8374523244111027e+00
23550	2	6.2240000210509870e+03	1.8596866565236587e+00
23560	2	6.2427089786111765e+03	1.8816408141872356e+00
23570	2	6.2616317152559141e+03	1.9033188868065001e+00
23580	2	6.2807718106862030e+03	1.9247177098754122e+00
23590	2	6.3001268629044944e+03	1.9458356919864879e+00
23600	2	6.3196873220780390e+03	1.9666750044262000e+00
23610	2	6.3394591612851627e+03	1.9872384106400165e+00
23620	2	6.3594329553393336e+03	2.0075235976755570e+00
23630	2	6.3796078829262269e+03	2.0275327045320171e+00
23640	2	6.3999819022652937e+03	2.0472631802732582e+00
23650	2	6.4205544724455676e+03	2.0667221606018331e+00
23660	2	6.4413154167427483e+03	2.0859063063478613e+00
23670	2	6.4622694450867384e+03	2.1048173782690278e+00
23680	2	6.4834102791791865e+03	2.1234548820945176e+00
23690	2	6.5047370072491849e+03	2.1418208716569676e+00
23700	2	6.5262461525871358e+03	2.1599150730850383e+00
23710	2	6.5479369779694589e+03	2.1777430682200172e+00
23720	2	6.5698003431212819e+03	2.1953053341098632e+00
23730	2	6.5918397700920150e+03	2.2125971523617309e+00
23740	2	6.6140513420000134e+03	2.2296249373247163e+00
23750	2	6.6364327938621209e+03	2.2463887681815859e+00
23760	2	6.6589773822624729e+03	2.2628939369555932e+00
26920	1	6.6661208429600574e+03	-2.9179487830205715e+00
26930	1	6.6370039258814641e+03	-2.9047797092633152e+00
26940	1	6.6080239180027293e+03	-2.8913430240895734e+00
26950	1	6.5791774853956413e+03	-2.8776302711802018e+00
26960	1	6.5504734829111621e+03	-2.8636475188181860e+00
26970	1	6.5219071979251494e+03	-2.8493841800572928e+00
26980	1	6.4934855114079428e+03	-2.8348415645766347e+00
26990	1	6.4652095669520950e+03	-2.8200159564503697e+00
27000	1	6.4370866425350569e+03	-2.8049009709383261e+00
27010	1	6.4091139462999481e+03	-2.7894992807565613e+00
27020	1	6.3812960853191544e+03	-2.7738059131551642e+00
27030	1	6.3536379445465600e+03	-2.7578137429428611e+00
27040	1	6.3261413996039983e+03	-2.7415241751959512e+00
27050	1	6.2988093677126890e+03	-2.7249344064536265e+00
27060	1	6.2716428506626371e+03	-2.7080387114690545e+00
27070	1	6.2446496809408263e+03	-2.6908357378651790e+00
27080	1	6.2178294100680932e+03	-2.6733244938681890e+00
27090	1	6.1911840314862802e+03	-2.6554988885230508e+00
27100	1	6.1647191485455687e+03	-2.6373574513448279e+00
27110	1	6.1384385843665668e+03	-2.6188986474268017e+00
27120	1	6.1123440091548746e+03	-2.6001197237939437e+00
27130	1	6.0864365091621594e+03	-2.5810143481078192e+00
27140	1	6.0607232086918675e+03	-2.5615869161423186e+00
27150	1	6.0352049091852796e+03	-2.5418256490842865e+00
27160	1	6.0098872903736401e+03	-2.5217337381484328e+00
27170	1	5.9847733790322736e+03	-2.5013086052353608e+00
27180	1	5.9598630993784654e+03	-2.4805472793323662e+00
27190	1	5.9351637290040280e+03	-2.4594483189695868e+00
27200	1	5.9106760970435607e+03	-2.4380042549572742e+00
27210	1	5.8864043988200438e+03	-2.4162203055012164e+00
27220	1	5.8623529622782771e+03	-2.3940890160449078e+00
27230	1	5.8385249336207044e+03	-2.3716094676629105e+00
27240	1	5.8149217281021065e+03	-2.3487836852696420e+00
27250	1	5.7915493481188232e+03	-2.3256033398159857e+00
27260	1	5.7684102004511760e+03	-2.3020733918059766e+00
27270	1	5.7455074098234354e+03	-2.2781846041225084e+00
27280	1	5.7228471957876973e+03	-2.2539434266268219e+00
27290	1	5.7004312819016914e+03	-2.2293461436997410e+00
27300	1	5.6782608863175146e+03	-2.2043862379019692e+00
27310	1	5.6563448854460185e+03	-2.1790669519968517e+00
27320	1	5.6346821390443965e+03	-2.1533934477044889e+00
27330	1	5.6132779054729244e+03	-2.1273513855199901e+00
27340	1	5.5921363043908268e+03	-2.1009501409257436e+00
27350	1	5.5712600575350743e+03	-2.0741838484779813e+00
27360	1	5.5506535042758442e+03	-2.0470556643539641e+00
27370	1	5.5303201028822414e+03	-2.0195655774018411e+00
27380	1	5.5102643504317248e+03	-1.9917118867383936e+00
27390	1	5.4904869939826003e+03	-1.9634947820195319e+00
27400	1	5.4709920877837949e+03	-1.9349168942270873e+00
27410	1	5.4517894903373572e+03	-1.9059756520187106e+00
27420	1	5.4328766380424031e+03	-1.8766715683626802e+00
27430	1	5.4142586913693276e+03	-1.8470104969396610e+00
27440	1	5.3959388203506751e+03	-1.8169871972998732e+00
27450	1	5.3779182066749436e+03	-1.7866090266457719e+00
27460	1	5.3602071832068250e+03	-1.7558766012757239e+00
27470	1	5.3428030492775360e+03	-1.7247870481354313e+00
27480	1	5.3257116349488506e+03	-1.6933467952530490e+00
27490	1	5.3089370481474598e+03	-1.6615581497908467e+00
27500	1	5.2924818033350484e+03	-1.6294231188409305e+00
27510	1	5.2763498597231819e+03	-1.5969419362888568e+00
27520	1	5.2605443464625132e+03	-1.5641197282709809e+00
27530	1	5.2450677171771113e+03	-1.5309654580222467e+00
27540	1	5.2299248671819669e+03	-1.4974742125974190e+00
27550	1	5.2151209601444543e+03	-1.4636527881012829e+00
27560	1	5.2006536898731238e+03	-1.4295092219352659e+00
27570	1	5.1865323029572173e+03	-1.3950431624485300e+00
27580	1	5.1727531908349565e+03	-1.3602596624387837e+00
27590	1	5.1593261314364208e+03	-1.3251685074853110e+00
27600	1	5.1462532253536629e+03	-1.2897680439103631e+00
27610	1	5.1335337871817164e+03	-1.2540689068899142e+00
27620	1	5.1211703944271540e+03	-1.2180736334161697e+00
27630	1	5.1091720530774373e+03	-1.1817938243443609e+00
27640	1	5.0975378378340210e+03	-1.1452313351027255e+00
27650	1	5.0862694884193343e+03	-1.1083932539534211e+00
27660	1	5.0753682517436309e+03	-1.0712877970496020e+00
27670	1	5.0648448996505349e+03	-1.0339199806350585e+00
27680	1	5.0546926189166406e+03	-9.9630255188349515e-01
27690	1	5.0449182828884050e+03	-9.5843898259265758e-01
27700	1	5.0355237617169805e+03	-9.2033599572073488e-01
27710	1	5.0265111161250043e+03	-8.8200626829455853e-01
27720	1	5.0178846805717012e+03	-8.4345566463305499e-01
27730	1	5.0096433991227022e+03	-8.0469543714866609e-01
27740	1	5.0017936717638040e+03	-7.6573231674623754e-01
27750	1	4.9943298696107759e+03	-7.2657379319541326e-01
27760	1	4.9872603187010891e+03	-6.8723375916099150e-01
27770	1	4.9805855714368508e+03	-6.4771965001646747e-01
27780	1	4.9743060346740385e+03	-6.0804215737596046e-01
27790	1	4.9684273371515965e+03	-5.6820974645089328e-01
27800	1	4.9629435614526974e+03	-5.2823507233549205e-01
27810	1	4.9578610806302304e+03	-4.8812755865958035e-01
27820	1	4.9531819078792932e+03	-4.4789774785407277e-01
27830	1	4.9489033957111278e+03	-4.0755844455675461e-01
27840	1	4.9450299001860421e+03	-3.6711297216203626e-01
27850	1	4.9415608847066624e+03	-3.2658226121406808e-01
27860	1	4.9384979814605276e+03	-2.8597372840270407e-01
27870	1	4.9358437948079745e+03	-2.4529511914173791e-01
27880	1	4.9335936017052672e+03	-2.0456446788002122e-01
27890	1	4.9317511105565827e+03	-1.6379042188109116e-01
27900	1	4.9303188488102933e+03	-1.2298313499808057e-01
27910	1	4.9292914869339766e+03	-8.2153292998195904e-02
27920	1	4.9286744220956289e+03	-4.1314640144041778e-02
27930	1	4.9284637667331990e+03	-4.7644092251653822e-04
27940	1	4.9286650221772916e+03	4.0345821794675149e-02
27950	1	4.9292705692928084e+03	8.1144499547185875e-02
27960	1	4.9302862955291221e+03	1.2190215347503214e-01
27970	1	4.9317108705910032e+03	1.6261545187190066e-01
27980	1	4.9335397376507690e+03	2.0326718485036960e-01
27990	1	4.9357741503317948e+03	2.4384702236371830e-01
28000	1	4.9384156611456656e+03	2.8434392712759821e-01
28010	1	4.9414618696096923e+03	3.2475004422183951e-01
28020	1	4.9449109094290725e+03	3.6504983395460910e-01
28030	1	4.9487604711047170e+03	4.0523145960858908e-01
28040	1	4.9530136722211164e+03	4.4528714106617417e-01
28050	1	4.9576656803720607e+03	4.8520357380177020e-01
28060	1	4.9627184073131530e+03	5.2497557554727392e-01
28070	1	4.9681647031026650e+03	5.6458814889109965e-01
28080	1	4.9740103522975132e+03	6.0403051504108007e-01
28090	1	4.9802454158925639e+03	6.4329409067712051e-01
28100	1	4.9868737945775893e+03	6.8236947267991743e-01
28110	1	4.9938949469602858e+03	7.2124810161838804e-01
28120	1	5.0013013222716963e+03	7.5991683303807656e-01
28130	1	5.0090899720806074e+03	7.9837023324604939e-01
28140	1	5.0172658035473623e+03	8.3659825986177816e-01
28150	1	5.0258239726917491e+03	8.7459388636115276e-01
28160	1	5.0347563752140668e+03	9.1234506735790255e-01
28170	1	5.0440698096170754e+03	9.4984820309651607e-01
28180	1	5.0537538133988701e+03	9.8708939654376082e-01
28190	1	5.0638090519415982e+03	1.0240668256286940e+00
28200	1	5.0742330490901177e+03	1.0607667119270638e+00
28210	1	5.0850251336544734e+03	1.0971907138601287e+00
28220	1	5.0961769825777546e+03	1.1333254419670002e+00
28230	1	5.1076883562540652e+03	1.1691684009038052e+00
28240	1	5.1195590157426368e+03	1.2047092064357925e+00
28250	1	5.1317812647139572e+03	1.2399466759593625e+00
28260	1	5.1443566080217097e+03	1.2748691363413673e+00
28270	1	5.1572799599129085e+03	1.3094748929682649e+00
28280	1	5.1705453847507788e+03	1.3437570733288049e+00
28290	1	5.1841517276952609e+03	1.3777118075788939e+00
28300	1	5.1980983862397779e+03	1.4113405727648547e+00
28310	1	5.2123774703260224e+03	1.4446295369633861e+00
28320	1	5.2269915175187834e+03	1.4775791033907173e+00
28330	1	5.2419268174917443e+03	1.5101873114333637e+00
28340	1	5.2571913944886255e+03	1.5424417864079154e+00
28350	1	5.2727771118415230e+03	1.5743533625976991e+00
28360	1	5.2886771332835997e+03	1.6059076974108857e+00
28370	1	5.3048933669161088e+03	1.6371086123159750e+00
28380	1	5.3214196110469875e+03	1.6679522000007441e+00
28390	1	5.3382524407545634e+03	1.6984343262598189e+00
28400	1	5.3553854880837762e+03	1.7285522544763545e+00
28410	1	5.3728208513278214e+03	1.7583069544478114e+00
28420	1	5.3905508818825529e+03	1.7876992273723198e+00
28430	1	5.4085736369848282e+03	1.8167211557345975e+00
28440	1	5.4268849115781877e+03	1.8453770434930041e+00
28450	1	5.4454794265110995e+03	1.8736641636666300e+00
28460	1	5.4643573725472515e+03	1.9015822648940208e+00
28470	1	5.4835108580014748e+03	1.9291319110905367e+00
28480	1	5.5029374538645816e+03	1.9563088585036190e+00
28490	1	5.5226356365499742e+03	1.9831179349489139e+00
28500	1	5.5426000231306252e+03	2.0095572514301061e+00
28510	1	5.5628262613078805e+03	2.0356280283490729e+00
28520	1	5.5833110279005195e+03	2.0613293848907297e+00
28530	1	5.6040505657424701e+03	2.0866635044008270e+00
28540	1	5.6250417864474875e+03	2.1116308000198081e+00
28550	1	5.6462822457683778e+03	2.1362293093500542e+00
28560	1	5.6677653553334312e+03	2.1604689409215467e+00
28570	1	5.6894898314575776e+03	2.1843409783175112e+00
28580	1	5.7114523438136703e+03	2.2078509560997697e+00
28590	1	5.7336474207516067e+03	2.2310011877988538e+00
28600	1	5.7560708254773544e+03	2.2537905640974687e+00
28610	1	5.7787226589817055e+03	2.2762236856022260e+00
28620	1	5.8015920097284070e+03	2.2983034810245218e+00
28630	1	5.8246855086744381e+03	2.3200289291588194e+00
28640	1	5.8479930190306231e+03	2.3414020035140619e+00
28650	1	5.8715139651804229e+03	2.3624257136027285e+00
28660	1	5.8952407886285764e+03	2.3831022608538999e+00
28670	1	5.9191729536973362e+03	2.4034380192773215e+00
28680	1	5.9433084428911006e+03	2.4234289457324789e+00
28690	1	5.9676413551410596e+03	2.4430814191790131e+00
28700	1	5.9921685492040342e+03	2.4623952771393101e+00
28710	1	6.0168854656816529e+03	2.4813746670766412e+00
28720	1	6.0417957848853166e+03	2.5000241072448910e+00
28730	1	6.0668833773874667e+03	2.5183434426564517e+00
28740	1	6.0921606479388456e+03	2.5363351475410241e+00
28750	1	6.1176109708813901e+03	2.5540061231621576e+00
28760	1	6.1432392452691793e+03	2.5713552797335928e+00
28770	1	6.1690399802378115e+03	2.5883871222492711e+00
28780	1	6.1950057905121721e+03	2.6051043466789676e+00
28790	1	6.2211415518062122e+03	2.6215088750844364e+00
28800	1	6.2474362490198255e+03	2.6376064309213025e+00
28810	1	6.2738904923693517e+03	2.6533970768595876e+00
28820	1	6.3005014927619677e+03	2.6688840828445111e+00
28830	1	6.3272669341509536e+03	2.6840720848046780e+00
28840	1	6.3541832319720670e+03	2.6989656290521160e+00
28850	1	6.3812433560361624e+03	2.7135627768576960e+00
28860	1	6.4084537310718788e+03	2.7278672890731253e+00
28870	1	6.4358024146548150e+03	2.7418884409214352e+00
28880	1	6.4632907430588384e+03	2.7556223550549181e+00
28890	1	6.4909157013519716e+03	2.7690760551124325e+00
28900	1	6.5186702018303995e+03	2.7822509595322997e+00
28910	1	6.5465567905987364e+03	2.7951502346204911e+00
28920	1	6.5745738326898418e+03	2.8077807171081348e+00
28930	1	6.6027133590905823e+03	2.8201362497505476e+00
28940	1	6.6309743863103367e+03	2.8322305982185192e+00
28950	1	6.6593556079377540e+03	2.8440604051792513e+00
30320	3	6.6404704993249989e+03	-3.5774981024885828e+00
30330	3	6.6047162418305934e+03	-3.5728694082385308e+00
30340	3	6.5690113037629326e+03	-3.5680482014112962e+00
30350	3	6.5333555557517266e+03	-3.5630274534255624e+00
30360	3	6.4977497889927809e+03	-3.5578079239564722e+00
30370	3	6.4622011123267985e+03	-3.5523825097437243e+00
30380	3	6.4267026938864419e+03	-3.5467492843711792e+00
30390	3	6.3912660187858901e+03	-3.5409046331930014e+00
30400	3	6.3558870739236299e+03	-3.5348467506734078e+00
30410	3	6.3205709487882323e+03	-3.5285651059177576e+00
30420	3	6.2853139940642150e+03	-3.5220640342265268e+00
30430	3	6.2501305035108444e+03	-3.5153328450715504e+00
30440	3	6.2150103366651974e+03	-3.5083721666750480e+00
30450	3	6.1799616163491401e+03	-3.5011774196394430e+00
30460	3	6.1449881116069055e+03	-3.4937392209852232e+00
30470	3	6.1100891395761209e+03	-3.4860600265384494e+00
30480	3	6.0752673040834352e+03	-3.4781326390097558e+00
30490	3	6.0405256230389969e+03	-3.4699522155527243e+00
30500	3	6.0058707561577021e+03	-3.4615128390785941e+00
30510	3	5.9712978962946681e+03	-3.4528106942848873e+00
30520	3	5.9368134803460007e+03	-3.4438453151974446e+00
30530	3	5.9024229259691492e+03	-3.4346057587767400e+00
30540	3	5.8681233773435579e+03	-3.4250879210441791e+00
30550	3	5.8339196155832651e+03	-3.4152893034021390e+00
30560	3	5.7998187947450033e+03	-3.4052032763396598e+00
30570	3	5.7658159840497274e+03	-3.3948253899233234e+00
30580	3	5.7319215935367392e+03	-3.3841510343712979e+00
30590	3	5.6981359460938265e+03	-3.3731685868288079e+00
30600	3	5.6644606810018140e+03	-3.3618818306015821e+00
30610	3	5.6308992647155246e+03	-3.3502793758713612e+00
30620	3	5.5974538095520020e+03	-3.3383560444205429e+00
30630	3	5.5641339667507145e+03	-3.3261064759144512e+00
30640	3	5.5309359667115405e+03	-3.3135243113735702e+00
30650	3	5.4978649353573910e+03	-3.3006042693875948e+00
30660	3	5.4649231827932772e+03	-3.2873403532452663e+00
30670	3	5.4321177446578977e+03	-3.2737247625443180e+00
30680	3	5.3994494486073809e+03	-3.2597521041073430e+00
30690	3	5.3669245920552557e+03	-3.2454143210435769e+00
30700	3	5.3345436899781016e+03	-3.2307062346845612e+00
30710	3	5.3023107211033603e+03	-3.2156188697387518e+00
30720	3	5.2702332317951068e+03	-3.2001503568553074e+00
30730	3	5.2383106239154386e+03	-3.1842905175561955e+00
30740	3	5.2065484725510551e+03	-3.1680317344911413e+00
30750	3	5.1749497045376183e+03	-3.1513690587545766e+00
30760	3	5.1435204484875749e+03	-3.1342949414706185e+00
30770	3	5.1122666139703160e+03	-3.1168007763033287e+00
30780	3	5.0811886614301930e+03	-3.0988772926331580e+00
30790	3	5.0502885596305759e+03	-3.0805203662402016e+00
30800	3	5.0195760397474005e+03	-3.0617259748255092e+00
30810	3	4.9890582993503886e+03	-3.0424784123897979e+00
30820	3	4.9587301640819342e+03	-3.0227753604320280e+00
30830	3	4.9286041195505186e+03	-3.0026062410050862e+00
30840	3	4.8986806797158406e+03	-2.9819660770770051e+00
30850	3	4.8689640247086345e+03	-2.9608429856563512e+00
30860	3	4.8394639943665798e+03	-2.9392373930285531e+00
30870	3	4.8101813237339265e+03	-2.9171342549433330e+00
30880	3	4.7811236143192873e+03	-2.8945259883525303e+00
30890	3	4.7522944919486263e+03	-2.8714079388450675e+00
30900	3	4.7236970366470350e+03	-2.8477739908366724e+00
30910	3	4.6953375259532932e+03	-2.8236106073077654e+00
30920	3	4.6672278003677711e+03	-2.7989134688995367e+00
30930	3	4.6393631807224956e+03	-2.7736742862903609e+00
30940	3	4.6117544617898975e+03	-2.7478856083382164e+00
30950	3	4.5844052236739808e+03	-2.7215403354660634e+00
30960	3	4.5573263752327957e+03	-2.6946304733261788e+00
30970	3	4.5305168701123812e+03	-2.6671487380246468e+00
30980	3	4.5039852890870625e+03	-2.6390885607255101e+00
30990	3	4.4777357247186737e+03	-2.6104424092554086e+00
31000	3	4.4517773455131037e+03	-2.5812026784105933e+00
31010	3	4.4261138141609881e+03	-2.5513656057902381e+00
31020	3	4.4007545815454268e+03	-2.5209205688219889e+00
31030	3	4.3756975358689442e+03	-2.4898642984361392e+00
31040	3	4.3509573716355089e+03	-2.4581917560811051e+00
31050	3	4.3265357493981846e+03	-2.4258913258187649e+00
31060	3	4.3024427453662647e+03	-2.3929648340059240e+00
31070	3	4.2786794583675019e+03	-2.3594023899507546e+00
31080	3	4.2552559861316076e+03	-2.3252024988025854e+00
31090	3	4.2321785132652512e+03	-2.2903571201974500e+00
31100	3	4.2094515802935011e+03	-2.2548681639302215e+00
31110	3	4.1870831823185645e+03	-2.2187267051266439e+00
31120	3	4.1650764364903644e+03	-2.1819311577845566e+00
31130	3	4.1434461924396301e+03	-2.1444797575200290e+00
31140	3	4.1221921435128643e+03	-2.1063694931460271e+00
31150	3	4.1013211212619117e+03	-2.0676015571817952e+00
31160	3	4.0808422554833769e+03	-2.0281741662873367e+00
31170	3	4.0607616498052103e+03	-1.9880815657111457e+00
31180	3	4.0410831476803405e+03	-1.9473335658914883e+00
31190	3	4.0218139370349627e+03	-1.9059247598499740e+00
31200	3	4.0029647627929612e+03	-1.8638597648004569e+00
31210	3	3.9845399340220047e+03	-1.8211388590590092e+00
31220	3	3.9665443354497579e+03	-1.7777683535269171e+00
31230	3	3.9489867723023272e+03	-1.7337506049088101e+00
31240	3	3.9318733498209622e+03	-1.6890900914413933e+00
31250	3	3.9152066506951946e+03	-1.6437905183666501e+00
31260	3	3.8989980767566299e+03	-1.5978667274619320e+00
31270	3	3.8832516962454174e+03	-1.5513186171988933e+00
31280	3	3.8679747195144414e+03	-1.5041566584558042e+00
31290	3	3.8531718543858565e+03	-1.4563890809947140e+00
31300	3	3.8388480852520283e+03	-1.4080292442413085e+00
31310	3	3.8250118649179394e+03	-1.3590848577572425e+00
31320	3	3.8116693613430934e+03	-1.3095710581076110e+00
31330	3	3.7988233369044938e+03	-1.2594998980224916e+00
31340	3	3.7864807331798311e+03	-1.2088856054356534e+00
31350	3	3.7746499475628912e+03	-1.1577404440690215e+00
31360	3	3.7633271583940091e+03	-1.1060848815346556e+00
31370	3	3.7525269611915160e+03	-1.0539349006392729e+00
31380	3	3.7422499421082343e+03	-1.0013073383401432e+00
31390	3	3.7325026409127076e+03	-9.4821749223514595e-01
31400	3	3.7232865789892180e+03	-8.9469213177705820e-01
31410	3	3.7146105573173272e+03	-8.4074844593556997e-01
31420	3	3.7064752652284360e+03	-7.8640903932510742e-01
31430	3	3.6988827044767468e+03	-7.3169265254042515e-01
31440	3	3.6918406589230485e+03	-6.7662662518000993e-01
31450	3	3.6853505903347168e+03	-6.2123405893589978e-01
31460	3	3.6794165765766488e+03	-5.6553799897842527e-01
31470	3	3.6740396148393856e+03	-5.0956474595395151e-01
31480	3	3.6692265511602750e+03	-4.5333923548878641e-01
31490	3	3.6649744131784860e+03	-3.9688936730757873e-01
31500	3	3.6612907611183655e+03	-3.4023730400464991e-01
31510	3	3.6581712390210378e+03	-2.8341840502200177e-01
31520	3	3.6556216534984101e+03	-2.2645590016705730e-01
31530	3	3.6536437405673005e+03	-1.6937999407102111e-01
31540	3	3.6522325459012332e+03	-1.1221251449649479e-01
31550	3	3.6513985898653586e+03	-5.4991386299792881e-02
31560	3	3.6511335364963165e+03	2.2608931689590836e-03
31570	3	3.6514428295009025e+03	5.9513926693021912e-02
31580	3	3.6523250148463949e+03	1.1673752298117636e-01
31590	3	3.6537789098260841e+03	1.7390517924864252e-01
31600	3	3.6558017079262854e+03	2.3098341934114580e-01
31610	3	3.6583978903689072e+03	2.8794977955034012e-01
31620	3	3.6615625734882519e+03	3.4477657212069723e-01
31630	3	3.6652914623542192e+03	4.0143277479412565e-01
31640	3	3.6695881155030470e+03	4.5788931470175204e-01
31650	3	3.6744493655400420e+03	5.1412353083469176e-01
31660	3	3.6798713778612851e+03	5.7010654631034974e-01
31670	3	3.6858505933860720e+03	6.2581384207033586e-01
31680	3	3.6923851912014502e+03	6.8121710860256568e-01
31690	3	3.6994739712575060e+03	7.3629540888784839e-01
31700	3	3.7071109606245259e+03	7.9102362673813065e-01
31710	3	3.7152926362698090e+03	8.4537831503398631e-01
31720	3	3.7240158711986164e+03	8.9933567769926681e-01
31730	3	3.7332788561176103e+03	9.5287743795635593e-01
31740	3	3.7430731090628565e+03	1.0059806349274152e+00
31750	3	3.7533961642600998e+03	1.0586261268010357e+00
31760	3	3.7642434242133254e+03	1.1107975947986066e+00
31770	3	3.7756103211260029e+03	1.1624721279743631e+00
31780	3	3.7874909282359986e+03	1.2136365014269428e+00
31790	3	3.7998807423931366e+03	1.2642724449041625e+00
31800	3	3.8127766976384946e+03	1.3143678269387757e+00
31810	3	3.8261670068149656e+03	1.3639026496907325e+00
31820	3	3.8400498690560985e+03	1.4128704919543191e+00
31830	3	3.8544222341408927e+03	1.4612576959135715e+00
31840	3	3.8692758051488622e+03	1.5090495960213886e+00
31850	3	3.8846011430515791e+03	1.5562349993825189e+00
31860	3	3.9003992268173211e+03	1.6028142840730939e+00
31870	3	3.9166550985348717e+03	1.6487696483967074e+00
31880	3	3.9333699625353252e+03	1.6940941352943077e+00
31890	3	3.9505346064304085e+03	1.7387841277075533e+00
31900	3	3.9681454296614643e+03	1.7828338936477350e+00
31910	3	3.9861895761607821e+03	1.8262353808907374e+00
31920	3	4.0046672448257323e+03	1.8689896403456845e+00
31930	3	4.0235661107472192e+03	1.9110867253840205e+00
31940	3	4.0428858273065539e+03	1.9525304891913793e+00
31950	3	4.0626168376039682e+03	1.9933159323335785e+00
31960	3	4.0827492263711561e+03	2.0334409237655056e+00
31970	3	4.1032828395886199e+03	2.0729036373006484e+00
31980	3	4.1242069776458738e+03	2.1117118194255573e+00
31990	3	4.1455166124538309e+03	2.1498585975735334e+00
32000	3	4.1672020638766462e+03	2.1873486908899955e+00
32010	3	4.1892605781796292e+03	2.2241834357092132e+00
32020	3	4.2116825639656063e+03	2.2603645375804531e+00
32030	3	4.2344641897326037e+03	2.2958965651948904e+00
32040	3	4.2575987566430122e+03	2.3307815132489877e+00
32050	3	4.2810773741483190e+03	2.3650242633288876e+00
32060	3	4.3048981878921877e+03	2.3986297647518056e+00
32070	3	4.3290495113865572e+03	2.4315995898635268e+00
32080	3	4.3535279274701043e+03	2.4639411039986050e+00
32090	3	4.3783267552553098e+03	2.4956602917220922e+00
32100	3	4.4034380119567295e+03	2.5267625907849856e+00
32110	3	4.4288581181827303e+03	2.5572523949999151e+00
32120	3	4.4545816616338334e+03	2.5871368159813972e+00
32130	3	4.4806005723451390e+03	2.6164222395001815e+00
32140	3	4.5069084509688546e+03	2.6451144357494578e+00
32150	3	4.5335007098105907e+03	2.6732237144277131e+00
32160	3	4.5603716223283109e+03	2.7007496968910574e+00
32170	3	4.5875131955459738e+03	2.7277097872292013e+00
32180	3	4.6149236445430233e+03	2.7541044953194014e+00
32190	3	4.6425931217673342e+03	2.7799429254885331e+00
32200	3	4.6705202403998446e+03	2.8052302459862517e+00
32210	3	4.6986945355088255e+03	2.8299773478913446e+00
32220	3	4.7271187633728641e+03	2.8541910969802027e+00
32230	3	4.7557762224367998e+03	2.8778792373746493e+00
32240	3	4.7846732501324686e+03	2.9010455708111071e+00
32250	3	4.8137968711106296e+03	2.9237040538344954e+00
32260	3	4.8431442891900242e+03	2.9458594974142507e+00
32270	3	4.8727130828106056e+03	2.9675194790855564e+00
32280	3	4.9024945335103230e+03	2.9886916233503413e+00
32290	3	4.9324863874157518e+03	3.0093848777214105e+00
32300	3	4.9626804507318075e+03	3.0296037851858584e+00
32310	3	4.9930761100117707e+03	3.0493614131925062e+00
32320	3	5.0236662697464426e+03	3.0686610077131853e+00
32330	3	5.0544487355789870e+03	3.0875133244346218e+00
32340	3	5.0854159336390876e+03	3.1059218864187961e+00
32350	3	5.1165642648997900e+03	3.1238956729043492e+00
32360	3	5.1478914421885975e+03	3.1414460534982926e+00
32370	3	5.1793935434556270e+03	3.1585748400710023e+00
32380	3	5.2110611962445118e+03	3.1752923286584016e+00
32390	3	5.2428971058805018e+03	3.1916032969214059e+00
32400	3	5.2748913082403506e+03	3.2075172126157567e+00
32410	3	5.3070445465227249e+03	3.2230421766208681e+00
32420	3	5.3393526018381381e+03	3.2381808554324829e+00
32430	3	5.3718083197065880e+03	3.2529425536368577e+00
32440	3	5.4044104244704076e+03	3.2673333104647679e+00
32450	3	5.4371525185105729e+03	3.2813613146182372e+00
32460	3	5.4700364389043134e+03	3.2950335393330157e+00
32470	3	5.5030528042716869e+03	3.3083519347020731e+00
32480	3	5.5362012605828741e+03	3.3213263102040278e+00
32490	3	5.5694797219194052e+03	3.3339616432323584e+00
32500	3	5.6028808898531606e+03	3.3462674095151326e+00
32510	3	5.6364000238924291e+03	3.3582429331695032e+00
32520	3	5.6700436219623571e+03	3.3699013763706631e+00
32530	3	5.7037983987591797e+03	3.3812428636557312e+00
32540	3	5.7376668083800232e+03	3.3922768561388876e+00
32550	3	5.7716431451438930e+03	3.4030061876273487e+00
32560	3	5.8057278803998561e+03	3.4134372648734637e+00
32570	3	5.8399128257693637e+03	3.4235773270872798e+00
32580	3	5.8741974217681727e+03	3.4334294083211967e+00
32590	3	5.9085799580058801e+03	3.4430031877289511e+00
32600	3	5.9430564119535111e+03	3.4522946328732278e+00
32610	3	5.9776249033126751e+03	3.4613140152217827e+00
32620	3	6.0122816071387770e+03	3.4700703359138161e+00
32630	3	6.0470245378740046e+03	3.4785622110953138e+00
32640	3	6.0818522090258348e+03	3.4867938600631199e+00
32650	3	6.1167594474474299e+03	3.4947744479247906e+00
32660	3	6.1517459825181159e+03	3.5025050028693832e+00
32670	3	6.1868088269755081e+03	3.5099953813594742e+00
32680	3	6.2219454077222936e+03	3.5172434180331367e+00
32690	3	6.2571532043916995e+03	3.5242583868219670e+00
32700	3	6.2924323943082954e+03	3.5310371573622819e+00
32710	3	6.3277719766262926e+03	3.5375927530693918e+00
32720	3	6.3631798826430486e+03	3.5439205749981668e+00
32730	3	6.3986511576089133e+03	3.5500327234950380e+00
32740	3	6.4341808448150487e+03	3.5559279259280943e+00
32750	3	6.4697680377121014e+03	3.5616117909391329e+00
32760	3	6.5054127545808478e+03	3.5670863049403230e+00
32770	3	6.5411105623928916e+03	3.5723546226446778e+00
32780	3	6.5768577295606337e+03	3.5774247449319292e+00
32790	3	6.6126572462292725e+03	3.5822962342501947e+00
32800	3	6.6485028717600117e+03	3.5869709297488437e+00
41240	3	6.6442768043925871e+03	-3.5128037542664656e+00
41250	3	6.6091803166716027e+03	-3.5063279050583565e+00
41260	3	6.5741504060683255e+03	-3.4996310073854273e+00
41270	3	6.5391888205554378e+03	-3.4927045319765253e+00
41280	3	6.5042946237658070e+03	-3.4855499378049073e+00
41290	3	6.4694780537310653e+03	-3.4781585604590335e+00
41300	3	6.4347359124293425e+03	-3.4705287653321077e+00
41310	3	6.4000691423911221e+03	-3.4626581054846119e+00
41320	3	6.3654823120396914e+03	-3.4545390103726192e+00
41330	3	6.3309787190286497e+03	-3.4461728681402675e+00
41340	3	6.2965591639311097e+03	-3.4375493088574425e+00
41350	3	6.2622282523389558e+03	-3.4286650238962237e+00
41360	3	6.2279872072437447e+03	-3.4195202369396869e+00
41370	3	6.1938392362452951e+03	-3.4101094570042383e+00
41380	3	6.1597871358212960e+03	-3.4004216994169982e+00
41390	3	6.1258318931075237e+03	-3.3904585298384275e+00
41400	3	6.0919782354741928e+03	-3.3802150357716783e+00
41410	3	6.0582277570281067e+03	-3.3696806201994356e+00
41420	3	6.0245866144015254e+03	-3.3588604925104555e+00
41430	3	5.9910526194364393e+03	-3.3477399465884594e+00
41440	3	5.9576323918310318e+03	-3.3363192364579803e+00
41450	3	5.9243272197245524e+03	-3.3245928000457932e+00
41460	3	5.8911418061431159e+03	-3.3125545507928011e+00
41470	3	5.8580784750317189e+03	-3.3001986483399253e+00
41480	3	5.8251376567463885e+03	-3.2875224501325819e+00
41490	3	5.7923281682171355e+03	-3.2745169915825754e+00
41500	3	5.7596495582733187e+03	-3.2611776375769361e+00
41510	3	5.7271051994079826e+03	-3.2475021889343698e+00
41520	3	5.6947019410265493e+03	-3.2334784677223012e+00
41530	3	5.6624358357078572e+03	-3.2191036610034249e+00
41540	3	5.6303186079712141e+03	-3.2043778406243955e+00
41550	3	5.5983505348881035e+03	-3.1892881765099226e+00
41560	3	5.5665345766834134e+03	-3.1738311955391838e+00
41570	3	5.5348748594408207e+03	-3.1579998721931855e+00
41580	3	5.5033753406763171e+03	-3.1417894487259224e+00
41590	3	5.4720414184590545e+03	-3.1251903588431258e+00
41600	3	5.4408732326170120e+03	-3.1082029753639384e+00
41610	3	5.4098770634138382e+03	-3.0908147953191345e+00
41620	3	5.3790600531301070e+03	-3.0730238594194543e+00
41630	3	5.3484196935983418e+03	-3.0548206979985713e+00
41640	3	5.3179648239317967e+03	-3.0361999122407464e+00
41650	3	5.2876961802114056e+03	-3.0171556840220362e+00
41660	3	5.2576235832570455e+03	-2.9976820224820728e+00
41670	3	5.2277449708200675e+03	-2.9777694255437925e+00
41680	3	5.1980659491395299e+03	-2.9574165057521413e+00
41690	3	5.1685959842798557e+03	-2.9366110030213517e+00
41700	3	5.1393376405420622e+03	-2.9153504918826609e+00
41710	3	5.1102916566421081e+03	-2.8936275692625952e+00
41720	3	5.0814659120166025e+03	-2.8714355449071332e+00
41730	3	5.0528657035935948e+03	-2.8487673239456361e+00
41740	3	5.0244939817772274e+03	-2.8256205645734251e+00
41750	3	4.9963542516381776e+03	-2.8019828699074170e+00
41760	3	4.9684544141544120e+03	-2.7778484845864662e+00
41770	3	4.9408007880988152e+03	-2.7532148712903957e+00
41780	3	4.9133916412192184e+03	-2.7280762570381101e+00
41790	3	4.8862382823107209e+03	-2.7024227609511642e+00
41800	3	4.8593443473625866e+03	-2.6762496124835393e+00
41810	3	4.8327147667266700e+03	-2.6495524395607544e+00
41820	3	4.8063557746585893e+03	-2.6223217180242044e+00
41830	3	4.7802699899919853e+03	-2.5945557822217276e+00
41840	3	4.7544645106191365e+03	-2.5662466183636727e+00
41850	3	4.7289464094994610e+03	-2.5373945376094640e+00
41860	3	4.7037207616129008e+03	-2.5079872205935487e+00
41870	3	4.6787909015500327e+03	-2.4780223412535167e+00
41880	3	4.6541629472752147e+03	-2.4474961948822833e+00
41890	3	4.6298440824530808e+03	-2.4164016795993546e+00
41900	3	4.6058344847396811e+03	-2.3847406343642672e+00
41910	3	4.5821502303366724e+03	-2.3525016775222016e+00
41920	3	4.5587875033902283e+03	-2.3196876989275328e+00
41930	3	4.5357565632438100e+03	-2.2862908949197140e+00
41940	3	4.5130630928601895e+03	-2.2523131976118873e+00
41950	3	4.4907136291330980e+03	-2.2177440377368041e+00
41960	3	4.4687112176521669e+03	-2.1825912268622729e+00
41970	3	4.4470610932688705e+03	-2.1468434742117548e+00
41980	3	4.4257766686556361e+03	-2.1105088394989027e+00
41990	3	4.4048555468768609e+03	-2.0735753908977927e+00
42000	3	4.3843058221460478e+03	-2.0360551579207815e+00
42010	3	4.3641346000832482e+03	-1.9979407516187579e+00
42020	3	4.3443484433896620e+03	-1.9592343842893607e+00
42030	3	4.3249516304848585e+03	-1.9199367057688645e+00
42040	3	4.3059523898327589e+03	-1.8800503134281450e+00
42050	3	4.2873534222933176e+03	-1.8395774928116371e+00
42060	3	4.2691625185532157e+03	-1.7985209489232221e+00
42070	3	4.2513855379120832e+03	-1.7568861138190095e+00
42080	3	4.2340267500668651e+03	-1.7146736063107682e+00
42090	3	4.2170920580392622e+03	-1.6718901682802616e+00
42100	3	4.2005905208059103e+03	-1.6285429127538475e+00
42110	3	4.1845242367245273e+03	-1.5846369016834978e+00
42120	3	4.1688985143028813e+03	-1.5401775740414347e+00
42130	3	4.1537238948537261e+03	-1.4951751179085446e+00
42140	3	4.1389963290177802e+03	-1.4496385394501741e+00
42150	3	4.1247324215079616e+03	-1.4035750520389629e+00
42160	3	4.1109284396055091e+03	-1.3569924793371280e+00
42170	3	4.0975934477428027e+03	-1.3099076452923883e+00
42180	3	4.0847328796778311e+03	-1.2623276873491429e+00
42190	3	4.0723485719733749e+03	-1.2142631271997455e+00
42200	3	4.0604482701657153e+03	-1.1657327228723322e+00
42210	3	4.0490348455060644e+03	-1.1167485035076536e+00
42220	3	4.0381161406030155e+03	-1.0673190498783760e+00
42230	3	4.0276917120700869e+03	-1.0174703181034503e+00
42240	3	4.0177676942809221e+03	-9.6720654659384686e-01
42250	3	4.0083484187501786e+03	-9.1655193714485306e-01
42260	3	3.9994379257829405e+03	-8.6552384759741352e-01
42270	3	3.9910392998072148e+03	-8.1413867509355320e-01
42280	3	3.9831559788668083e+03	-7.6241275639613648e-01
42290	3	3.9757920567886617e+03	-7.1036867700145989e-01
42300	3	3.9689485088459942e+03	-6.5802442090166713e-01
42310	3	3.9626318808516485e+03	-6.0540354701389743e-01
42320	3	3.9568425562459329e+03	-5.5252450486717475e-01
42330	3	3.9515814220525363e+03	-4.9940876170748350e-01
42340	3	3.9468545253756379e+03	-4.4608182500568172e-01
42350	3	3.9426609748437118e+03	-3.9256218767194712e-01
42360	3	3.9390051005321075e+03	-3.3887348116481453e-01
42370	3	3.9358846551341871e+03	-2.8504122831337531e-01
42380	3	3.9333045614343032e+03	-2.3108614276446768e-01
42390	3	3.9312634319194949e+03	-1.7703244176157212e-01
42400	3	3.9297640774596161e+03	-1.2290635940879341e-01
42410	3	3.9288047675867392e+03	-6.8730129975156040e-02
42420	3	3.9283886820610937e+03	-1.4527865915827760e-02
42430	3	3.9285136877553045e+03	3.9676754917268832e-02
42440	3	3.9291823867423313e+03	9.3856540519470802e-02
42450	3	3.9303943381141066e+03	1.4798794445819635e-01
42460	3	3.9321416124793855e+03	2.0204876398111724e-01
42470	3	3.9344318707138718e+03	2.5601303385048607e-01
42480	3	3.9372622510384958e+03	3.0985859431910195e-01
42490	3	3.9406270682755953e+03	3.6356174989572942e-01
42500	3	3.9445332149706387e+03	4.1710002332347568e-01
42510	3	3.9489691314223842e+03	4.7044705673443937e-01
42520	3	3.9539408699255882e+03	5.2358226510447670e-01
42530	3	3.9594411036957345e+03	5.7648231150800755e-01
42540	3	3.9654690365676570e+03	6.2912918109970095e-01
42550	3	3.9720217504664333e+03	6.8149676093300937e-01
42560	3	3.9790984631921447e+03	7.3356647709842748e-01
42570	3	3.9866938849024018e+03	7.8532177496996525e-01
42580	3	3.9948040179794771e+03	8.3673584578088722e-01
42590	3	4.0034276991568890e+03	8.8779558695892058e-01
42600	3	4.0125566215393897e+03	9.3848083792825743e-01
42610	3	4.0221946434159895e+03	9.8877587300854719e-01
42620	3	4.0323307902837482e+03	1.0386579250799011e+00
42630	3	4.0429665046049608e+03	1.0881189188232567e+00
42640	3	4.0540935862619945e+03	1.1371378297255130e+00
42650	3	4.0657068587928179e+03	1.1857022873289786e+00
42660	3	4.0778067968546916e+03	1.2337971088720039e+00
42670	3	4.0903814754847344e+03	1.2814102340645734e+00
42680	3	4.1034326738704149e+03	1.3285283508798242e+00
42690	3	4.1169504613628296e+03	1.3751387115102991e+00
42700	3	4.1309323499445291e+03	1.4212348042150653e+00
42710	3	4.1453729879084067e+03	1.4668011544627315e+00
42720	3	4.1602658879590890e+03	1.5118329177719929e+00
42730	3	4.1756100603170389e+03	1.5563183738978674e+00
42740	3	4.1913893864948659e+03	1.6002500512170996e+00
42750	3	4.2076103631364567e+03	1.6436205572985296e+00
42760	3	4.2242603769364641e+03	1.6864260846452985e+00
42770	3	4.2413369184656722e+03	1.7286582631191829e+00
42780	3	4.2588308093341684e+03	1.7703131489471577e+00
42790	3	4.2767431838508337e+03	1.8113850056204963e+00
42800	3	4.2950594036490447e+03	1.8518726897116364e+00
42810	3	4.3137770410835610e+03	1.8917706940775467e+00
42820	3	4.3328915053989740e+03	1.9310787946531462e+00
42830	3	4.3523963248264772e+03	1.9697911556426344e+00
42840	3	4.3722863632890267e+03	2.0079081027758812e+00
42850	3	4.3925518311181913e+03	2.0454324914587221e+00
42860	3	4.4131937288994595e+03	2.0823615933802841e+00
42870	3	4.4341990038502918e+03	2.1186927631983186e+00
42880	3	4.4555648755380817e+03	2.1544316143146700e+00
42890	3	4.4772864066982829e+03	2.1895776591329290e+00
42900	3	4.4993551233596236e+03	2.2241300343304160e+00
42910	3	4.5217660346367256e+03	2.2580922258292451e+00
42920	3	4.5445147052751436e+03	2.2914693395616692e+00
42930	3	4.5675936713140218e+03	2.3242596109888622e+00
42940	3	4.5909973156267915e+03	2.3564696918254171e+00
42950	3	4.6147224024388943e+03	2.3881040952845760e+00
42960	3	4.6387592972013072e+03	2.4191632976210680e+00
42970	3	4.6631027083595300e+03	2.4496496040487195e+00
42980	3	4.6877482118882681e+03	2.4795761266409264e+00
42990	3	4.7126911000136279e+03	2.5089370386086922e+00
43000	3	4.7379264075332603e+03	2.5377463450738018e+00
43010	3	4.7634450920995214e+03	2.5660042739001638e+00
43020	3	4.7892435791455700e+03	2.5937140540429162e+00
43030	3	4.8153179675892552e+03	2.6208859175951686e+00
43040	3	4.8416591296099441e+03	2.6475213318372641e+00
43050	3	4.8682668538217267e+03	2.6736292761028633e+00
43060	3	4.8951295844336091e+03	2.6992142675251078e+00
43070	3	4.9222466531688960e+03	2.7242856709896119e+00
43080	3	4.9496149606169683e+03	2.7488427386461654e+00
43090	3	4.9772233058911106e+03	2.7728982553445856e+00
43100	3	5.0050729837319686e+03	2.7964534653504929e+00
43110	3	5.0331530874322325e+03	2.8195166129359337e+00
43120	3	5.0614595776559145e+03	2.8420977273314771e+00
43130	3	5.0899910906906734e+03	2.8641976613926525e+00
43140	3	5.1187423450929891e+03	2.8858252791362413e+00
43150	3	5.1477066947769235e+03	2.9069865496456893e+00
43160	3	5.1768821651655926e+03	2.9276889773019281e+00
43170	3	5.2062589599485163e+03	2.9479414909571706e+00
43180	3	5.2358393068177011e+03	2.9677452033927638e+00
43190	3	5.2656139669186705e+03	2.9871108293232784e+00
43200	3	5.2955813489186712e+03	3.0060408650531945e+00
43210	3	5.3257317212268526e+03	3.0245439881298606e+00
43220	3	5.3560678343166583e+03	3.0426266751343736e+00
43230	3	5.3865849614651543e+03	3.0602980940633993e+00
43240	3	5.4172721845440492e+03	3.0775633487163208e+00
43250	3	5.4481313622025127e+03	3.0944234986196872e+00
43260	3	5.4791601566843110e+03	3.1108903742997023e+00
43270	3	5.5103501825757230e+03	3.1269698914306279e+00
43280	3	5.5416977966977320e+03	3.1426631958590212e+00
43290	3	5.5732013578417273e+03	3.1579831359495665e+00
43300	3	5.6048552334215956e+03	3.1729317567198843e+00
43310	3	5.6366608735811433e+03	3.1875191502227875e+00
43320	3	5.6686059604823367e+03	3.2017464401363518e+00
43330	3	5.7006923196654316e+03	3.2156199290129743e+00
43340	3	5.7329173815243748e+03	3.2291449273929125e+00
43350	3	5.7652754917179891e+03	3.2423334515745066e+00
43360	3	5.7977614692888937e+03	3.2551832733664479e+00
43370	3	5.8303774592653072e+03	3.2677051274032682e+00
43380	3	5.8631150529960514e+03	3.2799011603063084e+00
43390	3	5.8959758556480056e+03	3.2917804057919642e+00
43400	3	5.9289502385061305e+03	3.3033427059181251e+00
43410	3	5.9620389242709898e+03	3.3145997684083777e+00
43420	3	5.9952409435535346e+03	3.3255534157159454e+00
43430	3	6.0285505382103920e+03	3.3362048888982390e+00
43440	3	6.0619662960589649e+03	3.3465681882537486e+00
43450	3	6.0954805051265384e+03	3.3566380713253339e+00
43460	3	6.1290966112332244e+03	3.3664271441468783e+00
43470	3	6.1628093068122143e+03	3.3759395206475129e+00
43480	3	6.1966144091273000e+03	3.3851744538939279e+00
43490	3	6.2305098345884617e+03	3.3941431837703826e+00
43500	3	6.2644956843972132e+03	3.4028436263988069e+00
43510	3	6.2985660379146093e+03	3.4112850153672869e+00
43520	3	6.3327213777939451e+03	3.4194678087912549e+00
43530	3	6.3669567705277759e+03	3.4274007844707590e+00
43540	3	6.4012678523520253e+03	3.4350884135442952e+00
43550	3	6.4356572000389815e+03	3.4425280985360946e+00
43560	3	6.4701169291903161e+03	3.4497274630091375e+00
43570	3	6.5046500985503208e+03	3.4566932245230841e+00
43580	3	6.5392505710129590e+03	3.4634269541823444e+00
43590	3	6.5739193817849318e+03	3.4699343004905185e+00
43600	3	6.6086489840040485e+03	3.4762188175427413e+00
43610	3	6.6434421064139742e+03	3.4822753176241412e+00
52480	3	6.6600366774914528e+03	-1.6417385408192111e+00
52490	3	6.6437278242862203e+03	-1.6196481254246866e+00
52500	3	6.6276448757067228e+03	-1.5973526499290851e+00
52510	3	6.6117823765846642e+03	-1.5748582569313609e+00
52520	3	6.5961494004752558e+03	-1.5521610757873943e+00
52530	3	6.5807408077389982e+03	-1.5292654530829437e+00
52540	3	6.5655636218072377e+03	-1.5061730095403547e+00
52550	3	6.5506171353758436e+03	-1.4828862248348769e+00
52560	3	6.5359068141253683e+03	-1.4594067273376179e+00
52570	3	6.5214304901715741e+03	-1.4357352051188836e+00
52580	3	6.5071924507741151e+03	-1.4118736380673502e+00
52590	3	6.4931932890824974e+03	-1.3878209719968744e+00
52600	3	6.4794370629008754e+03	-1.3635849537285203e+00
52610	3	6.4659200748229532e+03	-1.3391656217127212e+00
52620	3	6.4526538865480652e+03	-1.3145634332363054e+00
52630	3	6.4396328931675489e+03	-1.2897819776575137e+00
52640	3	6.4268584765289261e+03	-1.2648248364959664e+00
52650	3	6.4143365216719967e+03	-1.2396924536129006e+00
52660	3	6.4020648086536339e+03	-1.2143880543538528e+00
52670	3	6.3900489252339839e+03	-1.1889153371790877e+00
52680	3	6.3782870804333043e+03	-1.1632741869089185e+00
52690	3	6.3667849323115006e+03	-1.1374728434842214e+00
52700	3	6.3555392090181813e+03	-1.1115096897093790e+00
52710	3	6.3445554833657516e+03	-1.0853880690604301e+00
52720	3	6.3338314070671422e+03	-1.0591164934839377e+00
52730	3	6.3233722279047079e+03	-1.0326915212424184e+00
52740	3	6.3131784274074653e+03	-1.0061202026369183e+00
52750	3	6.3032518357040453e+03	-9.7940207525822820e-01
52760	3	6.2935881394282160e+03	-9.5254621874079537e-01
52770	3	6.2841982511535844e+03	-9.2555281971411907e-01
52780	3	6.2750811985371765e+03	-8.9842460126406043e-01
52790	3	6.2662337478611662e+03	-8.7117046224698524e-01
52800	3	6.2576567647219072e+03	-8.4379000434035223e-01
52810	3	6.2493578661084930e+03	-8.1628255828322449e-01
52820	3	6.2413338479812392e+03	-7.8866221447405582e-01
52830	3	6.2335838100219662e+03	-7.6092880587302092e-01
52840	3	6.2261129972641747e+03	-7.3308805592433457e-01
52850	3	6.2189217684536479e+03	-7.0513842780505931e-01
52860	3	6.2120107704881211e+03	-6.7708694586242080e-01
52870	3	6.2053815787957046e+03	-6.4894343134508858e-01
52880	3	6.1990322753817500e+03	-6.2070826498826059e-01
52890	3	6.1929689563448865e+03	-5.9238421212389891e-01
52900	3	6.1871847083914436e+03	-5.6397753313633003e-01
52910	3	6.1816869198746863e+03	-5.3549306226095683e-01
52920	3	6.1764759822309443e+03	-5.0693610801569844e-01
52930	3	6.1715493976100079e+03	-4.7830704122604267e-01
52940	3	6.1669099323855935e+03	-4.4961834710921778e-01
52950	3	6.1625548784835546e+03	-4.2087045564523967e-01
52960	3	6.1584920829152543e+03	-3.9206696779663203e-01
52970	3	6.1547139316544071e+03	-3.6321819934230526e-01
52980	3	6.1512282187694163e+03	-3.3432204421165224e-01
52990	3	6.1480302170043888e+03	-3.0538793370648132e-01
53000	3	6.1451215643444402e+03	-2.7642130888129529e-01
53010	3	6.1425018977110440e+03	-2.4742280659771021e-01
53020	3	6.1401724780940913e+03	-2.1840336537600002e-01
53030	3	6.1381339189003129e+03	-1.8936305226001254e-01
53040	3	6.1363846959433758e+03	-1.6031139915666601e-01
53050	3	6.1349268909755447e+03	-1.3125220913980074e-01
53060	3	6.1337607509707905e+03	-1.0218667666838414e-01
53070	3	6.1328842478095767e+03	-7.3125527327091586e-02
53080	3	6.1322967016734819e+03	-4.4071642777860666e-02
53090	3	6.1319998704845020e+03	-1.5029976785348653e-02
53100	3	6.1319942008421785e+03	1.3992839637938233e-02
53110	3	6.1322798332921884e+03	4.2993061212249918e-02
53120	3	6.1328552934062054e+03	7.1968591024435022e-02
53130	3	6.1337211513051680e+03	1.0090915888470808e-01
53140	3	6.1348735561682834e+03	1.2981149584776455e-01
53150	3	6.1363166846631866e+03	1.5866841515274657e-01
53160	3	6.1380479299092658e+03	1.8747957150589051e-01
53170	3	6.1400648093328718e+03	2.1623834193038613e-01
53180	3	6.1423712667289365e+03	2.4493734955842239e-01
53190	3	6.1449639675976423e+03	2.7357329296689903e-01
53200	3	6.1478425365823205e+03	3.0213922198442839e-01
53210	3	6.1510068359537854e+03	3.3063554908366344e-01
53220	3	6.1544565602139537e+03	3.5905188068310201e-01
53230	3	6.1581875219769654e+03	3.8738635794741766e-01
53240	3	6.1622038889013083e+03	4.1562998217923108e-01
53250	3	6.1665007120690798e+03	4.4378635721565907e-01
53260	3	6.1710788097605109e+03	4.7184703153413388e-01
53270	3	6.1759379194518206e+03	4.9980370411926839e-01
53280	3	6.1810764577622667e+03	5.2765240189981755e-01
53290	3	6.1864911267289699e+03	5.5539484033484776e-01
53300	3	6.1921802639901034e+03	5.8302037525141837e-01
53310	3	6.1981502486765839e+03	6.1053148828760451e-01
53320	3	6.2043908178223364e+03	6.3791695346091704e-01
53330	3	6.2109056264968604e+03	6.6517526627755463e-01
53340	3	6.2176939368100730e+03	6.9230304584733449e-01
53350	3	6.2247510844282324e+03	7.1929617607094309e-01
53360	3	6.2320794944241952e+03	7.4614964186039689e-01
53370	3	6.2396771736147211e+03	7.7286184736642938e-01
53380	3	6.2475369270589053e+03	7.9942940318605749e-01
53390	3	6.2556665789386088e+03	8.2584497306477156e-01
53400	3	6.2640541783204453e+03	8.5210836510416499e-01
53410	3	6.2727065247959454e+03	8.7821350638858697e-01
53420	3	6.2816173676613107e+03	9.0415848240533003e-01
53430	3	6.2907878691403539e+03	9.2994057865605850e-01
53440	3	6.3002149932927159e+03	9.5555532246373698e-01
53450	3	6.3098988779309657e+03	9.8100227849279820e-01
53460	3	6.3198337766760460e+03	1.0062764409218903e+00
53470	3	6.3300228144523453e+03	1.0313745631342506e+00
53480	3	6.3404610947514311e+03	1.0562932387321124e+00
53490	3	6.3511491311721711e+03	1.0810335003169063e+00
53500	3	6.3620837554603941e+03	1.1055891008206662e+00
53510	3	6.3732623047353354e+03	1.1299604599193451e+00
53520	3	6.3846790587473261e+03	1.1541416577750694e+00
53530	3	6.3963426932821376e+03	1.1781321824860631e+00
53540	3	6.4082421721341561e+03	1.2019298643598879e+00
53550	3	6.4203792333157580e+03	1.2255331496519863e+00
53560	3	6.4327529562341715e+03	1.2489382152155362e+00
53570	3	6.4453579895226485e+03	1.2721493008778675e+00
53580	3	6.4581951937241874e+03	1.2951537274480027e+00
53590	3	6.4712616493355345e+03	1.3179565668356310e+00
53600	3	6.4845527080267257e+03	1.3405589513497580e+00
53610	3	6.4980712294459618e+03	1.3629545724309637e+00
53620	3	6.5118103329093401e+03	1.3851407187998706e+00
53630	3	6.5257731359279542e+03	1.4071204714619885e+00
53640	3	6.5399547378165817e+03	1.4288902569540793e+00
53650	3	6.5543488735709097e+03	1.4504487275127094e+00
53660	3	6.5689624059946891e+03	1.4717962165136864e+00
53670	3	6.5837844588743810e+03	1.4929269539625543e+00
53680	3	6.5988200899255171e+03	1.5138490553944866e+00
53690	3	6.6140616005001593e+03	1.5345537456468676e+00
53700	3	6.6295099192109046e+03	1.5550416543776311e+00
53710	3	6.6451605477551793e+03	1.5753126473642363e+00
53720	3	6.6610148346750320e+03	1.5953678196529781e+00
53730	3	6.6770686143589537e+03	1.6152064812735036e+00
68540	2	6.6411241058082369e+03	-3.1066763068679548e+00
68550	2	6.6101078905000550e+03	-3.0967157422303311e+00
68560	2	6.5791895272262282e+03	-3.0864971725626922e+00
68570	2	6.5483768539751309e+03	-3.0760174824082585e+00
68580	2	6.5176679311066337e+03	-3.0652728832986149e+00
68590	2	6.4870734960197778e+03	-3.0542589910439131e+00
68600	2	6.4565849825778714e+03	-3.0429733739352613e+00
68610	2	6.4262138476217979e+03	-3.0314110028676584e+00
68620	2	6.3959581296593387e+03	-3.0195678032203732e+00
68630	2	6.3658233912682290e+03	-3.0074407764269484e+00
68640	2	6.3358103767462408e+03	-2.9950279870483780e+00
68650	2	6.3059236020488606e+03	-2.9823204668984644e+00
68660	2	6.2761639406870972e+03	-2.9693201336203727e+00
68670	2	6.2465381669841736e+03	-2.9560214522657873e+00
68680	2	6.2170440813070873e+03	-2.9424192913897946e+00
68690	2	6.1876905515463641e+03	-2.9285113991144280e+00
68700	2	6.1584765768789593e+03	-2.9142928730408229e+00
68710	2	6.1294056217410571e+03	-2.8997563862281024e+00
68720	2	6.1004826710271345e+03	-2.8849033395271779e+00
68730	2	6.0717098218783594e+03	-2.8697248839777765e+00
68740	2	6.0430873280487385e+03	-2.8542209686091957e+00
68750	2	6.0146241326201680e+03	-2.8383885112696086e+00
68760	2	5.9863216421969719e+03	-2.8222206739308322e+00
68770	2	5.9581827397053294e+03	-2.8057139687169372e+00
68780	2	5.9302094903028737e+03	-2.7888634290754184e+00
68790	2	5.9024058539227299e+03	-2.7716653222497794e+00
68800	2	5.8747775734280194e+03	-2.7541184167018709e+00
68810	2	5.8473271031765044e+03	-2.7362141115670995e+00
68820	2	5.8200527907678570e+03	-2.7179557383633637e+00
68830	2	5.7929662903206081e+03	-2.6993337800737907e+00
68840	2	5.7660666403292598e+03	-2.6803405735642007e+00
68850	2	5.7393616902896702e+03	-2.6609809118851731e+00
68860	2	5.7128509144527534e+03	-2.6412442146014290e+00
68870	2	5.6865375501443259e+03	-2.6211313385375594e+00
68880	2	5.6604298526868479e+03	-2.6006348413154128e+00
68890	2	5.6345262482413173e+03	-2.5797575146031915e+00
68900	2	5.6088351906487605e+03	-2.5584853283389148e+00
68910	2	5.5833590878057939e+03	-2.5368224143840612e+00
68920	2	5.5581003938964768e+03	-2.5147654595540629e+00
68930	2	5.5330644386944241e+03	-2.4923044513757064e+00
68940	2	5.5082564653468671e+03	-2.4694416212980212e+00
68950	2	5.4836756861663362e+03	-2.4461757049036374e+00
68960	2	5.4593324207220685e+03	-2.4224975316870796e+00
68970	2	5.4352282999267463e+03	-2.3984086272088048e+00
68980	2	5.4113657366981834e+03	-2.3739052593857806e+00
68990	2	5.3877507588341987e+03	-2.3489799895040537e+00
69000	2	5.3643886052105163e+03	-2.3236371441515389e+00
69010	2	5.3412794928120602e+03	-2.2978697976859244e+00
69020	2	5.3184323090785156e+03	-2.2716762073737731e+00
69030	2	5.2958477091824943e+03	-2.2450553570577605e+00
69040	2	5.2735317882011568e+03	-2.2180074618555681e+00
69050	2	5.2514896727842461e+03	-2.1905222133375424e+00
69060	2	5.2297234827990433e+03	-2.1626079097778290e+00
69070	2	5.2082365187455716e+03	-2.1342588918862635e+00
69080	2	5.1870391322555188e+03	-2.1054717899080013e+00
69090	2	5.1661294146931850e+03	-2.0762508561724813e+00
69100	2	5.1455160442095430e+03	-2.0465892256084426e+00
69110	2	5.1251994513026611e+03	-2.0164894927566888e+00
69120	2	5.1051875731017108e+03	-1.9859532276177585e+00
69130	2	5.0854838276183655e+03	-1.9549769782993225e+00
69140	2	5.0660912161582228e+03	-1.9235630740352820e+00
69150	2	5.0470135884944993e+03	-1.8917094795708216e+00
69160	2	5.0282551775324127e+03	-1.8594205415556144e+00
69170	2	5.0098273046977120e+03	-1.8266949313942975e+00
69180	2	4.9917254039450318e+03	-1.7935329227580794e+00
69190	2	4.9739568408200448e+03	-1.7599411685264994e+00
69200	2	4.9565293621575738e+03	-1.7259184526836180e+00
69210	2	4.9394391972839721e+03	-1.6914651941143009e+00
69220	2	4.9227008316071879e+03	-1.6565896761184209e+00
69230	2	4.9063082061365276e+03	-1.6212889998040969e+00
69240	2	4.8902742944752117e+03	-1.5855680618318857e+00
69250	2	4.8745981755886760e+03	-1.5494333009822150e+00
69260	2	4.8592879781714473e+03	-1.5128864013239296e+00
69270	2	4.8443433478542929e+03	-1.4759320841566066e+00
69280	2	4.8297694443578484e+03	-1.4385778570265122e+00
69290	2	4.8155713345373742e+03	-1.4008288781642426e+00
69300	2	4.8017521597806117e+03	-1.3626855478885549e+00
69310	2	4.7883193661075829e+03	-1.3241569600326075e+00
69320	2	4.7752715073458421e+03	-1.2852551230594575e+00
69330	2	4.7626171311675917e+03	-1.2459815555842439e+00
69340	2	4.7503556568614449e+03	-1.2063415355487024e+00
69350	2	4.7384888676221917e+03	-1.1663450535605617e+00
69360	2	4.7270271148786815e+03	-1.1259996020853575e+00
69370	2	4.7159715157723376e+03	-1.0853179315421031e+00
69380	2	4.7053245650400995e+03	-1.0443035191191774e+00
69390	2	4.6950882437738574e+03	-1.0029691394317006e+00
69400	2	4.6852667481097951e+03	-9.6132305631281756e-01
69410	2	4.6758611479018937e+03	-9.1937327713041905e-01
69420	2	4.6668780956721330e+03	-8.7713735079566935e-01
69430	2	4.6583187272344103e+03	-8.3461818562234880e-01
69440	2	4.6501878646959149e+03	-7.9182905562894967e-01
69450	2	4.6424848090455253e+03	-7.4878224951378469e-01
69460	2	4.6352109382746139e+03	-7.0549084578406562e-01
69470	2	4.6283748421068003e+03	-6.6196940422515804e-01
69480	2	4.6219733254620023e+03	-6.1822130330440916e-01
69490	2	4.6160118403736278e+03	-5.7426907088823909e-01
69500	2	4.6104902858551795e+03	-5.3011993029926496e-01
69510	2	4.6054106508918567e+03	-4.8579133700332910e-01
69520	2	4.6007744023697260e+03	-4.4129149902036180e-01
69530	2	4.5965837248043335e+03	-3.9663955678280549e-01
69540	2	4.5928411310839265e+03	-3.5184691520530503e-01
69550	2	4.5895464658827677e+03	-3.0692634624637122e-01
69560	2	4.5867045883000301e+03	-2.6189691930003922e-01
69570	2	4.5843091025337999e+03	-2.1677106207070146e-01
69580	2	4.5823663177993640e+03	-1.7156431316370069e-01
69590	2	4.5808781356626723e+03	-1.2628868111505240e-01
69600	2	4.5798441413720175e+03	-8.0959294347335120e-02
69610	2	4.5792601477530607e+03	-3.5596525669968106e-02
69620	2	4.5791305060208069e+03	9.7924531447367361e-03
69630	2	4.5794559735261137e+03	5.5185873872310179e-02
69640	2	4.5802349669281230e+03	1.0057296791664486e-01
69650	2	4.5814675816617082e+03	1.4593411302481279e-01
69660	2	4.5831529769727713e+03	1.9125956595392099e-01
69670	2	4.5852944455039151e+03	2.3652909071613354e-01
69680	2	4.5878846058994177e+03	2.8173388656473214e-01
69690	2	4.5909240838786691e+03	3.2685350005598973e-01
69700	2	4.5944193454522347e+03	3.7187421171015911e-01
69710	2	4.5983636734968704e+03	4.1678575049341465e-01
69720	2	4.6027560910673719e+03	4.6156944856596910e-01
69730	2	4.6075943388041724e+03	5.0621107657116338e-01
69740	2	4.6128792713824660e+03	5.5070066776861870e-01
69750	2	4.6186077337496135e+03	5.9501856733272029e-01
69760	2	4.6247777789214915e+03	6.3915478107333512e-01
69770	2	4.6313926706375514e+03	6.8309846622621440e-01
69780	2	4.6384401820324256e+03	7.2683185191220956e-01
69790	2	4.6459287862635329e+03	7.7034523076746608e-01
69800	2	4.6538456301594906e+03	8.1362431055948325e-01
69810	2	4.6621979043559513e+03	8.5666126405868037e-01
69820	2	4.6709775645261170e+03	8.9943669084028766e-01
69830	2	4.6801851731278239e+03	9.4194719403006444e-01
69840	2	4.6898177906383462e+03	9.8417691569089283e-01
69850	2	4.6998693613829337e+03	1.0261175866308452e+00
69860	2	4.7103373522955690e+03	1.0677555937169729e+00
69870	2	4.7212228530684151e+03	1.1090862808201414e+00
69880	2	4.7325184381677454e+03	1.1500963359754455e+00
69890	2	4.7442243414105315e+03	1.1907758576642360e+00
69900	2	4.7563325056665062e+03	1.2311187071001475e+00
69910	2	4.7688462998432506e+03	1.2711166606028188e+00
69920	2	4.7817528706343437e+03	1.3107592641539978e+00
69930	2	4.7950590190521216e+03	1.3500429642253327e+00
69940	2	4.8087525021816919e+03	1.3889543102704294e+00
69950	2	4.8228358358380956e+03	1.4274898684501569e+00
69960	2	4.8373015059768622e+03	1.4656486879418515e+00
69970	2	4.8521497773135598e+03	1.5034170815954944e+00
69980	2	4.8673694352262628e+03	1.5407905364560743e+00
69990	2	4.8829630570912104e+03	1.5777677990610641e+00
70000	2	4.8989221793393435e+03	1.6143429382066972e+00
70010	2	4.9152472538244447e+03	1.6505072462130559e+00
70020	2	4.9319327607968398e+03	1.6862621605483088e+00
70030	2	4.9489719817986652e+03	1.7216021932236187e+00
70040	2	4.9663637199010655e+03	1.7565214643911393e+00
70050	2	4.9841022921608519e+03	1.7910220056381920e+00
70060	2	5.0021811639829930e+03	1.8250967265995910e+00
70070	2	5.0206006805797379e+03	1.8587471399272968e+00
70080	2	5.0393560203035868e+03	1.8919661090395985e+00
70090	2	5.0584394101455364e+03	1.9247553742488297e+00
70100	2	5.0778492580183165e+03	1.9571159368822446e+00
70110	2	5.0975795033743325e+03	1.9890413477142486e+00
70120	2	5.1176276875396570e+03	2.0205367029678167e+00
70130	2	5.1379901014741154e+03	2.0515944868946425e+00
70140	2	5.1586606697700172e+03	2.0822238824713573e+00
70150	2	5.1796323191590036e+03	2.1124165822563663e+00
70160	2	5.2009070982368094e+03	2.1421769853202899e+00
70170	2	5.2224761237010935e+03	2.1715036492361679e+00
70180	2	5.2443357076589373e+03	2.2004008144876028e+00
70190	2	5.2664828393481239e+03	2.2288653773199272e+00
70200	2	5.2889108742437656e+03	2.2569017927516248e+00
70210	2	5.3116163125552430e+03	2.2845089528911484e+00
70220	2	5.3345984625652445e+03	2.3116922945414049e+00
70230	2	5.3578501866307188e+03	2.3384490340136237e+00
70240	2	5.3813654060261679e+03	2.3647851235107447e+00
70250	2	5.4051441002500105e+03	2.3907001562831955e+00
70260	2	5.4291807258198151e+03	2.4161957669070886e+00
70270	2	5.4534663922052177e+03	2.4412774453859623e+00
70280	2	5.4780038524668244e+03	2.4659470496260156e+00
70290	2	5.5027850503005029e+03	2.4902065825014699e+00
70300	2	5.5278082913079361e+03	2.5140588739201557e+00
70310	2	5.5530643731056534e+03	2.5375075701943151e+00
70320	2	5.5785559260726159e+03	2.5605558979760330e+00
70330	2	5.6042731889403703e+03	2.5832051123765249e+00
70340	2	5.6302172061105593e+03	2.6054623138233621e+00
70350	2	5.6563826693044866e+03	2.6273261816359552e+00
70360	2	5.6827638306325925e+03	2.6488039640407601e+00
70370	2	5.7093566441710673e+03	2.6698962346248054e+00
70380	2	5.7361602258330104e+03	2.6906089888388993e+00
70390	2	5.7631673522098190e+03	2.7109447075265991e+00
70400	2	5.7903781632060009e+03	2.7309059037872436e+00
70410	2	5.8177842293708891e+03	2.7504995851610912e+00
70420	2	5.8453866300504787e+03	2.7697281104050058e+00
70430	2	5.8731786456661403e+03	2.7885942373327821e+00
70440	2	5.9011585099516478e+03	2.8071036186839451e+00
70450	2	5.9293180614980347e+03	2.8252569081486119e+00
70460	2	5.9576612685071968e+03	2.8430605071266903e+00
70470	2	5.9861775211600925e+03	2.8605201409387195e+00
70480	2	6.0148704347063913e+03	2.8776360783657089e+00
70490	2	6.0437316178610527e+03	2.8944160555354665e+00
70500	2	6.0727563947311028e+03	2.9108583844013860e+00
70510	2	6.1019466645458569e+03	2.9269706178687835e+00
70520	2	6.1312970015672036e+03	2.9427576905880444e+00
70530	2	6.1608025831171062e+03	2.9582204482489192e+00
70540	2	6.1904591291281995e+03	2.9733644327111559e+00
70550	2	6.2202686910237035e+03	2.9881981238259883e+00
70560	2	6.2502218754631576e+03	3.0027171834256619e+00
70570	2	6.2803196510860998e+03	3.0169318174518938e+00
70580	2	6.3105595248029649e+03	3.0308413726702739e+00
70590	2	6.3409345914154901e+03	3.0444521828704145e+00
70600	2	6.3714468424550550e+03	3.0577666032852018e+00
70610	2	6.4020900772198611e+03	3.0707918802216416e+00
70620	2	6.4328639052049884e+03	3.0835268653120824e+00
70630	2	6.4637605173292841e+03	3.0959797345837576e+00
70640	2	6.4947832248416780e+03	3.1081512571811367e+00
70650	2	6.5259228450272612e+03	3.1200468364082621e+00
70660	2	6.5571815569654736e+03	3.1316710254238465e+00
70670	2	6.5885546545324278e+03	3.1430212970290183e+00
70680	2	6.6200398566261429e+03	3.1541079701484480e+00
70690	2	6.6516363417818911e+03	3.1649343274187580e+00
73280	1	6.6763859118064966e+03	-3.0997033725767600e+00
73290	1	6.6454337439318642e+03	-3.0902369658533373e+00
73300	1	6.6145783023463764e+03	-3.0805200788544602e+00
73310	1	6.5838251803034509e+03	-3.0705524728040072e+00
73320	1	6.5531710009629705e+03	-3.0603276379367568e+00
73330	1	6.5226211996247512e+03	-3.0498443369793824e+00
73340	1	6.4921744984520537e+03	-3.0390957578940712e+00
73350	1	6.4618387427482976e+03	-3.0280799761368447e+00
73360	1	6.4316147094988219e+03	-3.0167951376318323e+00
73370	1	6.4015030284782861e+03	-3.0052367563576357e+00
73380	1	6.3715092206160161e+03	-2.9933996614861722e+00
73390	1	6.3416363687153280e+03	-2.9812782644036702e+00
73400	1	6.3118837961306817e+03	-2.9688763532041196e+00
73410	1	6.2822605337867781e+03	-2.9561844006193132e+00
73420	1	6.2527618376903383e+03	-2.9431984388795454e+00
73430	1	6.2233955016767013e+03	-2.9299154317753304e+00
73440	1	6.1941656219249444e+03	-2.9163313554190142e+00
73450	1	6.1650718951059316e+03	-2.9024457758028923e+00
73460	1	6.1361174457573979e+03	-2.8882498918166970e+00
73470	1	6.1073079868094119e+03	-2.8737407875130856e+00
73480	1	6.0786446384854553e+03	-2.8589178000580575e+00
73490	1	6.0501308272483329e+03	-2.8437757790855693e+00
73500	1	6.0217692504213346e+03	-2.8283087580677266e+00
73510	1	5.9935653471777405e+03	-2.8125112686560505e+00
73520	1	5.9655197617603981e+03	-2.7963854204285798e+00
73530	1	5.9376400024966169e+03	-2.7799226531574677e+00
73540	1	5.9099222753913282e+03	-2.7631213771141563e+00
73550	1	5.8823760856671051e+03	-2.7459764989970576e+00
73560	1	5.8550040509877126e+03	-2.7284810207478833e+00
73570	1	5.8278081128721406e+03	-2.7106335582500556e+00
73580	1	5.8007918834840148e+03	-2.6924349603512208e+00
73590	1	5.7739600377981524e+03	-2.6738755928483218e+00
73600	1	5.7473186062706063e+03	-2.6549523054262969e+00
73610	1	5.7208635654768104e+03	-2.6356616017792502e+00
73620	1	5.6946039427048427e+03	-2.6160027954050311e+00
73630	1	5.6685457733222165e+03	-2.5959697653562905e+00
73640	1	5.6426858210064593e+03	-2.5755554304238557e+00
73650	1	5.6170364188057792e+03	-2.5547592655661924e+00
73660	1	5.5915925640653486e+03	-2.5335795079561931e+00
73670	1	5.5663637939992050e+03	-2.5120114473488386e+00
73680	1	5.5413552302265471e+03	-2.4900517767209713e+00
73690	1	5.5165642778766942e+03	-2.4676962497433665e+00
73700	1	5.4920013194295752e+03	-2.4449429751428799e+00
73710	1	5.4676680645991946e+03	-2.4217848191166644e+00
73720	1	5.4435672406176191e+03	-2.3982250068466873e+00
73730	1	5.4197035735969603e+03	-2.3742546299101290e+00
73740	1	5.3960811109818824e+03	-2.3498766632364840e+00
73750	1	5.3727073022601744e+03	-2.3250822367608603e+00
73760	1	5.3495836432911528e+03	-2.2998717563908948e+00
73770	1	5.3267130946451971e+03	-2.2742458681136348e+00
73780	1	5.3040996972663124e+03	-2.2481970841873844e+00
73790	1	5.2817504048662377e+03	-2.2217267716236111e+00
73800	1	5.2596666563249391e+03	-2.1948316818230276e+00
73810	1	5.2378557265500649e+03	-2.1675091510700368e+00
73820	1	5.2163190712759324e+03	-2.1397600739934015e+00
73830	1	5.1950599304610259e+03	-2.1115798153500180e+00
73840	1	5.1740874190935110e+03	-2.0829713910995791e+00
73850	1	5.1534031390835171e+03	-2.0539303404534204e+00
73860	1	5.1330115321271605e+03	-2.0244566316900805e+00
73870	1	5.1129150039054166e+03	-1.9945492310566957e+00
73880	1	5.0931201732305472e+03	-1.9642108284531306e+00
73890	1	5.0736320433173514e+03	-1.9334386369589041e+00
73900	1	5.0544520062475203e+03	-1.9022330200398683e+00
73910	1	5.0355882771937913e+03	-1.8705991665136987e+00
73920	1	5.0170419406542633e+03	-1.8385317853210628e+00
73930	1	4.9988198003603648e+03	-1.8060327699915042e+00
73940	1	4.9809233123336599e+03	-1.7731075930515225e+00
73950	1	4.9633600385316749e+03	-1.7397537586354577e+00
73960	1	4.9461300819881744e+03	-1.7059757823415014e+00
73970	1	4.9292396368697646e+03	-1.6717754978730341e+00
73980	1	4.9126961968618834e+03	-1.6371566347842454e+00
73990	1	4.8964980331623592e+03	-1.6021182076023934e+00
74000	1	4.8806549385362696e+03	-1.5666708600000772e+00
74010	1	4.8651694236238818e+03	-1.5308134912924078e+00
74020	1	4.8500394045422954e+03	-1.4945487494411831e+00
74030	1	4.8352775532136548e+03	-1.4578828687328729e+00
74040	1	4.8208846339136107e+03	-1.4208221160150136e+00
74050	1	4.8068611672886909e+03	-1.3833733458596746e+00
74060	1	4.7932185646466842e+03	-1.3455360224110118e+00
74070	1	4.7799522883524432e+03	-1.3073237254491465e+00
74080	1	4.7670729061765824e+03	-1.2687383250056841e+00
74090	1	4.7545786173686292e+03	-1.2297853657149342e+00
74100	1	4.7424792703952735e+03	-1.1904772299771289e+00
74110	1	4.7307719752991834e+03	-1.1508181201970493e+00
74120	1	4.7194616570567869e+03	-1.1108174093102714e+00
74130	1	4.7085574346543744e+03	-1.0704773437585140e+00
74140	1	4.6980535858702888e+03	-1.0298159038265426e+00
74150	1	4.6879611360918898e+03	-9.8883977377288768e-01
74160	1	4.6782782886637942e+03	-9.4755586895186428e-01
74170	1	4.6690102195317868e+03	-9.0597626446626034e-01
74180	1	4.6601616152164688e+03	-8.6410803371421241e-01
74190	1	4.6517274606002293e+03	-8.2196539315154860e-01
74200	1	4.6437196524917645e+03	-7.7955699898185871e-01
74210	1	4.6361394969305857e+03	-7.3689800814928819e-01
74220	1	4.6289818544058389e+03	-6.9399421605730482e-01
74230	1	4.6222603452178910e+03	-6.5086597652465517e-01
74240	1	4.6159687423478917e+03	-6.0751826151329347e-01
74250	1	4.6101083757153592e+03	-5.6396470006588251e-01
74260	1	4.6046887527045938e+03	-5.2021989007689728e-01
74270	1	4.5997054570163918e+03	-4.7629701957734699e-01
74280	1	4.5951643248339124e+03	-4.3220899976044858e-01
74290	1	4.5910617444033896e+03	-3.8796921287280001e-01
74300	1	4.5874052621667643e+03	-3.4359186625191968e-01
74310	1	4.5841901767323279e+03	-2.9909192943707585e-01
74320	1	4.5814240686531812e+03	-2.5448237589312012e-01
74330	1	4.5791020046628328e+03	-2.0977581287503350e-01
74340	1	4.5772265556879811e+03	-1.6498876096302958e-01
74350	1	4.5758009025876045e+03	-1.2013571743932512e-01
74360	1	4.5748252115546748e+03	-7.5234688141394945e-02
74370	1	4.5742955066274544e+03	-3.0296005645704029e-02
74380	1	4.5742202503013132e+03	1.4665391937679214e-02
74390	1	4.5745923243108482e+03	5.9634865067528062e-02
74400	1	4.5754126808345754e+03	1.0459491231349320e-01
74410	1	4.5766815485576817e+03	1.4953374899667757e-01
74420	1	4.5784028164694973e+03	1.9443305436289116e-01
74430	1	4.5805734479132079e+03	2.3928290943470337e-01
74440	1	4.5831892604119485e+03	2.8406527439202173e-01
74450	1	4.5862527574170163e+03	3.2876454986541881e-01
74460	1	4.5897638242142029e+03	3.7336731970841985e-01
74470	1	4.5937205313549239e+03	4.1786124005953823e-01
74480	1	4.5981199450770009e+03	4.6223006112718767e-01
74490	1	4.6029632264760548e+03	5.0646044137622936e-01
74500	1	4.6082482076234173e+03	5.5053965576587016e-01
74510	1	4.6139737611333512e+03	5.9445420388849946e-01
74520	1	4.6201367468638800e+03	6.3819041549896172e-01
74530	1	4.6267360000675744e+03	6.8173207154573989e-01
74540	1	4.6337700444487164e+03	7.2507263355143103e-01
74550	1	4.6412381100501680e+03	7.6819556299086633e-01
74560	1	4.6491335534927248e+03	8.1108910410429591e-01
74570	1	4.6574575323949721e+03	8.5374176707402816e-01
74580	1	4.6662067291680396e+03	8.9614337249408105e-01
74590	1	4.6753790457516097e+03	9.3827714512207283e-01
74600	1	4.6849734264456274e+03	9.8014037591765657e-01
74610	1	4.6949819012375865e+03	1.0217154027880531e+00
74620	1	4.7054067149232433e+03	1.0630001244673157e+00
74630	1	4.7162424477722006e+03	1.1039760652865713e+00
74640	1	4.7274843130397012e+03	1.1446405824748791e+00
74650	1	4.7391336770772041e+03	1.1849826351181592e+00
74660	1	4.7511859684234687e+03	1.2249873493938634e+00
74670	1	4.7636312475843815e+03	1.2646561309297215e+00
74680	1	4.7764754909344429e+03	1.3039786785573362e+00
74690	1	4.7897096320092423e+03	1.3429434997407066e+00
74700	1	4.8033337938082386e+03	1.3815453182249546e+00
74710	1	4.8173392041181351e+03	1.4197782512337167e+00
74720	1	4.8317265809935952e+03	1.4576363796582310e+00
74730	1	4.8464917386777252e+03	1.4951134626028575e+00
74740	1	4.8616279757009133e+03	1.5322042792396127e+00
74750	1	4.8771331860610171e+03	1.5689041851545069e+00
74760	1	4.8930025865493408e+03	1.6052064254631007e+00
74770	1	4.9092352498982546e+03	1.6411090924012490e+00
74780	1	4.9258250130536180e+03	1.6766038071191287e+00
74790	1	4.9427681610426080e+03	1.7116920104447142e+00
74800	1	4.9600587106463063e+03	1.7463666021196385e+00
74810	1	4.9776938826293817e+03	1.7806284114789348e+00
74820	1	4.9956702127621311e+03	1.8144704888998113e+00
74830	1	5.0139811714957532e+03	1.8478961815469355e+00
74840	1	5.0326260683239398e+03	1.8808959986646374e+00
74850	1	5.0515978452940326e+03	1.9134762510192740e+00
74860	1	5.0708942409281417e+03	1.9456311075544797e+00
74870	1	5.0905089026089272e+03	1.9773586719218039e+00
74880	1	5.1104405678791582e+03	2.0086605698242477e+00
74890	1	5.1306793036793770e+03	2.0395342080344343e+00
74900	1	5.1512311692329449e+03	2.0699795223704571e+00
74910	1	5.1720788182989991e+03	2.1000021118679935e+00
74920	1	5.1932262065209452e+03	2.1295965234948953e+00
74930	1	5.2146684463543261e+03	2.1587618163732385e+00
74940	1	5.2364012460871909e+03	2.1875042227096024e+00
74950	1	5.2584195777748682e+03	2.2158238284509784e+00
74960	1	5.2807153743982517e+03	2.2437158507714665e+00
74970	1	5.3032916050890990e+03	2.2711878593543480e+00
74980	1	5.3261378437970898e+03	2.2982377464619450e+00
74990	1	5.3492555282114754e+03	2.3248720742070001e+00
75000	1	5.3726341701739339e+03	2.3510892935624241e+00
75010	1	5.3962741613939424e+03	2.3768882618954978e+00
75020	1	5.4201733269057404e+03	2.4022790455573029e+00
75030	1	5.4443194645886779e+03	2.4272586822569080e+00
75040	1	5.4687162844783807e+03	2.4518316255952928e+00
75050	1	5.4933554213463267e+03	2.4760002083320383e+00
75060	1	5.5182338256036801e+03	2.4997663684957794e+00
75070	1	5.5433497803274067e+03	2.5231320584911319e+00
75080	1	5.5686948105788942e+03	2.5461040746334964e+00
75090	1	5.5942697114251259e+03	2.5686801315579424e+00
75100	1	5.6200656838151972e+03	2.5908691453523867e+00
75110	1	5.6460840404447445e+03	2.6126706558932851e+00
75120	1	5.6723201594187685e+03	2.6340935031446389e+00
75130	1	5.6987654672048711e+03	2.6551294192189170e+00
75140	1	5.7254203569489273e+03	2.6757958129743762e+00
75150	1	5.7522808738505000e+03	2.6960866314790803e+00
75160	1	5.7793386530095277e+03	2.7160103522744277e+00
75170	1	5.8065991141000059e+03	2.7355660952322123e+00
75180	1	5.8340503537492559e+03	2.7547622536155054e+00
75190	1	5.8616940364493030e+03	2.7736030334670216e+00
75200	1	5.8895223385726422e+03	2.7920894900147406e+00
75210	1	5.9175326134330007e+03	2.8102226872877076e+00
75220	1	5.9457254952749990e+03	2.8280112292939945e+00
75230	1	5.9740929864000345e+03	2.8454558056865777e+00
75240	1	6.0026341174772970e+03	2.8625642007543974e+00
75250	1	6.0313427453009535e+03	2.8793358276237382e+00
75260	1	6.0602178683110442e+03	2.8957774576139035e+00
75270	1	6.0892577689302843e+03	2.9118918954674324e+00
75280	1	6.1184565009371481e+03	2.9276839549151661e+00
75290	1	6.1478108310089438e+03	2.9431573649997391e+00
75300	1	6.1773187422533192e+03	2.9583154846135327e+00
75310	1	6.2069747619664568e+03	2.9731586747643561e+00
75320	1	6.2367793723609457e+03	2.9876956075933596e+00
75330	1	6.2667279306028140e+03	3.0019277477350026e+00
75340	1	6.2968184218801180e+03	3.0158632044658695e+00
75350	1	6.3270451400843758e+03	3.0294998260284851e+00
75360	1	6.3574071613365959e+03	3.0428425493326912e+00
75370	1	6.3879017764496848e+03	3.0558995549986676e+00
75380	1	6.4185245095187420e+03	3.0686701012577915e+00
75390	1	6.4492730216339187e+03	3.0811568090554426e+00
75400	1	6.4801462153211478e+03	3.0933679234945006e+00
75410	1	6.5111418720899164e+03	3.1053058163042540e+00
75420	1	6.5422526830152756e+03	3.1169697485539292e+00
75430	1	6.5734777078002799e+03	3.1283691488236629e+00
75440	1	6.6048158705975266e+03	3.1395031416102759e+00
75450	1	6.6362669670252908e+03	3.1503783789770088e+00
75460	1	6.6678245794883842e+03	3.1609945192659099e+00
79140	2	6.6275998123775762e+03	-3.6241035796837844e+00
79150	2	6.5913829026309832e+03	-3.6192938682173783e+00
79160	2	6.5552150002428116e+03	-3.6142796005506836e+00
79170	2	6.5190984777814610e+03	-3.6090621167664709e+00
79180	2	6.4830320697475026e+03	-3.6036289336590328e+00
79190	2	6.4470256930220430e+03	-3.5979873772920583e+00
79200	2	6.4110751853652855e+03	-3.5921249360509262e+00
79210	2	6.3751821077457080e+03	-3.5860410459400436e+00
79220	2	6.3393548542547251e+03	-3.5797286331370639e+00
79230	2	6.3035910164312381e+03	-3.5731929133326981e+00
79240	2	6.2678901688438891e+03	-3.5664187115258223e+00
79250	2	6.2322623834292681e+03	-3.5594107210662362e+00
79260	2	6.1967037280015911e+03	-3.5521572321580259e+00
79270	2	6.1612207292190542e+03	-3.5446563539861065e+00
79280	2	6.1258108618124470e+03	-3.5369081420170638e+00
79290	2	6.0904815928240450e+03	-3.5289008168685236e+00
79300	2	6.0552361145557670e+03	-3.5206344030297609e+00
79310	2	6.0200713832635765e+03	-3.5121031860593921e+00
79320	2	5.9849950135822473e+03	-3.5033030871362247e+00
79330	2	5.9500066402441416e+03	-3.4942258616811781e+00
79340	2	5.9151106808066679e+03	-3.4848682604793675e+00
79350	2	5.8803094671521485e+03	-3.4752272843295255e+00
79360	2	5.8456051752893154e+03	-3.4652947970925640e+00
79370	2	5.8110044409285829e+03	-3.4550639540355363e+00
79380	2	5.7765063920676266e+03	-3.4445352307782491e+00
79390	2	5.7421152603642749e+03	-3.4336985869945287e+00
79400	2	5.7078323379329177e+03	-3.4225500525367596e+00
79410	2	5.6736649233429980e+03	-3.4110801442752696e+00
79420	2	5.6396144335218733e+03	-3.3992893973555445e+00
79430	2	5.6056796252898048e+03	-3.3871633710862201e+00
79440	2	5.5718706591690816e+03	-3.3747031657451374e+00
79450	2	5.5381874208522750e+03	-3.3619002794504733e+00
79460	2	5.5046327915975698e+03	-3.3487461731441641e+00
79470	2	5.4712138388188641e+03	-3.3352399130424271e+00
79480	2	5.4379303488770029e+03	-3.3213662177596075e+00
79490	2	5.4047849716501541e+03	-3.3071278034328118e+00
79500	2	5.3717910522702896e+03	-3.2925120541026205e+00
79510	2	5.3389397696400711e+03	-3.2775107748473049e+00
79520	2	5.3062410968522363e+03	-3.2621252466625541e+00
79530	2	5.2736981045053208e+03	-3.2463384549709748e+00
79540	2	5.2413141420440670e+03	-3.2301470303409618e+00
79550	2	5.2090944783697323e+03	-3.2135437318357880e+00
79560	2	5.1770445095801433e+03	-3.1965236069917373e+00
79570	2	5.1451671197146134e+03	-3.1790762816747429e+00
79580	2	5.1134668041084960e+03	-3.1611956901687734e+00
79590	2	5.0819431850522142e+03	-3.1428751748948782e+00
79600	2	5.0506108218193558e+03	-3.1241008476661469e+00
79610	2	5.0194626764917030e+03	-3.1048690361028068e+00
79620	2	4.9885139271093976e+03	-3.0851737454203647e+00
79630	2	4.9577617569906288e+03	-3.0650040468735766e+00
79640	2	4.9272126682486569e+03	-3.0443548836136509e+00
79650	2	4.8968788481149941e+03	-3.0232155528930877e+00
79660	2	4.8667507413331032e+03	-3.0015795485401644e+00
79670	2	4.8368457256109223e+03	-2.9794383992543940e+00
79680	2	4.8071644485532024e+03	-2.9567820286763609e+00
79690	2	4.7777121488722914e+03	-2.9336045016828352e+00
79700	2	4.7484947788163236e+03	-2.9098982250296195e+00
79710	2	4.7195166937156773e+03	-2.8856521146196790e+00
79720	2	4.6907854331735398e+03	-2.8608598763412623e+00
79730	2	4.6623024201201042e+03	-2.8355151399622818e+00
79740	2	4.6340758820477686e+03	-2.8096074066240231e+00
79750	2	4.6061101078269821e+03	-2.7831260831113647e+00
79760	2	4.5784153550660512e+03	-2.7560721833163528e+00
79770	2	4.5509910878099381e+03	-2.7284258112228787e+00
79780	2	4.5238473920044044e+03	-2.7001925017655997e+00
79790	2	4.4969899821856925e+03	-2.6713562381423759e+00
79800	2	4.4704214055387656e+03	-2.6419104081209115e+00
79810	2	4.4441508892944421e+03	-2.6118494470130469e+00
79820	2	4.4181872937034232e+03	-2.5811644861342833e+00
79830	2	4.3925312550731496e+03	-2.5498521129256453e+00
79840	2	4.3671936463511665e+03	-2.5179034251464287e+00
79850	2	4.3421759170141368e+03	-2.4853124317724182e+00
79860	2	4.3174901467062773e+03	-2.4520729406197894e+00
79870	2	4.2931363571114580e+03	-2.4181807163039362e+00
79880	2	4.2691278919974884e+03	-2.3836317191510545e+00
79890	2	4.2454669606769767e+03	-2.3484183375343535e+00
79900	2	4.2221615455533547e+03	-2.3125358778579450e+00
79910	2	4.1992170451595166e+03	-2.2759817450936852e+00
79920	2	4.1766438500793811e+03	-2.2387521100712502e+00
79930	2	4.1544451221342215e+03	-2.2008450310731722e+00
79940	2	4.1326286095910364e+03	-2.1622559319160928e+00
79950	2	4.1112021164466405e+03	-2.1229838996862958e+00
79960	2	4.0901713033786446e+03	-2.0830284205475018e+00
79970	2	4.0695438145189887e+03	-2.0423893196756984e+00
79980	2	4.0493254205813369e+03	-2.0010645380419039e+00
79990	2	4.0295238801702267e+03	-1.9590580166786609e+00
80000	2	4.0101467652933511e+03	-1.9163673811940787e+00
80010	2	3.9911997385614882e+03	-1.8729966837982988e+00
80020	2	3.9726907385366108e+03	-1.8289495536317804e+00
80030	2	3.9546227065128292e+03	-1.7842283113573689e+00
80040	2	3.9370089641902227e+03	-1.7388387836011949e+00
80050	2	3.9198473712192122e+03	-1.6927874767189564e+00
80060	2	3.9031557700075709e+03	-1.6460757539851170e+00
80070	2	3.8869295247491318e+03	-1.5987184340093856e+00
80080	2	3.8711794461979066e+03	-1.5507198923031331e+00
80090	2	3.8559177354733183e+03	-1.5020904852545476e+00
80100	2	3.8411396316068563e+03	-1.4528412742022263e+00
80110	2	3.8268625937104671e+03	-1.4029794104020767e+00
80120	2	3.8130865024685791e+03	-1.3525216537397879e+00
80130	2	3.7998135955090702e+03	-1.3014791742920795e+00
80140	2	3.7870570409426941e+03	-1.2498662812296266e+00
80150	2	3.7748189220712220e+03	-1.1977024103602427e+00
80160	2	3.7631039340012089e+03	-1.1449968118275125e+00
80170	2	3.7519208463134401e+03	-1.0917729490974537e+00
80180	2	3.7412701376901769e+03	-1.0380466431986095e+00
80190	2	3.7311615710977303e+03	-9.8383837712689337e-01
80200	2	3.7215942921553055e+03	-9.2916845010714477e-01
80210	2	3.7125788911216705e+03	-8.7405568806819045e-01
80220	2	3.7041152908115764e+03	-8.1852575305148911e-01
80230	2	3.6962088639544231e+03	-7.6259945367760196e-01
80240	2	3.6888649260849111e+03	-7.0630022366410117e-01
80250	2	3.6820832828365023e+03	-6.4965999506225736e-01
80260	2	3.6758710972899416e+03	-5.9269468937454794e-01
80270	2	3.6702304039451933e+03	-5.3543404333523026e-01
80280	2	3.6651641245890305e+03	-4.7790971182855080e-01
80290	2	3.6606753295623726e+03	-4.2014086115935689e-01
80300	2	3.6567628426329757e+03	-3.6216322428248116e-01
80310	2	3.6534330674152684e+03	-3.0400167322017840e-01
80320	2	3.6506842390892916e+03	-2.4568597996493419e-01
80330	2	3.6485180012622673e+03	-1.8724718298896587e-01
80340	2	3.6469372454294548e+03	-1.2871576478419294e-01
80350	2	3.6459444478720625e+03	-7.0114989208788892e-02
80360	2	3.6455360720609929e+03	-1.1480917725408114e-02
80370	2	3.6457160228910807e+03	4.7152854410555001e-02
80380	2	3.6464787141458951e+03	1.0576653298674164e-01
80390	2	3.6478315351656693e+03	1.6432234381469241e-01
80400	2	3.6497658636318488e+03	2.2279135463925021e-01
80410	2	3.6522858608686815e+03	2.8114543489709160e-01
80420	2	3.6553872919904315e+03	3.3935074421546724e-01
80430	2	3.6590708211301376e+03	3.9738277108095088e-01
80440	2	3.6633348159180123e+03	4.5521105539085960e-01
80450	2	3.6681753130043526e+03	5.1280722911296384e-01
80460	2	3.6735888143661018e+03	5.7014172501016303e-01
80470	2	3.6795773170141943e+03	6.2719338034980898e-01
80480	2	3.6861323120980360e+03	6.8392782896180015e-01
80490	2	3.6932550522983147e+03	7.4032377164767260e-01
80500	2	3.7009393118463463e+03	7.9635453882913099e-01
80510	2	3.7091785353243718e+03	8.5199607903984220e-01
80520	2	3.7179761702670398e+03	9.0722665508386136e-01
80530	2	3.7273232364841674e+03	9.6202341379207124e-01
80540	2	3.7372135517271608e+03	1.0163602956019435e+00
80550	2	3.7476465194251755e+03	1.0702210166348938e+00
80560	2	3.7586168731825828e+03	1.1235867280195726e+00
80570	2	3.7701199941227333e+03	1.1764345549341004e+00
80580	2	3.7821470818432804e+03	1.2287486441650022e+00
80590	2	3.7946916036485677e+03	1.2805132738773082e+00
80600	2	3.8077534012081474e+03	1.3317122176374552e+00
80610	2	3.8213247418101587e+03	1.3823308352983692e+00
80620	2	3.8353993152076623e+03	1.4323539574682562e+00
80630	2	3.8499705363871285e+03	1.4817727895773309e+00
80640	2	3.8650344101096948e+03	1.5305713269949652e+00
80650	2	3.8805794778944219e+03	1.5787460998761382e+00
80660	2	3.8966034519166901e+03	1.6262720262497479e+00
80670	2	3.9131046363965070e+03	1.6731573271456253e+00
80680	2	3.9300645884095688e+03	1.7193858155371440e+00
80690	2	3.9474871359059630e+03	1.7649535645892869e+00
80700	2	3.9653633412732347e+03	1.8098535917636196e+00
80710	2	3.9836828399461106e+03	1.8540815893336287e+00
80720	2	4.0024418533537564e+03	1.8976321279723041e+00
80730	2	4.0216330182805941e+03	1.9405003515260419e+00
80740	2	4.0412481941316973e+03	1.9826892877108637e+00
80750	2	4.0612832306720875e+03	2.0241925919941379e+00
80760	2	4.0817294370903442e+03	2.0650113253222671e+00
80770	2	4.1025832303451434e+03	2.1051471895862419e+00
80780	2	4.1238308524679433e+03	2.1445962786371124e+00
80790	2	4.1454703576055226e+03	2.1833600597698584e+00
80800	2	4.1674971545157096e+03	2.2214435755954147e+00
80810	2	4.1898984429337997e+03	2.2588465133203433e+00
80820	2	4.2126700631082431e+03	2.2955745802367695e+00
80830	2	4.2358082245440046e+03	2.3316264664343218e+00
80840	2	4.2593021244145966e+03	2.3670095170977077e+00
80850	2	4.2831464456890717e+03	2.4017307577193145e+00
80860	2	4.3073334668148864e+03	2.4357879498583572e+00
80870	2	4.3318591539229119e+03	2.4691899597193387e+00
80880	2	4.3567152757201438e+03	2.5019432237521499e+00
80890	2	4.3818963704964235e+03	2.5340504625020981e+00
80900	2	4.4073951021095345e+03	2.5655197822020970e+00
80910	2	4.4332061593566832e+03	2.5963608043936843e+00
80920	2	4.4593190833321705e+03	2.6265710954110983e+00
80930	2	4.4857332939996741e+03	2.6561691990731995e+00
80940	2	4.5124408679598791e+03	2.6851562630113111e+00
80950	2	4.5394361527412866e+03	2.7135339763041615e+00
80960	2	4.5667093667637473e+03	2.7413206630998443e+00
80970	2	4.5942603714626703e+03	2.7685168974334213e+00
80980	2	4.6220774438782373e+03	2.7951353820657947e+00
80990	2	4.6501593509888789e+03	2.8211770148795061e+00
81000	2	4.6785016503348897e+03	2.8466560386125455e+00
81010	2	4.7070923221465127e+03	2.8715768570443863e+00
81020	2	4.7359301207224898e+03	2.8959499262360118e+00
81030	2	4.7650086700484699e+03	2.9197844709346756e+00
81040	2	4.7943228277453145e+03	2.9430831178394503e+00
81050	2	4.8238697365784346e+03	2.9658595192008161e+00
81060	2	4.8536399941157861e+03	2.9881171652755425e+00
81070	2	4.8836274500479140e+03	3.0098688066959700e+00
81080	2	4.9138334184324522e+03	3.0311213364210259e+00
81090	2	4.9442496125423759e+03	3.0518810038653057e+00
81100	2	4.9748720519410326e+03	3.0721562760995740e+00
81110	2	5.0056919271088655e+03	3.0919571029432826e+00
81120	2	5.0367094777464454e+03	3.1112913967263625e+00
81130	2	5.0679152571798359e+03	3.1301657568845158e+00
81140	2	5.0993104494230938e+03	3.1485878787324273e+00
81150	2	5.1308854844526359e+03	3.1665662029862656e+00
81160	2	5.1626379598475696e+03	3.1841097720480298e+00
81170	2	5.1945671436605653e+03	3.2012231401624720e+00
81180	2	5.2266629001125857e+03	3.2179152893686220e+00
81190	2	5.2589229763172525e+03	3.2341929474720708e+00
81200	2	5.2913448181566400e+03	3.2500666894548567e+00
81210	2	5.3239229462603571e+03	3.2655379161967488e+00
81220	2	5.3566553782180272e+03	3.2806224575845122e+00
81230	2	5.3895338415787992e+03	3.2953184378707441e+00
81240	2	5.4225605798082815e+03	3.3096380168820105e+00
81250	2	5.4557261403235098e+03	3.3235877101652660e+00
81260	2	5.4890303037424246e+03	3.3371749661155476e+00
81270	2	5.5224678274146600e+03	3.3504021819429548e+00
81280	2	5.5560365459614186e+03	3.3632775605089860e+00
81290	2	5.5897324257276377e+03	3.3758111693346815e+00
81300	2	5.6235515190054512e+03	3.3880036931864783e+00
81310	2	5.6574913459249392e+03	3.3998642807411232e+00
81320	2	5.6915480085578720e+03	3.4114010124786018e+00
81330	2	5.7257174851626523e+03	3.4226170049753581e+00
81340	2	5.7599982005094234e+03	3.4335190770529604e+00
81350	2	5.7943852330571845e+03	3.4441143646648986e+00
81360	2	5.8288817443648868e+03	3.4544044841548334e+00
81370	2	5.8634744831166781e+03	3.4643968115767607e+00
81380	2	5.8981684173600679e+03	3.4741030151704102e+00
81390	2	5.9329561308182820e+03	3.4835180136124291e+00
81400	2	5.9678384454495954e+03	3.4926542663233091e+00
81410	2	6.0028090389039062e+03	3.5015125156349476e+00
81420	2	6.0378684265851516e+03	3.5101008207099187e+00
81430	2	6.0730100236959452e+03	3.5184248323321250e+00
81440	2	6.1082350781946552e+03	3.5264828387691218e+00
81450	2	6.1435382413708121e+03	3.5342886420450990e+00
81460	2	6.1789185724545105e+03	3.5418429830131659e+00
81470	2	6.2143729208985396e+03	3.5491467306968985e+00
81480	2	6.2499002725146420e+03	3.5562117319494169e+00
81490	2	6.2854998373713888e+03	3.5630364465828070e+00
81500	2	6.3211602820188982e+03	3.5696259291824579e+00
81510	2	6.3568903453246730e+03	3.5759859747966543e+00
81520	2	6.3926806229339409e+03	3.5821194334039990e+00
81530	2	6.4285321931949884e+03	3.5880320405705493e+00
81540	2	6.4644402558423026e+03	3.5937270978328080e+00
81550	2	6.5004050462947662e+03	3.5992065815301477e+00
81560	2	6.5364245306914590e+03	3.6044742081616956e+00
81570	2	6.5724938173962792e+03	3.6095378116386270e+00
81580	2	6.6086142109505363e+03	3.6143957133384497e+00
81590	2	6.6447828071164568e+03	3.6190537863281169e+00
83910	1	6.6643455256460238e+03	-3.6191004364353985e+00
83920	1	6.6281771984128854e+03	-3.6146144384720631e+00
83930	1	6.5920555549138853e+03	-3.6099316969527457e+00
83940	1	6.5559816053464847e+03	-3.6050530029106498e+00
83950	1	6.5199555368756955e+03	-3.5999713084125418e+00
83960	1	6.4839823199290795e+03	-3.5946850481627011e+00
83970	1	6.4480621807461212e+03	-3.5891878888228241e+00
83980	1	6.4121994106117118e+03	-3.5834833929714534e+00
83990	1	6.3763945320025532e+03	-3.5775589568449204e+00
84000	1	6.3406479319480659e+03	-3.5714114970761188e+00
84010	1	6.3049649296346715e+03	-3.5650454146538677e+00
84020	1	6.2693490826050702e+03	-3.5584487934431004e+00
84030	1	6.2337973604808276e+03	-3.5516193825910820e+00
84040	1	6.1983147228456546e+03	-3.5445537481504972e+00
84050	1	6.1629079679360802e+03	-3.5372491799956052e+00
84060	1	6.1275733841786941e+03	-3.5296974655136641e+00
84070	1	6.0923153065965380e+03	-3.5218987407240920e+00
84080	1	6.0571360617222399e+03	-3.5138423416614093e+00
84090	1	6.0220385330573454e+03	-3.5055299930086590e+00
84100	1	5.9870261021779661e+03	-3.4969527890763143e+00
84110	1	5.9521023850843130e+03	-3.4881079265635817e+00
84120	1	5.9172647795223465e+03	-3.4789886528845964e+00
84130	1	5.8825212359142533e+03	-3.4695913118964228e+00
84140	1	5.8478752130192815e+03	-3.4599113973673918e+00
84150	1	5.8133254525449956e+03	-3.4499446040836577e+00
84160	1	5.7788776320686975e+03	-3.4396800667973526e+00
84170	1	5.7445326407630810e+03	-3.4291189512100302e+00
84180	1	5.7102951313073672e+03	-3.4182505993252716e+00
84190	1	5.6761690864046222e+03	-3.4070738012272401e+00
84200	1	5.6421540181840564e+03	-3.3955771176626182e+00
84210	1	5.6082569416370943e+03	-3.3837595732158090e+00
84220	1	5.5744792911105278e+03	-3.3716123430690237e+00
84230	1	5.5408278275827752e+03	-3.3591320657195252e+00
84240	1	5.5073009485047905e+03	-3.3463092982497664e+00
84250	1	5.4739020743223473e+03	-3.3331394926127014e+00
84260	1	5.4406363795405678e+03	-3.3196166994399570e+00
84270	1	5.4075087025970342e+03	-3.3057342720451315e+00
84280	1	5.3745226004395963e+03	-3.2914838687448884e+00
84290	1	5.3416815192458680e+03	-3.2768613606966093e+00
84300	1	5.3089862706315280e+03	-3.2618569740155072e+00
84310	1	5.2764440771706031e+03	-3.2464657785017708e+00
84320	1	5.2440580789907899e+03	-3.2306773372176232e+00
84330	1	5.2118338640762668e+03	-3.2144893328484674e+00
84340	1	5.1797691255921627e+03	-3.1978922635734746e+00
84350	1	5.1478774598635810e+03	-3.1808778068497254e+00
84360	1	5.1161554462044724e+03	-3.1634407341475472e+00
84370	1	5.0846085515227769e+03	-3.1455720499270265e+00
84380	1	5.0532441278451852e+03	-3.1272614202030025e+00
84390	1	5.0220652725714544e+03	-3.1085066746129981e+00
84400	1	4.9910758104908928e+03	-3.0892973297811013e+00
84410	1	4.9602822966816766e+03	-3.0696240107435644e+00
84420	1	4.9296853767657694e+03	-3.0494840425493490e+00
84430	1	4.8992925516333953e+03	-3.0288607111732841e+00
84440	1	4.8691104258350106e+03	-3.0077537348308652e+00
84450	1	4.8391409586199725e+03	-2.9861521952222905e+00
84460	1	4.8093868321716282e+03	-2.9640473248942669e+00
84470	1	4.7798619285233417e+03	-2.9414314890632745e+00
84480	1	4.7505605942931988e+03	-2.9182991245919556e+00
84490	1	4.7214945381497164e+03	-2.8946385858261072e+00
84500	1	4.6926706840786701e+03	-2.8704461574695945e+00
84510	1	4.6640905233690146e+03	-2.8457066376706202e+00
84520	1	4.6357595261727192e+03	-2.8204182116390530e+00
84530	1	4.6076824950195996e+03	-2.7945708170146757e+00
84540	1	4.5798694681682846e+03	-2.7681565097971408e+00
84550	1	4.5523215562831356e+03	-2.7411666765640401e+00
84560	1	4.5250471859468789e+03	-2.7135951686113926e+00
84570	1	4.4980528826467662e+03	-2.6854340889424924e+00
84580	1	4.4713409179455921e+03	-2.6566753533041343e+00
84590	1	4.4449211905551983e+03	-2.6273125303985294e+00
84600	1	4.4187969525822773e+03	-2.5973382532199052e+00
84610	1	4.3929748876407721e+03	-2.5667445980309589e+00
84620	1	4.3674642096353173e+03	-2.5355254208809046e+00
84630	1	4.3422669733696130e+03	-2.5036757694389129e+00
84640	1	4.3173910627834093e+03	-2.4711865010321126e+00
84650	1	4.2928457521776299e+03	-2.4380537679067320e+00
84660	1	4.2686333647824476e+03	-2.4042724511234677e+00
84670	1	4.2447617553371892e+03	-2.3698370356355420e+00
84680	1	4.2212389558633658e+03	-2.3347416149664850e+00
84690	1	4.1980688125774313e+03	-2.2989836369855663e+00
84700	1	4.1752633043607966e+03	-2.2625576368776210e+00
84710	1	4.1528191592886014e+03	-2.2254603276636398e+00
84720	1	4.1307529015883019e+03	-2.1876894745498188e+00
84730	1	4.1090702654732240e+03	-2.1492430142487331e+00
84740	1	4.0877710764993044e+03	-2.1101178322614778e+00
84750	1	4.0668684789987146e+03	-2.0703139577000815e+00
84760	1	4.0463671961806972e+03	-2.0298310630936931e+00
84770	1	4.0262756867446233e+03	-1.9886640472951076e+00
84780	1	4.0065968975336955e+03	-1.9468235915369108e+00
84790	1	3.9873410817901881e+03	-1.9043026294481111e+00
84800	1	3.9685111110573271e+03	-1.8611073219755896e+00
84810	1	3.9501188930773392e+03	-1.8172395005696620e+00
84820	1	3.9321706180401125e+03	-1.7727040137912857e+00
84830	1	3.9146669230904104e+03	-1.7275043893011630e+00
84840	1	3.8976243959045073e+03	-1.6816471397858923e+00
84850	1	3.8810383431442106e+03	-1.6351388834231055e+00
84860	1	3.8649231707674071e+03	-1.5879874109687373e+00
84870	1	3.8492786471399395e+03	-1.5401985833059830e+00
84880	1	3.8341205315752259e+03	-1.4917830061582764e+00
84890	1	3.8194473069031901e+03	-1.4427504149171215e+00
84900	1	3.8052681206735747e+03	-1.3931156789606538e+00
84910	1	3.7915861141892019e+03	-1.3428881968587187e+00
84920	1	3.7784097664804212e+03	-1.2920815966886243e+00
84930	1	3.7657459944983675e+03	-1.2407095236305765e+00
84940	1	3.7535982405912828e+03	-1.1887887911707846e+00
84950	1	3.7419723866774170e+03	-1.1363342850823612e+00
84960	1	3.7308735737268671e+03	-1.0833673587050519e+00
84970	1	3.7203073148789504e+03	-1.0298990311194156e+00
84980	1	3.7102795115676645e+03	-9.7595328719283714e-01
84990	1	3.7007886731338513e+03	-9.2155183922729977e-01
85000	1	3.6918471650468341e+03	-8.6671259657552402e-01
85010	1	3.6834583847488484e+03	-8.1145896252836736e-01
85020	1	3.6756223979729243e+03	-7.5581741535377589e-01
85030	1	3.6683407903841785e+03	-6.9980460812189293e-01
85040	1	3.6616230419659473e+03	-6.4345217334269356e-01
85050	1	3.6554740217219087e+03	-5.8678298453886579e-01
85060	1	3.6498895670436864e+03	-5.2982227093395995e-01
85070	1	3.6448778877755872e+03	-4.7259972190676708e-01
85080	1	3.6404390085397049e+03	-4.1513593700857893e-01
85090	1	3.6365762473455006e+03	-3.5746613256150445e-01
85100	1	3.6332890467517500e+03	-2.9961785760098503e-01
85110	1	3.6305842898825026e+03	-2.4162006383703075e-01
85120	1	3.6284579626628374e+03	-1.8349816880143480e-01
85130	1	3.6269129149779847e+03	-1.2528543924779575e-01
85140	1	3.6259527553591597e+03	-6.7010651642380833e-02
85150	1	3.6255732827881452e+03	-8.7023766467103792e-03
85160	1	3.6257817344877053e+03	4.9608958330477626e-02
85170	1	3.6265664427608540e+03	1.0788960477117712e-01
85180	1	3.6279363669148665e+03	1.6611259114458848e-01
85190	1	3.6298881300032185e+03	2.2424993159313916e-01
85200	1	3.6324209320783011e+03	2.8226644914706867e-01
85210	1	3.6355344300346537e+03	3.4013955219121322e-01
85220	1	3.6392218491687054e+03	3.9783350409859847e-01
85230	1	3.6434884485757234e+03	4.5532567588387696e-01
85240	1	3.6483299824125138e+03	5.1258481440535641e-01
85250	1	3.6537405006651320e+03	5.6958183044113908e-01
85260	1	3.6597194699164938e+03	6.2629497720910654e-01
85270	1	3.6662662164129356e+03	6.8269297134835960e-01
85280	1	3.6733722671263267e+03	7.3875115892443410e-01
85290	1	3.6810396085345451e+03	7.9444483853908665e-01
85300	1	3.6892599764583429e+03	8.4975243716702631e-01
85310	1	3.6980341207688725e+03	9.0464913813386494e-01
85320	1	3.7073523168429706e+03	9.5910970903291481e-01
85330	1	3.7172136593040800e+03	1.0131152632881322e+00
85340	1	3.7276113806116432e+03	1.0666480730059711e+00
85350	1	3.7385438804161631e+03	1.1196836023374670e+00
85360	1	3.7500046012161110e+03	1.1722081040573806e+00
85370	1	3.7619869875455124e+03	1.2241990333358599e+00
85380	1	3.7744849448525461e+03	1.2756413580131858e+00
85390	1	3.7874979563143020e+03	1.3265233392972720e+00
85400	1	3.8010152702915311e+03	1.3768277844098160e+00
85410	1	3.8150304703941893e+03	1.4265388096534790e+00
85420	1	3.8295425128036418e+03	1.4756464573821686e+00
85430	1	3.8445445640743833e+03	1.5241369391764998e+00
85440	1	3.8600238032763332e+03	1.5720048311935293e+00
85450	1	3.8759799615175093e+03	1.6192382159459573e+00
85460	1	3.8924065835965534e+03	1.6658256388792858e+00
85470	1	3.9092966727694770e+03	1.7117616418377772e+00
85480	1	3.9266404159036420e+03	1.7570410443960724e+00
85490	1	3.9444317720807107e+03	1.8016558161479448e+00
85500	1	3.9626703169404755e+03	1.8456007444747811e+00
85510	1	3.9813422262044178e+03	1.8888751759886580e+00
85520	1	4.0004455164631936e+03	1.9314714656038368e+00
85530	1	4.0199691285056233e+03	1.9733950529560846e+00
85540	1	4.0399123985594401e+03	2.0146322824418239e+00
85550	1	4.0602624568600099e+03	2.0551922569897512e+00
85560	1	4.0810141626613281e+03	2.0950719355517693e+00
85570	1	4.1021615887871103e+03	2.1342688482017551e+00
85580	1	4.1236976900067921e+03	2.1727886375638041e+00
85590	1	4.1456132883800165e+03	2.2106292980365909e+00
85600	1	4.1679062882168237e+03	2.2477964389484106e+00
85610	1	4.1905664037995584e+03	2.2842901958226216e+00
85620	1	4.2135884077477685e+03	2.3201164959862588e+00
85630	1	4.2369669435267160e+03	2.3552743310569833e+00
85640	1	4.2606923620718235e+03	2.3897755420690259e+00
85650	1	4.2847612317517069e+03	2.4236172848793927e+00
85660	1	4.3091634783945628e+03	2.4568108560765891e+00
85670	1	4.3338956542059295e+03	2.4893560791575320e+00
85680	1	4.3589479134647672e+03	2.5212651187699784e+00
85690	1	4.3843187144617514e+03	2.5525369518899903e+00
85700	1	4.4099976927382295e+03	2.5831835688200253e+00
85710	1	4.4359783370204850e+03	2.6132079444143321e+00
85720	1	4.4622576832502818e+03	2.6426219633521955e+00
85730	1	4.4888280591735547e+03	2.6714268273903223e+00
85740	1	4.5156855450706753e+03	2.6996351427796759e+00
85750	1	4.5428211929172594e+03	2.7272495176514302e+00
85760	1	4.5702297520626880e+03	2.7542797469122187e+00
85770	1	4.5979037969461197e+03	2.7807362562871232e+00
85780	1	4.6258416121485097e+03	2.8066201794568761e+00
85790	1	4.6540330593958706e+03	2.8319447372066100e+00
85800	1	4.6824808868876808e+03	2.8567177524545744e+00
85810	1	4.7111670856741639e+03	2.8809457593092418e+00
85820	1	4.7400966033916611e+03	2.9046358773637984e+00
85830	1	4.7692572423236306e+03	2.9277981492758482e+00
85840	1	4.7986499868693354e+03	2.9504400381080824e+00
85850	1	4.8282669270740325e+03	2.9725713573937123e+00
85860	1	4.8580990160370229e+03	2.9941965422906787e+00
85870	1	4.8881487593823877e+03	3.0153269838463190e+00
85880	1	4.9184039651641515e+03	3.0359696184272211e+00
85890	1	4.9488666935632909e+03	3.0561325349351507e+00
85900	1	4.9795266956545329e+03	3.0758229338016028e+00
85910	1	5.0103808111648677e+03	3.0950480003617664e+00
85920	1	5.0414274382275207e+03	3.1138189851659352e+00
85930	1	5.0726542017730753e+03	3.1321385755848961e+00
85940	1	5.1040675205193138e+03	3.1500224626041540e+00
85950	1	5.1356565860351366e+03	3.1674710010505733e+00
85960	1	5.1674152919425460e+03	3.1844939209731726e+00
85970	1	5.1993440055901910e+03	3.2011008989713150e+00
85980	1	5.2314354287506449e+03	3.2172946521717933e+00
85990	1	5.2636887473313127e+03	3.2330886210466132e+00
86000	1	5.2960942613356865e+03	3.2484844571329554e+00
86010	1	5.3286551365515625e+03	3.2634911070990222e+00
86020	1	5.3613635553289187e+03	3.2781201000766482e+00
86030	1	5.3942162622211017e+03	3.2923712163213033e+00
86040	1	5.4272132348529640e+03	3.3062537039354614e+00
86050	1	5.4603430325003983e+03	3.3197773907272916e+00
86060	1	5.4936045907260150e+03	3.3329456151556873e+00
86070	1	5.5269994950777782e+03	3.3457653999319872e+00
86080	1	5.5605177280133921e+03	3.3582445654330657e+00
86090	1	5.5941621039795345e+03	3.3703859365627626e+00
86100	1	5.6279257215341722e+03	3.3822010191647167e+00
86110	1	5.6618060358632965e+03	3.3936909495484286e+00
86120	1	5.6957999607612992e+03	3.4048619974237968e+00
86130	1	5.7299025664992869e+03	3.4157242793702136e+00
86140	1	5.7641122020303374e+03	3.4262798216410020e+00
86150	1	5.7984277876250135e+03	3.4365345232420847e+00
86160	1	5.8328417616443367e+03	3.4464960659774602e+00
86170	1	5.8673561592578617e+03	3.4561675632194717e+00
86180	1	5.9019663893026755e+03	3.4655540691062137e+00
86190	1	5.9366645143999012e+03	3.4746666958118611e+00
86200	1	5.9714564497607298e+03	3.4835000159580427e+00
86210	1	6.0063338021819663e+03	3.4920663176446891e+00
86220	1	6.0412956074188496e+03	3.5003700951514487e+00
86230	1	6.0763422900367304e+03	3.5084109985395679e+00
86240	1	6.1114641254656526e+03	3.5162043084516457e+00
86250	1	6.1466628152730000e+03	3.5237391558729407e+00
86260	1	6.1819375909825221e+03	3.5310360107281036e+00
86270	1	6.2172854365154526e+03	3.5380905922208794e+00
86280	1	6.2527002850810804e+03	3.5449059731739960e+00
86290	1	6.2881819456945213e+03	3.5514920503674583e+00
86300	1	6.3237271480312720e+03	3.5578509420873141e+00
86310	1	6.3593375570855333e+03	3.5639823403451265e+00
86320	1	6.3950066823720681e+03	3.5698951812266957e+00
86330	1	6.4307365907593748e+03	3.5755910166350566e+00
86340	1	6.4665180928138889e+03	3.5810753181665924e+00
86350	1	6.5023568988578236e+03	3.5863492039324414e+00
86360	1	6.5382467549383946e+03	3.5914176931267998e+00
86370	1	6.5741850940004970e+03	3.5962878738912272e+00
86380	1	6.6101707623964048e+03	3.6009561987907359e+00
86390	1	6.6462009569009242e+03	3.6054311845710791e+00
88200	3	6.6472446259915941e+03	-1.8074051550248440e+00
88210	3	6.6292664923051179e+03	-1.7883010421402434e+00
88220	3	6.6114799692236984e+03	-1.7689624562498103e+00
88230	3	6.5938869801942556e+03	-1.7493904432567380e+00
88240	3	6.5764928804758702e+03	-1.7295798310748534e+00
88250	3	6.5592964197594192e+03	-1.7095334970602074e+00
88260	3	6.5423018000721549e+03	-1.6892540110031471e+00
88270	3	6.5255128948056908e+03	-1.6687338091957038e+00
88280	3	6.5089299003842025e+03	-1.6479811985540862e+00
88290	3	6.4925545177893973e+03	-1.6269939908755500e+00
88300	3	6.4763898773822666e+03	-1.6057728092296089e+00
88310	3	6.4604399081305155e+03	-1.5843213734388255e+00
88320	3	6.4447053189597409e+03	-1.5626352129593908e+00
88330	3	6.4291871610218177e+03	-1.5407158916678387e+00
88340	3	6.4138903780661230e+03	-1.5185643010198433e+00
88350	3	6.3988174686589919e+03	-1.4961855435051188e+00
88360	3	6.3839677415937776e+03	-1.4735780601781865e+00
88370	3	6.3693478368639080e+03	-1.4507426471966300e+00
88380	3	6.3549523870906032e+03	-1.4276774357159214e+00
88390	3	6.3407916591647981e+03	-1.4043906441568552e+00
88400	3	6.3268655579198748e+03	-1.3808799790261366e+00
88410	3	6.3131764545507795e+03	-1.3571448972111178e+00
88420	3	6.2997243918172362e+03	-1.3331917703736036e+00
88430	3	6.2865129798005737e+03	-1.3090183569615219e+00
88440	3	6.2735457320589567e+03	-1.2846304639890658e+00
88450	3	6.2608211887043326e+03	-1.2600246174998238e+00
88460	3	6.2483455059705529e+03	-1.2352100974818792e+00
88470	3	6.2361194841153956e+03	-1.2101823591577836e+00
88480	3	6.2241431918880544e+03	-1.1849482077992304e+00
88490	3	6.2124191015101596e+03	-1.1595063823779548e+00
88500	3	6.2009547860353541e+03	-1.1338641977233157e+00
88510	3	6.1897439539725883e+03	-1.1080185799810600e+00
88520	3	6.1787930581486107e+03	-1.0819795061778377e+00
88530	3	6.1681029969577903e+03	-1.0557409084258909e+00
88540	3	6.1576803230966952e+03	-1.0293140620720682e+00
88550	3	6.1475182923550519e+03	-1.0026973818864000e+00
88560	3	6.1376251695532601e+03	-9.7589679545523145e-01
88570	3	6.1280011256975813e+03	-9.4891130971491544e-01
88580	3	6.1186478726921978e+03	-9.2174704563312881e-01
88590	3	6.1095689163806164e+03	-8.9440995757076758e-01
88600	3	6.1007613527415588e+03	-8.6690187341711700e-01
88610	3	6.0922291525218716e+03	-8.3922360195997092e-01
88620	3	6.0839776492566280e+03	-8.1138393442772383e-01
88630	3	6.0760017483967531e+03	-7.8338251473928111e-01
88640	3	6.0683078658775294e+03	-7.5522443627015079e-01
88650	3	6.0608976394328147e+03	-7.2691701631036387e-01
88660	3	6.0537704759080852e+03	-6.9846029980742286e-01
88670	3	6.0469292240201221e+03	-6.6986261824241788e-01
88680	3	6.0403742318688010e+03	-6.4112522364756208e-01
88690	3	6.0341081279466553e+03	-6.1225178784063683e-01
88700	3	6.0281289646533432e+03	-5.8325264738668636e-01
88710	3	6.0224436749035467e+03	-5.5412648814350585e-01
88720	3	6.0170472331720812e+03	-5.2488050288908672e-01
88730	3	6.0119459501607162e+03	-4.9552083521356316e-01
88740	3	6.0071393344750895e+03	-4.6605100403424893e-01
88750	3	6.0026249224143494e+03	-4.3647562927416889e-01
88760	3	5.9984088355572840e+03	-4.0680109305952722e-01
88770	3	5.9944884165821095e+03	-3.7702998907000207e-01
88780	3	5.9908682676191283e+03	-3.4717118452913825e-01
88790	3	5.9875451875646349e+03	-3.1722805127211989e-01
88800	3	5.9845235738862139e+03	-2.8720575044879193e-01
88810	3	5.9818013949266287e+03	-2.5711077499832075e-01
88820	3	5.9793818421079186e+03	-2.2694796645717003e-01
88830	3	5.9772624612558684e+03	-1.9672604717496300e-01
88840	3	5.9754483246922155e+03	-1.6644322415638993e-01
88850	3	5.9739349292207435e+03	-1.3610984989157840e-01
88860	3	5.9727241340615610e+03	-1.0573095036430738e-01
88870	3	5.9718181867161275e+03	-7.5314392159487070e-02
88880	3	5.9712177159027888e+03	-4.4864380389587837e-02
88890	3	5.9709220168484326e+03	-1.4386211333531186e-02
88900	3	5.9709315771737793e+03	1.6117148507379195e-02
88910	3	5.9712457120419585e+03	4.6634484559779178e-02
88920	3	5.9718630990241754e+03	7.7164238527840157e-02
88930	3	5.9727868156382528e+03	1.0769707269253044e-01
88940	3	5.9740177502126135e+03	1.3822990831151774e-01
88950	3	5.9755514836447501e+03	1.6875726609146385e-01
88960	3	5.9773931076191147e+03	1.9927108813147312e-01
88970	3	5.9795374036650628e+03	2.2976985547402504e-01
88980	3	5.9819890667258915e+03	2.6024003077108027e-01
88990	3	5.9847426274052050e+03	2.9068274571521779e-01
89000	3	5.9878022361233297e+03	3.2108985472387103e-01
89010	3	5.9911639864273939e+03	3.5145807804073864e-01
89020	3	5.9948329095375984e+03	3.8177670499103827e-01
89030	3	5.9988004322646675e+03	4.1204828039875835e-01
89040	3	6.0030716413175651e+03	4.4225864153613048e-01
89050	3	6.0076439598060570e+03	4.7240501727990025e-01
89060	3	6.0125201324258269e+03	5.0248317969306266e-01
89070	3	6.0176936288572824e+03	5.3249052592265533e-01
89080	3	6.0231681454077107e+03	5.6241420872872938e-01
89090	3	6.0289420349146039e+03	5.9225635924087405e-01
89100	3	6.0350134737381441e+03	6.2200790264645356e-01
89110	3	6.0413819577336144e+03	6.5166364739961147e-01
89120	3	6.0480487511349520e+03	6.8122036985215850e-01
89130	3	6.0550072945261509e+03	7.1067329863294382e-01
89140	3	6.0622615295844016e+03	7.4001446861593712e-01
89150	3	6.0698038696060057e+03	7.6924251191118975e-01
89160	3	6.0776443251149140e+03	7.9834928910116543e-01
89170	3	6.0857729650411366e+03	8.2733070533375441e-01
89180	3	6.0941905013669320e+03	8.5618618669376723e-01
89190	3	6.1028980692546793e+03	8.8490917886290832e-01
89200	3	6.1118880336334887e+03	9.1349474505233197e-01
89210	3	6.1211650083631685e+03	9.4193677165630718e-01
89220	3	6.1307271026399239e+03	9.7023157552344830e-01
89230	3	6.1405687237774991e+03	9.9837896722820985e-01
89240	3	6.1506954778614008e+03	1.0263703093212577e+00
89250	3	6.1610978798015349e+03	1.0542048895777447e+00
89260	3	6.1717797592850548e+03	1.0818789729094707e+00
89270	3	6.1827344450940727e+03	1.1093854732393749e+00
89280	3	6.1939647891019649e+03	1.1367235187915503e+00
89290	3	6.2054690411519941e+03	1.1638889204720675e+00
89300	3	6.2172419389441520e+03	1.1908827974558258e+00
89310	3	6.2292847943277120e+03	1.2176911859653179e+00
89320	3	6.2415940828685289e+03	1.2443212639988632e+00
89330	3	6.2541698317536275e+03	1.2707646961536927e+00
89340	3	6.2670096475120763e+03	1.2970214811850618e+00
89350	3	6.2801110292702397e+03	1.3230855885281418e+00
89360	3	6.2934717099150557e+03	1.3489557792036706e+00
89370	3	6.3070881725710997e+03	1.3746295483332509e+00
89380	3	6.3209622076323867e+03	1.4001080735161155e+00
89390	3	6.3350894060866631e+03	1.4253823992272450e+00
89400	3	6.3494683862695665e+03	1.4504516745956286e+00
89410	3	6.3640989616868019e+03	1.4753180104883277e+00
89420	3	6.3789750294679379e+03	1.4999783582071629e+00
89430	3	6.3940988608770294e+03	1.5244264096927509e+00
89440	3	6.4094627241940134e+03	1.5486626834151425e+00
89450	3	6.4250709705938834e+03	1.5726889364648278e+00
89460	3	6.4409156970181939e+03	1.5964972013415091e+00
89470	3	6.4569997876039815e+03	1.6200904188871548e+00
89480	3	6.4733185379668776e+03	1.6434661143639067e+00
89490	3	6.4898677523651022e+03	1.6666208446225621e+00
89500	3	6.5066492470339972e+03	1.6895584490259767e+00
89510	3	6.5236557381656139e+03	1.7122717103082343e+00
89520	3	6.5408932715938217e+03	1.7347648873023760e+00
89530	3	6.5583531130075116e+03	1.7570326295394485e+00
89540	3	6.5760337514738012e+03	1.7790760289092158e+00
89550	3	6.5939353405935371e+03	1.8008942686446578e+00
89560	3	6.6120511090689924e+03	1.8224862080901951e+00
89570	3	6.6303826468302805e+03	1.8438517330094362e+00
89580	3	6.6489275716591474e+03	1.8649897027731754e+00
90020	2	6.6297631315806348e+03	-3.6200660903972999e+00
90030	2	6.5935866186366347e+03	-3.6154171645802045e+00
90040	2	6.5574555821721215e+03	-3.6105669831553047e+00
90050	2	6.5213760627728980e+03	-3.6055141504768082e+00
90060	2	6.4853463958506045e+03	-3.6002584562702666e+00
90070	2	6.4493718143738733e+03	-3.5947901031128295e+00
90080	2	6.4134506386660478e+03	-3.5891084260485258e+00
90090	2	6.3775866360950276e+03	-3.5832114648660296e+00
90100	2	6.3417863644118070e+03	-3.5770942038823423e+00
90110	2	6.3060473604273948e+03	-3.5707485460486028e+00
90120	2	6.2703729833012412e+03	-3.5641771700705873e+00
90130	2	6.2347643977691741e+03	-3.5573709809705343e+00
90140	2	6.1992267122419762e+03	-3.5503277644883795e+00
90150	2	6.1637593816111621e+03	-3.5430416912619971e+00
90160	2	6.1283681170270347e+03	-3.5355102717199975e+00
90170	2	6.0930484889429499e+03	-3.5277303874278458e+00
90180	2	6.0578124598307313e+03	-3.5196929015834608e+00
90190	2	6.0226564421799849e+03	-3.5113946520569992e+00
90200	2	5.9875867158893034e+03	-3.5028337714523499e+00
90210	2	5.9526015925423635e+03	-3.4939988005540430e+00
90220	2	5.9177071520890395e+03	-3.4848933753600995e+00
90230	2	5.8829039834009909e+03	-3.4755083298496476e+00
90240	2	5.8481980409969337e+03	-3.4658378835066559e+00
90250	2	5.8135898467329116e+03	-3.4558753296915046e+00
90260	2	5.7790799151383899e+03	-3.4456168865355425e+00
90270	2	5.7446760671251704e+03	-3.4350589980095028e+00
90280	2	5.7103805198716509e+03	-3.4241929670223299e+00
90290	2	5.6761934567107273e+03	-3.4130151965785873e+00
90300	2	5.6421224437562723e+03	-3.4015176242395793e+00
90310	2	5.6081645933817954e+03	-3.3896970157783475e+00
90320	2	5.5743272826299390e+03	-3.3775468452736104e+00
90330	2	5.5406151856096858e+03	-3.3650551344200736e+00
90340	2	5.5070276376902784e+03	-3.3522245130236819e+00
90350	2	5.4735703444462506e+03	-3.3390380590706839e+00
90360	2	5.4402491839676513e+03	-3.3255021574286387e+00
90370	2	5.4070623910925433e+03	-3.3116018666140334e+00
90380	2	5.3740183521981135e+03	-3.2973323686696636e+00
90390	2	5.3411187427178138e+03	-3.2826839889554265e+00
90400	2	5.3083655022805715e+03	-3.2676552577133782e+00
90410	2	5.2757651348575228e+03	-3.2522334005490201e+00
90420	2	5.2433225086176517e+03	-3.2364172349611517e+00
90430	2	5.2110396640854706e+03	-3.2201945218945807e+00
90440	2	5.1789200876123177e+03	-3.2035584343689041e+00
90450	2	5.1469689571910831e+03	-3.1865033483164948e+00
90460	2	5.1151909334556321e+03	-3.1690225886643577e+00
90470	2	5.0835889837793811e+03	-3.1511041157518664e+00
90480	2	5.0521702368501074e+03	-3.1327456115045731e+00
90490	2	5.0209365451241556e+03	-3.1139357466240134e+00
90500	2	4.9898937913272648e+03	-3.0946674457415391e+00
90510	2	4.9590455840003215e+03	-3.0749313187949205e+00
90520	2	4.9283963431603997e+03	-3.0547218585721225e+00
90530	2	4.8979511426408799e+03	-3.0340303273029505e+00
90540	2	4.8677157527186982e+03	-3.0128492955780093e+00
90550	2	4.8376967221345685e+03	-2.9911686407813813e+00
90560	2	4.8078952459136090e+03	-2.9689795191281978e+00
90570	2	4.7783188848713180e+03	-2.9462781015897783e+00
90580	2	4.7489692912507508e+03	-2.9230522118813824e+00
90590	2	4.7198600931797528e+03	-2.8992946975918534e+00
90600	2	4.6909878807065315e+03	-2.8749949285482344e+00
90610	2	4.6623612857112648e+03	-2.8501493973586425e+00
90620	2	4.6339860154984499e+03	-2.8247490071740557e+00
90630	2	4.6058688737661259e+03	-2.7987834862236847e+00
90640	2	4.5780128783908049e+03	-2.7722445897256405e+00
90650	2	4.5504245946986966e+03	-2.7451276506506703e+00
90660	2	4.5231120901530558e+03	-2.7174213374211744e+00
90670	2	4.4960779227229195e+03	-2.6891193543659111e+00
90680	2	4.4693309250388920e+03	-2.6602147172887043e+00
90690	2	4.4428781541504877e+03	-2.6306994034284292e+00
90700	2	4.4167179182529171e+03	-2.6005639468201593e+00
90710	2	4.3908661797258401e+03	-2.5698055170490499e+00
90720	2	4.3653284001596694e+03	-2.5384194180193571e+00
90730	2	4.3401012781963045e+03	-2.5063889256056515e+00
90740	2	4.3152005091414358e+03	-2.4737173794917369e+00
90750	2	4.2906303696961286e+03	-2.4403961041670685e+00
90760	2	4.2663924707906162e+03	-2.4064161972714406e+00
90770	2	4.2425046579564905e+03	-2.3717774298453995e+00
90780	2	4.2189621640852838e+03	-2.3364708076912239e+00
90790	2	4.1957746666039357e+03	-2.3004948035415209e+00
90800	2	4.1729531784890487e+03	-2.2638442410293589e+00
90810	2	4.1505015135534841e+03	-2.2265148119721898e+00
90820	2	4.1284245196476741e+03	-2.1885090782493553e+00
90830	2	4.1067325570442226e+03	-2.1498155410961530e+00
90840	2	4.0854308338096316e+03	-2.1104365811176158e+00
90850	2	4.0645265617979398e+03	-2.0703735760255495e+00
90860	2	4.0440254835976812e+03	-2.0296255265441721e+00
90870	2	4.0239370935514603e+03	-1.9881893248770814e+00
90880	2	4.0042647463410276e+03	-1.9460640114360750e+00
90890	2	3.9850188428047736e+03	-1.9032585584596766e+00
90900	2	3.9662009999473262e+03	-1.8597695996893771e+00
90910	2	3.9478253048253482e+03	-1.8156015220087791e+00
90920	2	3.9298925178900336e+03	-1.7707589972371498e+00
90930	2	3.9124120483841366e+03	-1.7252452311943127e+00
90940	2	3.8953891979949685e+03	-1.6790690443373013e+00
90950	2	3.8788321588446483e+03	-1.6322338143860589e+00
90960	2	3.8627454670746210e+03	-1.5847481993844263e+00
90970	2	3.8471406035751129e+03	-1.5366199173490831e+00
90980	2	3.8320163046258763e+03	-1.4878622680634903e+00
90990	2	3.8173846602412505e+03	-1.4384814671698083e+00
91000	2	3.8032496429566459e+03	-1.3884905449758163e+00
91010	2	3.7896161830815067e+03	-1.3379047890560929e+00
91020	2	3.7764929435174299e+03	-1.2867321132777685e+00
91030	2	3.7638832622784867e+03	-1.2349903031894256e+00
91040	2	3.7517959775267936e+03	-1.1826958004285901e+00
91050	2	3.7402306493257552e+03	-1.1298662448981376e+00
91060	2	3.7292005353927616e+03	-1.0765147511136186e+00
91070	2	3.7187039732529383e+03	-1.0226634140383317e+00
91080	2	3.7087490343091949e+03	-9.6833051944519444e-01
91090	2	3.6993381067639002e+03	-9.1354005910586245e-01
91100	2	3.6904796536946469e+03	-8.5830996450329922e-01
91110	2	3.6821729328611918e+03	-8.0266470681631075e-01
91120	2	3.6744260587626250e+03	-7.4662949041623450e-01
91130	2	3.6672412579097090e+03	-6.9022156103493459e-01
91140	2	3.6606233988653680e+03	-6.3346948449967677e-01
91150	2	3.6545728860484332e+03	-5.7640625305324988e-01
91160	2	3.6490957311197526e+03	-5.1904842609979174e-01
91170	2	3.6441929243597920e+03	-4.6142906797032163e-01
91180	2	3.6398677420391891e+03	-4.0357603955590288e-01
91190	2	3.6361202046348567e+03	-3.4551510271444058e-01
91200	2	3.6329579932537663e+03	-2.8727513858555798e-01
91210	2	3.6303755683000336e+03	-2.2889022080894034e-01
91220	2	3.6283811316734900e+03	-1.7038488001591692e-01
91230	2	3.6269706032009512e+03	-1.1179193549003598e-01
91240	2	3.6261444753643068e+03	-5.3139793869858419e-02
91250	2	3.6259078608514374e+03	5.5398865726147325e-03
91260	2	3.6262564077024749e+03	6.4218134940205673e-02
91270	2	3.6271914400911833e+03	1.2286483537067908e-01
91280	2	3.6287147877471207e+03	1.8144395221998988e-01
91290	2	3.6308207800223145e+03	2.3993395780144233e-01
91300	2	3.6335112414436526e+03	2.9829633617799384e-01
91310	2	3.6367861427805219e+03	3.5650783580112827e-01
91320	2	3.6406414870392032e+03	4.1453763744883521e-01
91330	2	3.6450771750215508e+03	4.7235683867630318e-01
91340	2	3.6500857569966274e+03	5.2993236449031322e-01
91350	2	3.6556739983972511e+03	5.8724168322428716e-01
91360	2	3.6618312509253783e+03	6.4425960740334820e-01
91370	2	3.6685564962322010e+03	7.0095466426375153e-01
91380	2	3.6758473292090530e+03	7.5730135356825601e-01
91390	2	3.6837013226179452e+03	8.1327796363880778e-01
91400	2	3.6921131408497458e+03	8.6885742245319308e-01
91410	2	3.7010783863964862e+03	9.2401910128936560e-01
91420	2	3.7105928034496264e+03	9.7873682202720069e-01
91430	2	3.7206508470337703e+03	1.0329925713733903e+00
91440	2	3.7312501135284128e+03	1.0867614649364907e+00
91450	2	3.7423854078982044e+03	1.1400298118432532e+00
91460	2	3.7540500310527113e+03	1.1927737710083901e+00
91470	2	3.7662396390266190e+03	1.2449805971678924e+00
91480	2	3.7789450662354625e+03	1.2966304646539342e+00
91490	2	3.7921679353830295e+03	1.3477080494195819e+00
91500	2	3.8058994694276935e+03	1.3982014441680890e+00
91510	2	3.8201322086635482e+03	1.4480940280788741e+00
91520	2	3.8348581121791240e+03	1.4973743729896298e+00
91530	2	3.8500762688108180e+03	1.5460322997742020e+00
91540	2	3.8657770697856677e+03	1.5940559542012733e+00
91550	2	3.8819554578996567e+03	1.6414366297086533e+00
91560	2	3.8986036328325190e+03	1.6881669125199976e+00
91570	2	3.9157174132524669e+03	1.7342375370857390e+00
91580	2	3.9332850645376029e+03	1.7796443524537946e+00
91590	2	3.9513093028635280e+03	1.8243791615795610e+00
91600	2	3.9697705603104373e+03	1.8684369396634843e+00
91610	2	3.9886747759948908e+03	1.9118169022336686e+00
91620	2	4.0080071597314545e+03	1.9545152552011011e+00
91630	2	4.0277616278599894e+03	1.9965283320682154e+00
91640	2	4.0479344705565177e+03	2.0378549593855610e+00
91650	2	4.0685161784151046e+03	2.0784957356269613e+00
91660	2	4.0895027225648628e+03	2.1184527295436277e+00
91670	2	4.1108836779853709e+03	2.1577201652794837e+00
91680	2	4.1326542643208504e+03	2.1963027557029617e+00
91690	2	4.1548079873415036e+03	2.2342018702242878e+00
91700	2	4.1773357401275671e+03	2.2714237178375356e+00
91710	2	4.2002345399733804e+03	2.3079657758966219e+00
91720	2	4.2234928905667748e+03	2.3438364292366196e+00
91730	2	4.2471085289105404e+03	2.3790379743047776e+00
91740	2	4.2710715062134004e+03	2.4135708340637261e+00
91750	2	4.2953775851928594e+03	2.4474472132733212e+00
91760	2	4.3200183630915290e+03	2.4806675193422518e+00
91770	2	4.3449888332579567e+03	2.5132379899666781e+00
91780	2	4.3702803750444655e+03	2.5451642570743620e+00
91790	2	4.3958906291027852e+03	2.5764562835492089e+00
91800	2	4.4218074778371374e+03	2.6071168803605360e+00
91810	2	4.4480300461350953e+03	2.6371537279415116e+00
91820	2	4.4745476827703824e+03	2.6665722667700793e+00
91830	2	4.5013604871432508e+03	2.6953831806174451e+00
91840	2	4.5284553322833426e+03	2.7235922902798402e+00
91850	2	4.5558286766869642e+03	2.7512086330447887e+00
91860	2	4.5834757867982989e+03	2.7782349103943531e+00
91870	2	4.6113913714737728e+03	2.8046863138363993e+00
91880	2	4.6395688391446965e+03	2.8305636038010480e+00
91890	2	4.6680015575677417e+03	2.8558776955862362e+00
91900	2	4.6966848502109760e+03	2.8806384716079574e+00
91910	2	4.7256115385481844e+03	2.9048540004413845e+00
91920	2	4.7547794899212604e+03	2.9285307389988580e+00
91930	2	4.7841807394558800e+03	2.9516734153580573e+00
91940	2	4.8138105899452794e+03	2.9742995399114083e+00
91950	2	4.8436660030536386e+03	2.9964074366583109e+00
91960	2	4.8737380525101962e+03	3.0180132678213605e+00
91970	2	4.9040234302513854e+03	3.0391211056120282e+00
91980	2	4.9345180676129248e+03	3.0597373950176090e+00
91990	2	4.9652169028043181e+03	3.0798727957983152e+00
92000	2	4.9961136980397259e+03	3.0995397717540967e+00
92010	2	5.0272052685919125e+03	3.1187356868327543e+00
92020	2	5.0584875575077986e+03	3.1374802359700520e+00
92030	2	5.0899538626858248e+03	3.1557712620681126e+00
92040	2	5.1216013055426283e+03	3.1736229165491192e+00
92050	2	5.1534257200523780e+03	3.1910396488145283e+00
92060	2	5.1854227395374310e+03	3.2080329459376724e+00
92070	2	5.2175836967974656e+03	3.2246032822610569e+00
92080	2	5.2499135782189842e+03	3.2407664695489165e+00
92090	2	5.2823986295525247e+03	3.2565274175731616e+00
92100	2	5.3150402000629529e+03	3.2718858540590436e+00
92110	2	5.3478355725320853e+03	3.2868582975271163e+00
92120	2	5.3807771699180212e+03	3.3014503731278673e+00
92130	2	5.4138621106715700e+03	3.3156653219439711e+00
92140	2	5.4470889534224179e+03	3.3295087773392078e+00
92150	2	5.4804502166395559e+03	3.3429947212382145e+00
92160	2	5.5139449768600025e+03	3.3561246767864694e+00
92170	2	5.5475732756188499e+03	3.3689046810302283e+00
92180	2	5.5813234136458495e+03	3.3813431928431812e+00
92190	2	5.6151993587715615e+03	3.3934449253172438e+00
92200	2	5.6491929277294912e+03	3.4052199300868535e+00
92210	2	5.6833030509913988e+03	3.4166700712964242e+00
92220	2	5.7175252873225936e+03	3.4278009376007224e+00
92230	2	5.7518577740305718e+03	3.4386206481400987e+00
92240	2	5.7862957494697057e+03	3.4491359476202881e+00
92250	2	5.8208409228763949e+03	3.4593464227658330e+00
92260	2	5.8554822561346873e+03	3.4692639221652648e+00
92270	2	5.8902234217570613e+03	3.4788934334556179e+00
92280	2	5.9250602331796899e+03	3.4882361694805493e+00
92290	2	5.9599858024171417e+03	3.4973021336063854e+00
92300	2	5.9950070845109440e+03	3.5060952777076988e+00
92310	2	6.0301066042633302e+03	3.5146149343940669e+00
92320	2	6.0652969095611470e+03	3.5228713298199912e+00
92330	2	6.1005657582332151e+03	3.5308709667432443e+00
92340	2	6.1359114036510427e+03	3.5386145628858419e+00
92350	2	6.1713339335435812e+03	3.5461100603543492e+00
92360	2	6.2068325323396939e+03	3.5533579864741003e+00
92370	2	6.2424024216778926e+03	3.5603650351772895e+00
92380	2	6.2780404257326800e+03	3.5671358607671606e+00
92390	2	6.3137445113906006e+03	3.5736742083888959e+00
92400	2	6.3495121881532223e+03	3.5799809109236103e+00
92410	2	6.3853430273207250e+03	3.5860673151613747e+00
92420	2	6.4212350404003791e+03	3.5919307831064695e+00
92430	2	6.4571813970591247e+03	3.5975769531710560e+00
92440	2	6.4931838784554993e+03	3.6030126839130148e+00
92450	2	6.5292405247786310e+03	3.6082387831525669e+00
92460	2	6.5653491010897633e+03	3.6132587219093439e+00
92470	2	6.6015046486235451e+03	3.6180735033692146e+00
92480	2	6.6377098063731555e+03	3.6226921971920629e+00
94870	1	6.6596625109062252e+03	-3.5669303612023966e+00
94880	1	6.6240162521232387e+03	-3.5623797821274006e+00
94890	1	6.5884165850156323e+03	-3.5576334788846307e+00
94900	1	6.5528648002210066e+03	-3.5526943007381679e+00
94910	1	6.5173628469429532e+03	-3.5475571393209160e+00
94920	1	6.4819147126338112e+03	-3.5422166448748400e+00
94930	1	6.4465192131225895e+03	-3.5366711894632639e+00
94940	1	6.4111819282014776e+03	-3.5309181198076662e+00
94950	1	6.3759030717673313e+03	-3.5249525830233819e+00
94960	1	6.3406812038448779e+03	-3.5187704945024847e+00
94970	1	6.3055253885974998e+03	-3.5123661358457618e+00
94980	1	6.2704370459649490e+03	-3.5057408838466144e+00
94990	1	6.2354123319977507e+03	-3.4988856823379804e+00
95000	1	6.2004593547171835e+03	-3.4917977318468369e+00
95010	1	6.1655788852257410e+03	-3.4844763587255705e+00
95020	1	6.1307695564925352e+03	-3.4769107996255673e+00
95030	1	6.0960389560383383e+03	-3.4691038393664093e+00
95040	1	6.0613890816529638e+03	-3.4610421875182307e+00
95050	1	6.0268200862870544e+03	-3.4527320023576253e+00
95060	1	5.9923357318841645e+03	-3.4441617050124038e+00
95070	1	5.9579380369691371e+03	-3.4353285078162075e+00
95080	1	5.9236280988602493e+03	-3.4262259119113856e+00
95090	1	5.8894136862659707e+03	-3.4168531507871864e+00
95100	1	5.8552931414943778e+03	-3.4072000766272308e+00
95110	1	5.8212684625649672e+03	-3.3972655805481846e+00
95120	1	5.7873476994488610e+03	-3.3870455280192169e+00
95130	1	5.7535316883921632e+03	-3.3765272899999101e+00
95140	1	5.7198183709090863e+03	-3.3657126834194289e+00
95150	1	5.6862179372389091e+03	-3.3545909831370255e+00
95160	1	5.6527268963985307e+03	-3.3431647356284184e+00
95170	1	5.6193557755269849e+03	-3.3314181999556385e+00
95180	1	5.5861022363340971e+03	-3.3193530127344113e+00
95190	1	5.5529706609866271e+03	-3.3069601619118001e+00
95200	1	5.5199628414844201e+03	-3.2942324953110655e+00
95210	1	5.4870850112175367e+03	-3.2811682183515885e+00
95220	1	5.4543418722222550e+03	-3.2677561472503345e+00
95230	1	5.4217320085922684e+03	-3.2539905642917675e+00
95240	1	5.3892624953374925e+03	-3.2398712428869851e+00
95250	1	5.3569370846166612e+03	-3.2253850401145643e+00
95260	1	5.3247578129159183e+03	-3.2105276945193952e+00
95270	1	5.2927257014845572e+03	-3.1952903766764593e+00
95280	1	5.2608509495614999e+03	-3.1796694506561551e+00
95290	1	5.2291345398789381e+03	-3.1636607941365544e+00
95300	1	5.1975802468423244e+03	-3.1472498338867383e+00
95310	1	5.1661921634474438e+03	-3.1304309526874183e+00
95320	1	5.1349728512077827e+03	-3.1132048264294325e+00
95330	1	5.1039276983487644e+03	-3.0955575915347842e+00
95340	1	5.0730635902942431e+03	-3.0774794824784770e+00
95350	1	5.0423805572996662e+03	-3.0589702523133386e+00
95360	1	5.0118845111397213e+03	-3.0400189930881312e+00
95370	1	4.9815817306055751e+03	-3.0206148747021593e+00
95380	1	4.9514741001567718e+03	-3.0007556485470062e+00
95390	1	4.9215693882495825e+03	-2.9804338755687438e+00
95400	1	4.8918665675524480e+03	-2.9596391746023207e+00
95410	1	4.8623776851401917e+03	-2.9383643623852582e+00
95420	1	4.8331023856384900e+03	-2.9165984190048291e+00
95430	1	4.8040455403322521e+03	-2.8943415456214692e+00
95440	1	4.7752167093870712e+03	-2.8715809461423838e+00
95450	1	4.7466170310604002e+03	-2.8483123744530432e+00
95460	1	4.7182531636322483e+03	-2.8245219602662814e+00
95470	1	4.6901261319430987e+03	-2.8002096588048291e+00
95480	1	4.6622483269008653e+03	-2.7753621762728167e+00
95490	1	4.6346221699351745e+03	-2.7499734185039149e+00
95500	1	4.6072491338071341e+03	-2.7240370651281691e+00
95510	1	4.5801415969853997e+03	-2.6975464746561904e+00
95520	1	4.5533006615089453e+03	-2.6704907225884158e+00
95530	1	4.5267359011029221e+03	-2.6428670924259938e+00
95540	1	4.5004464205196518e+03	-2.6146662611944840e+00
95550	1	4.4744468218368384e+03	-2.5858801219291974e+00
95560	1	4.4487321899192548e+03	-2.5565086825355130e+00
95570	1	4.4233164769775185e+03	-2.5265351084233942e+00
95580	1	4.3982025102120142e+03	-2.4959613239963305e+00
95590	1	4.3733981489563048e+03	-2.4647789527258528e+00
95600	1	4.3489099697980637e+03	-2.4329812214552171e+00
95610	1	4.3247421039967785e+03	-2.4005641042698871e+00
95620	1	4.3009014546271628e+03	-2.3675202022869666e+00
95630	1	4.2773940204539695e+03	-2.3338478553523672e+00
95640	1	4.2542262885118798e+03	-2.2995384009463709e+00
95650	1	4.2314039874465916e+03	-2.2645916665961225e+00
95660	1	4.2089354707199600e+03	-2.2290034124005524e+00
95670	1	4.1868252079952990e+03	-2.1927709252914673e+00
95680	1	4.1650821155919321e+03	-2.1558890122559227e+00
95690	1	4.1437108691412113e+03	-2.1183576331880150e+00
95700	1	4.1227158856323404e+03	-2.0801729733770569e+00
95710	1	4.1021087662404634e+03	-2.0413379269870635e+00
95720	1	4.0818922938000378e+03	-2.0018483329205674e+00
95730	1	4.0620744843795856e+03	-1.9617050628615773e+00
95740	1	4.0426604443743095e+03	-1.9209096718954428e+00
95750	1	4.0236580382389384e+03	-1.8794671460175800e+00
95760	1	4.0050723518273248e+03	-1.8373703548029809e+00
95770	1	3.9869119850052653e+03	-1.7946273602690106e+00
95780	1	3.9691819587020664e+03	-1.7512429393500786e+00
95790	1	3.9518906992846582e+03	-1.7072232635804514e+00
95800	1	3.9350413426033497e+03	-1.6625683417728454e+00
95810	1	3.9186392346052357e+03	-1.6172895645489502e+00
95820	1	3.9026960909033869e+03	-1.5713902381556408e+00
95830	1	3.8872150187160955e+03	-1.5248760184884320e+00
95840	1	3.8722022464824859e+03	-1.4777603774620283e+00
95850	1	3.8576623525414561e+03	-1.4300534727080167e+00
95860	1	3.8436034515471201e+03	-1.3817616982264926e+00
95870	1	3.8300274658015896e+03	-1.3328991989546024e+00
95880	1	3.8169458232276252e+03	-1.2834766032404281e+00
95890	1	3.8043597470362201e+03	-1.2335091366538073e+00
95900	1	3.7922781507160739e+03	-1.1830116103565969e+00
95910	1	3.7807017922762780e+03	-1.1319927215646577e+00
95920	1	3.7696405794882339e+03	-1.0804806907879847e+00
95930	1	3.7590929175417327e+03	-1.0284830755074701e+00
95940	1	3.7490717964067608e+03	-9.7602069969999539e-01
95950	1	3.7395735361348279e+03	-9.2311019393592564e-01
95960	1	3.7306100072731901e+03	-8.6977611343601247e-01
95970	1	3.7221814503269798e+03	-8.1603554602001227e-01
95980	1	3.7142918829012615e+03	-7.6190939022808013e-01
95990	1	3.7069448455001893e+03	-7.0742514510498034e-01
96000	1	3.7001423600143871e+03	-6.5260076236232301e-01
96010	1	3.6938940398650952e+03	-5.9746043700860785e-01
96020	1	3.6881966890611484e+03	-5.4203063521801254e-01
96030	1	3.6830530666166101e+03	-4.8633515530246352e-01
96040	1	3.6784710362213459e+03	-4.3039692631859139e-01
96050	1	3.6744460598934420e+03	-3.7424718345060343e-01
96060	1	3.6709848263075028e+03	-3.1791191443763744e-01
96070	1	3.6680890965608628e+03	-2.6141442618179256e-01
96080	1	3.6657584463089379e+03	-2.0478955986594685e-01
96090	1	3.6639939608164555e+03	-1.4805647369503711e-01
96100	1	3.6627972398720772e+03	-9.1244836870719104e-02
96110	1	3.6621693365766755e+03	-3.4386042407493274e-02
96120	1	3.6621089387817310e+03	2.2489965457912618e-02
96130	1	3.6626192000619367e+03	7.9359503306396253e-02
96140	1	3.6636969361288766e+03	1.3619339772264624e-01
96150	1	3.6653405821492338e+03	1.9296077541955994e-01
96160	1	3.6675546309245692e+03	2.4963498603397835e-01
96170	1	3.6703353922365059e+03	3.0618914430296890e-01
96180	1	3.6736781491130159e+03	3.6259615170205467e-01
96190	1	3.6775851613115956e+03	4.1882554860319848e-01
96200	1	3.6820541002776158e+03	4.7485253571837516e-01
96210	1	3.6870830218020651e+03	5.3065317120542599e-01
96220	1	3.6926653116020780e+03	5.8619783799081149e-01
96230	1	3.6988058876385367e+03	6.4146226233001757e-01
96240	1	3.7054955858329699e+03	6.9642265459299180e-01
96250	1	3.7127329478087295e+03	7.5105204959324490e-01
96260	1	3.7205140078325730e+03	8.0533185683177044e-01
96270	1	3.7288366866593365e+03	8.5923472528337852e-01
96280	1	3.7376989636256112e+03	9.1274655543378413e-01
96290	1	3.7470917127951757e+03	9.6583522443036218e-01
96300	1	3.7570134122024783e+03	1.0184877367867948e+00
96310	1	3.7674597256589541e+03	1.0706845387323751e+00
96320	1	3.7784258159790993e+03	1.1224076667825429e+00
96330	1	3.7899064084410907e+03	1.1736355694840612e+00
96340	1	3.8018976381367820e+03	1.2243569073691880e+00
96350	1	3.8143920983337002e+03	1.2745525419316466e+00
96360	1	3.8273857950551705e+03	1.3242100271701762e+00
96370	1	3.8408747752929739e+03	1.3733152056160429e+00
96380	1	3.8548520051629762e+03	1.4218527453683887e+00
96390	1	3.8693091811195209e+03	1.4698144577731429e+00
96400	1	3.8842454170070018e+03	1.5171857565610711e+00
96410	1	3.8996495825072443e+03	1.5639629306793907e+00
96420	1	3.9155227855012804e+03	1.6101293533801302e+00
96430	1	3.9318506348740834e+03	1.6556822313887718e+00
96440	1	3.9486328436770536e+03	1.7006098540077985e+00
96450	1	3.9658619952412132e+03	1.7449113871236188e+00
96460	1	3.9835288668799672e+03	1.7885759337855065e+00
96470	1	4.0016285185076918e+03	1.8316032133728151e+00
96480	1	4.0201571833523112e+03	1.8739850991830396e+00
96490	1	4.0391068499020280e+03	1.9157213922629766e+00
96500	1	4.0584719655003405e+03	1.9568092784333277e+00
96510	1	4.0782417239686902e+03	1.9972440567165086e+00
96520	1	4.0984137982547527e+03	2.0370292923803981e+00
96530	1	4.1189795491328359e+03	2.0761606832479726e+00
96540	1	4.1399370621438093e+03	2.1146420631989624e+00
96550	1	4.1612710512848207e+03	2.1524683210756939e+00
96560	1	4.1829816415797486e+03	2.1896504155828769e+00
96570	1	4.2050624207083883e+03	2.2261837980096217e+00
96580	1	4.2275023991260914e+03	2.2620695593333715e+00
96590	1	4.2503009150068183e+03	2.2973152232490208e+00
96600	1	4.2734482551842502e+03	2.3319209190339727e+00
96610	1	4.2969398492002138e+03	2.3658936138490736e+00
96620	1	4.3207642179813874e+03	2.3992341640649353e+00
96630	1	4.3449206655356957e+03	2.4319489921491861e+00
96640	1	4.3694016014049130e+03	2.4640422426454989e+00
96650	1	4.3942001869480782e+03	2.4955192236199024e+00
96660	1	4.4193086600743663e+03	2.5263879189854088e+00
96670	1	4.4447252517117176e+03	2.5566498117882617e+00
96680	1	4.4704385379375581e+03	2.5863161770907563e+00
96690	1	4.4964497338632555e+03	2.6153907862239394e+00
96700	1	4.5227449568026923e+03	2.6438770995799032e+00
96710	1	4.5493247409962514e+03	2.6717882804099493e+00
96720	1	4.5761801567094099e+03	2.6991284501784358e+00
96730	1	4.6033047050925143e+03	2.7259012153200701e+00
96740	1	4.6306973698673746e+03	2.7521162631988090e+00
96750	1	4.6583455251870682e+03	2.7777819221035354e+00
96760	1	4.6862492962028782e+03	2.8029042280257026e+00
96770	1	4.7144030424749280e+03	2.8274930610438940e+00
96780	1	4.7427993516039378e+03	2.8515532594521038e+00
96790	1	4.7714318710313837e+03	2.8750925051695253e+00
96800	1	4.8002971287668106e+03	2.8981196933414384e+00
96810	1	4.8293934498157578e+03	2.9206412809088200e+00
96820	1	4.8587086069544648e+03	2.9426672096728459e+00
96830	1	4.8882420800397877e+03	2.9642024711650508e+00
96840	1	4.9179907872954645e+03	2.9852522623357465e+00
96850	1	4.9479491467560438e+03	3.0058325345654495e+00
96860	1	4.9781089295340080e+03	3.0259440605587109e+00
96870	1	5.0084651594613742e+03	3.0455937588433764e+00
96880	1	5.0390173618513645e+03	3.0647949635712339e+00
96890	1	5.0697575838605826e+03	3.0835497644800482e+00
96900	1	5.1006850231625294e+03	3.1018685485358710e+00
96910	1	5.1317960524128357e+03	3.1197585186481462e+00
96920	1	5.1630803015628389e+03	3.1372240760269015e+00
96930	1	5.1945375973299861e+03	3.1542759991413605e+00
96940	1	5.2261641431243279e+03	3.1709174578581045e+00
96950	1	5.2579548952576743e+03	3.1871578439323884e+00
96960	1	5.2899063858953377e+03	3.2030074759612046e+00
96970	1	5.3220130915476757e+03	3.2184650391620475e+00
96980	1	5.3542747623174537e+03	3.2335445782864203e+00
96990	1	5.3866841231494882e+03	3.2482502521439298e+00
97000	1	5.4192391786434673e+03	3.2625916346617934e+00
97010	1	5.4519339368196333e+03	3.2765675388991902e+00
97020	1	5.4847701158630971e+03	3.2901908873188956e+00
97030	1	5.5177367743920468e+03	3.3034683668568090e+00
97040	1	5.5508372640230000e+03	3.3163995132143467e+00
97050	1	5.5840635470142051e+03	3.3289999478741588e+00
97060	1	5.6174173188073037e+03	3.3412679282064373e+00
97070	1	5.6508878052441833e+03	3.3532122284045460e+00
97080	1	5.6844797362332747e+03	3.3648391093745742e+00
97090	1	5.7181836830614448e+03	3.3761548720633661e+00
97100	1	5.7520018276558158e+03	3.3871639982595716e+00
97110	1	5.7859273902511550e+03	3.3978697129198054e+00
97120	1	5.8199571437841350e+03	3.4082805931832283e+00
97130	1	5.8540906310461760e+03	3.4184035716930525e+00
97140	1	5.8883238433205033e+03	3.4282383861014796e+00
97150	1	5.9226546073607415e+03	3.4377955372838138e+00
97160	1	5.9570789352069705e+03	3.4470751984656625e+00
97170	1	5.9915935080782483e+03	3.4560855823080239e+00
97180	1	6.0261999114290684e+03	3.4648303482524447e+00
97190	1	6.0608914131378915e+03	3.4733146000468746e+00
97200	1	6.0956648697997880e+03	3.4815432311239629e+00
97210	1	6.1305205042756324e+03	3.4895187295257606e+00
97220	1	6.1654546002408897e+03	3.4972499901637271e+00
97230	1	6.2004653112250062e+03	3.5047355748277775e+00
97240	1	6.2355483557756324e+03	3.5119873486741300e+00
97250	1	6.2707030673844893e+03	3.5190011866030799e+00
97260	1	6.3059299863400165e+03	3.5257831028114350e+00
97270	1	6.3412187278560805e+03	3.5323439527604354e+00
97280	1	6.3765751388034914e+03	3.5386824455614323e+00
97290	1	6.4119910044202925e+03	3.5448011118017888e+00
97300	1	6.4474718347820135e+03	3.5507021826394767e+00
97310	1	6.4830055255860334e+03	3.5563957836588451e+00
97320	1	6.5185982244354836e+03	3.5618799510860484e+00
97330	1	6.5542432042903465e+03	3.5671624813484795e+00
97340	1	6.5899396083608954e+03	3.5722418060871068e+00
97350	1	6.6256869393915003e+03	3.5771266043054735e+00
97360	1	6.6614808821604429e+03	3.5818165639427648e+00
98380	3	6.6333935765032247e+03	-3.5207598085977523e+00
98390	3	6.5982155362519479e+03	-3.5149412967525002e+00
98400	3	6.5630961885453626e+03	-3.5089034432665982e+00
98410	3	6.5280381560966953e+03	-3.5026404187012865e+00
98420	3	6.4930449660806189e+03	-3.4961513060078468e+00
98430	3	6.4581153352818155e+03	-3.4894324792121267e+00
98440	3	6.4232560137733126e+03	-3.4824833466208069e+00
98450	3	6.3884668311429277e+03	-3.4752888828616171e+00
98460	3	6.3537517536968144e+03	-3.4678569931173695e+00
98470	3	6.3191122189197340e+03	-3.4601781349587362e+00
98480	3	6.2845504045060934e+03	-3.4522465426165718e+00
98490	3	6.2500689640925375e+03	-3.4440608934900316e+00
98500	3	6.2156672607570526e+03	-3.4356168742613971e+00
98510	3	6.1813546920483031e+03	-3.4269067244083939e+00
98520	3	6.1471329498331133e+03	-3.4179303137724331e+00
98530	3	6.1129981020965597e+03	-3.4086788964040369e+00
98540	3	6.0789577820944296e+03	-3.3991506316263558e+00
98550	3	6.0450170356964918e+03	-3.3893406533184280e+00
98560	3	6.0111709232732510e+03	-3.3792405179217848e+00
98570	3	5.9774312996805074e+03	-3.3688506659813720e+00
98580	3	5.9437955082782109e+03	-3.3581629696081889e+00
98590	3	5.9102706455208636e+03	-3.3471702604213314e+00
98600	3	5.8768560167839360e+03	-3.3358714068381050e+00
98610	3	5.8435538955957818e+03	-3.3242576105076678e+00
98620	3	5.8103714663074779e+03	-3.3123259812174743e+00
98630	3	5.7773092862217936e+03	-3.3000689889703789e+00
98640	3	5.7443703827363443e+03	-3.2874812465896746e+00
98650	3	5.7115586797362112e+03	-3.2745589766576386e+00
98660	3	5.6788805233064440e+03	-3.2612957473518471e+00
98670	3	5.6463347420342361e+03	-3.2476852842884569e+00
98680	3	5.6139259612458682e+03	-3.2337220742383659e+00
98690	3	5.5816606276921730e+03	-3.2193975990084858e+00
98700	3	5.5495418465164321e+03	-3.2047085052513715e+00
98710	3	5.5175671073266531e+03	-3.1896470900447116e+00
98720	3	5.4857489850608899e+03	-3.1742089443331571e+00
98730	3	5.4540846043265774e+03	-3.1583854707624637e+00
98740	3	5.4225828078622926e+03	-3.1421709416460302e+00
98750	3	5.3912422625800045e+03	-3.1255595912636358e+00
98760	3	5.3600711098594420e+03	-3.1085463857695190e+00
98770	3	5.3290738981963659e+03	-3.0911233072487629e+00
98780	3	5.2982504264821491e+03	-3.0732816629325761e+00
98790	3	5.2676107868403469e+03	-3.0550155062617019e+00
98800	3	5.2371529627850914e+03	-3.0363190068209125e+00
98810	3	5.2068842016590079e+03	-3.0171861736989269e+00
98820	3	5.1768098410788562e+03	-2.9976093894121432e+00
98830	3	5.1469318523751908e+03	-2.9775830945695634e+00
98840	3	5.1172600646679475e+03	-2.9570975130480370e+00
98850	3	5.0877956574805885e+03	-2.9361447992294423e+00
98860	3	5.0585390351662300e+03	-2.9147240534694379e+00
98870	3	5.0294995625522033e+03	-2.8928237329733761e+00
98880	3	5.0006842068432434e+03	-2.8704390987354693e+00
98890	3	4.9720942005407505e+03	-2.8475589450353200e+00
98900	3	4.9437330203344864e+03	-2.8241823102792236e+00
98910	3	4.9156120385735539e+03	-2.8002992588625881e+00
98920	3	4.8877314990959540e+03	-2.7759018059836262e+00
98930	3	4.8600954093902255e+03	-2.7509882960593632e+00
98940	3	4.8327117693128712e+03	-2.7255474825165256e+00
98950	3	4.8055850154644413e+03	-2.6995723665708065e+00
98960	3	4.7787224894473220e+03	-2.6730562873521313e+00
98970	3	4.7521256493286892e+03	-2.6460009536668099e+00
98980	3	4.7258039044688321e+03	-2.6183921694382648e+00
98990	3	4.6997602765535339e+03	-2.5902247769038995e+00
99000	3	4.6740015867151596e+03	-2.5614931938598411e+00
99010	3	4.6485331867599498e+03	-2.5321930250293287e+00
99020	3	4.6233592509820892e+03	-2.5023209825195831e+00
99030	3	4.5984883276107366e+03	-2.4718653822242573e+00
99040	3	4.5739225872052639e+03	-2.4408277878775384e+00
99050	3	4.5496746751406326e+03	-2.4091986926059605e+00
99060	3	4.5257412992520831e+03	-2.3769773545060922e+00
99070	3	4.5021358338267373e+03	-2.3441573639036375e+00
99080	3	4.4788613141678234e+03	-2.3107343977771007e+00
99090	3	4.4559243109627951e+03	-2.2767086661581062e+00
99100	3	4.4333281977755923e+03	-2.2420746681964938e+00
99110	3	4.4110840172625449e+03	-2.2068247428565155e+00
99120	3	4.3891939259329993e+03	-2.1709660555025558e+00
99130	3	4.3676656248620802e+03	-2.1344906923479590e+00
99140	3	4.3465067085979317e+03	-2.0973986829228095e+00
99150	3	4.3257206129900196e+03	-2.0596898960553314e+00
99160	3	4.3053149636555536e+03	-2.0213645964858777e+00
99170	3	4.2852945541557037e+03	-1.9824179884483308e+00
99180	3	4.2656681821791690e+03	-1.9428576564530486e+00
99190	3	4.2464408352340906e+03	-1.9026787077675540e+00
99200	3	4.2276178404651255e+03	-1.8618903311252268e+00
99210	3	4.2092044798959896e+03	-1.8204867634801800e+00
99220	3	4.1912113978825410e+03	-1.7784795910660067e+00
99230	3	4.1736361584664792e+03	-1.7358686634185048e+00
99240	3	4.1564927249629382e+03	-1.6926554160298086e+00
99250	3	4.1397876783882002e+03	-1.6488490110682568e+00
99260	3	4.1235180873886638e+03	-1.6044573565793216e+00
99270	3	4.1076986308842843e+03	-1.5594857487859355e+00
99280	3	4.0923302357117004e+03	-1.5139383425697790e+00
99290	3	4.0774207505882314e+03	-1.4678311271693179e+00
99300	3	4.0629757363171052e+03	-1.4211603106033883e+00
99310	3	4.0490003244494937e+03	-1.3739507585335737e+00
99320	3	4.0354988073483246e+03	-1.3262043686170273e+00
99330	3	4.0224789658357790e+03	-1.2779400206644396e+00
99340	3	4.0099417648021031e+03	-1.2291598914232793e+00
99350	3	3.9978978144807097e+03	-1.1798844983002619e+00
99360	3	3.9863452611698867e+03	-1.1301285050284977e+00
99370	3	3.9752939915666975e+03	-1.0799026884658149e+00
99380	3	3.9647498424631103e+03	-1.0292267060530542e+00
99390	3	3.9547138312638954e+03	-9.7811086124459201e-01
99400	3	3.9451884771058944e+03	-9.2658189180415107e-01
99410	3	3.9361834711037773e+03	-8.7464790495592648e-01
99420	3	3.9276967519436798e+03	-8.2233660736499392e-01
99430	3	3.9197360710079379e+03	-7.6966382726196481e-01
99440	3	3.9123036379354562e+03	-7.1664675068364669e-01
99450	3	3.9054058944472349e+03	-6.6331149349632312e-01
99460	3	3.8990383480692594e+03	-6.0967606953372988e-01
99470	3	3.8932118900681426e+03	-5.5576378405738147e-01
99480	3	3.8879244169436311e+03	-5.0159785752875774e-01
99490	3	3.8831802361347923e+03	-4.4720158577324354e-01
99500	3	3.8789815630664007e+03	-3.9259776197821150e-01
99510	3	3.8753298038997887e+03	-3.3780938373957253e-01
99520	3	3.8722263959146130e+03	-2.8286303367540527e-01
99530	3	3.8696719626799704e+03	-2.2778483794028945e-01
99540	3	3.8676711558833517e+03	-1.7259473047019985e-01
99550	3	3.8662216591012184e+03	-1.1732657434563347e-01
99560	3	3.8653243602333237e+03	-6.1997197066477203e-02
99570	3	3.8649811074985737e+03	-6.6325441404051100e-03
99580	3	3.8651906314445296e+03	4.8734254638914960e-02
99590	3	3.8659562651213623e+03	1.0408211557330406e-01
99600	3	3.8672750028517403e+03	1.5938731934535946e-01
99610	3	3.8691442188925271e+03	2.1462088868762419e-01
99620	3	3.8715653473358934e+03	2.6975883791967453e-01
99630	3	3.8745388261788953e+03	3.2477646486973771e-01
99640	3	3.8780606813576060e+03	3.7964704713990205e-01
99650	3	3.8821311913905238e+03	4.3434608826196519e-01
99660	3	3.8867469115539366e+03	4.8885167330846707e-01
99670	3	3.8919069461630838e+03	5.4313942865814924e-01
99680	3	3.8976103478841164e+03	5.9718505996509763e-01
99690	3	3.9038498386969541e+03	6.5096335680777739e-01
99700	3	3.9106276838224298e+03	7.0445331588168059e-01
99710	3	3.9179385412454508e+03	7.5763627879622686e-01
99720	3	3.9257799965978184e+03	8.1048867723666740e-01
99730	3	3.9341462011807694e+03	8.6298800983116852e-01
99740	3	3.9430378435516964e+03	9.1511895919784569e-01
99750	3	3.9524475053783026e+03	9.6685886371345497e-01
99760	3	3.9623725556532195e+03	1.0181913595858538e+00
99770	3	3.9728097366558345e+03	1.0690970020471846e+00
99780	3	3.9837540996478197e+03	1.1195601659431840e+00
99790	3	3.9951987505184752e+03	1.1695625622891881e+00
99800	3	4.0071447618129841e+03	1.2190924525920945e+00
99810	3	4.0195816053651060e+03	1.2681327180240944e+00
99820	3	4.0325034405661258e+03	1.3166717982758476e+00
99830	3	4.0459110861530385e+03	1.3646946963233921e+00
99840	3	4.0597967596229332e+03	1.4121895367081085e+00
99850	3	4.0741538373480607e+03	1.4591490612190177e+00
99860	3	4.0889787895658260e+03	1.5055533793185907e+00
99870	3	4.1042625992812018e+03	1.5514030623913544e+00
99880	3	4.1200051976059149e+03	1.5966853576597386e+00
99890	3	4.1361936544442233e+03	1.6413940720121272e+00
99900	3	4.1528296200130617e+03	1.6855178316551434e+00
99910	3	4.1699032200315069e+03	1.7290529871556315e+00
99920	3	4.1874076749432470e+03	1.7719954588671389e+00
99930	3	4.2053408624935482e+03	1.8143355998657329e+00
99940	3	4.2236930973817598e+03	1.8560732758539755e+00
99950	3	4.2424611198452803e+03	1.8972041554143584e+00
99960	3	4.2616359580957751e+03	1.9377240081348550e+00
99970	3	4.2812145517308254e+03	1.9776302952913678e+00
99980	3	4.3011869802986439e+03	2.0169225079143951e+00
99990	3	4.3215492261134086e+03	2.0556001859294168e+00
100000	3	4.3422940414742470e+03	2.0936648046677546e+00
100010	3	4.3634202061507704e+03	2.1311090430132951e+00
100020	3	4.3849153334637667e+03	2.1679410581443110e+00
100030	3	4.4067795000196256e+03	2.2041577090122808e+00
100040	3	4.4289973077351815e+03	2.2397644763394422e+00
100050	3	4.4515707267123034e+03	2.2747588918004018e+00
100060	3	4.4744907772718507e+03	2.3091472960676707e+00
100070	3	4.4977511467283239e+03	2.3429297172248198e+00
100080	3	4.5213451227388414e+03	2.3761107559865704e+00
100090	3	4.5452735538105508e+03	2.4086938225703887e+00
100100	3	4.5695191914442030e+03	2.4406809218338013e+00
100110	3	4.5940823503937791e+03	2.4720819286974192e+00
100120	3	4.6189582998158467e+03	2.5028968301670984e+00
100130	3	4.6441407483583880e+03	2.5331331427128672e+00
100140	3	4.6696194071784021e+03	2.5627920196674707e+00
100150	3	4.6953932753873496e+03	2.5918816980156372e+00
100160	3	4.7214546831337930e+03	2.6204096159750727e+00
100170	3	4.7477978878275908e+03	2.6483758681734186e+00
100180	3	4.7744200097962266e+03	2.6757921712506394e+00
100190	3	4.8013125794562875e+03	2.7026606795906898e+00
100200	3	4.8284722327875970e+03	2.7289920868964366e+00
100210	3	4.8558916515440633e+03	2.7547866796833147e+00
100220	3	4.8835659630532728e+03	2.7800548728555836e+00
100230	3	4.9114916009119652e+03	2.8048030155936443e+00
100240	3	4.9396601490977555e+03	2.8290366036322543e+00
100250	3	4.9680701536453425e+03	2.8527635544678547e+00
100260	3	4.9967132309654717e+03	2.8759895220360061e+00
100270	3	5.0255870816038951e+03	2.8987238582938275e+00
100280	3	5.0546866193128453e+03	2.9209686248326290e+00
100290	3	5.0840066353635166e+03	2.9427326556008704e+00
100300	3	5.1135401869355892e+03	2.9640249890352806e+00
100310	3	5.1432850588677593e+03	2.9848507585423389e+00
100320	3	5.1732347775201124e+03	3.0052178645559962e+00
100330	3	5.2033869252142476e+03	3.0251333144629347e+00
100340	3	5.2337372192851872e+03	3.0446000387873720e+00
100350	3	5.2642786116793559e+03	3.0636308233594849e+00
100360	3	5.2950064933760223e+03	3.0822282778963501e+00
100370	3	5.3259198194535575e+03	3.1004008504972429e+00
100380	3	5.3570154640642122e+03	3.1181565968135248e+00
100390	3	5.3882830266410829e+03	3.1354989505193598e+00
100400	3	5.4197228918761612e+03	3.1524356292090250e+00
100410	3	5.4513308020958411e+03	3.1689726455739460e+00
100420	3	5.4831011053831762e+03	3.1851203312973881e+00
100430	3	5.5150317422535391e+03	3.2008799121127374e+00
100440	3	5.5471180152893276e+03	3.2162606982952719e+00
100450	3	5.5793538866348945e+03	3.2312681356870749e+00
100460	3	5.6117417099849299e+03	3.2459079668067958e+00
100470	3	5.6442724482838039e+03	3.2601888170326863e+00
100480	3	5.6769447011380798e+03	3.2741140283415713e+00
100490	3	5.7097539167173809e+03	3.2876924567928705e+00
100500	3	5.7426957270000939e+03	3.3009217217145217e+00
100510	3	5.7757711051891638e+03	3.3138194149904274e+00
100520	3	5.8089712792192395e+03	3.3263862924187415e+00
100530	3	5.8422972464837430e+03	3.3386228070620070e+00
100540	3	5.8757438143223089e+03	3.3505453745048532e+00
100550	3	5.9093083825024014e+03	3.3621478822252908e+00
100560	3	5.9429860992091963e+03	3.3734433877588761e+00
100570	3	5.9767755296275827e+03	3.3844330208877929e+00
100580	3	6.0106718741524410e+03	3.3951265445554566e+00
100590	3	6.0446768852564883e+03	3.4055219818130213e+00
100600	3	6.0787839534046861e+03	3.4156311269649322e+00
100610	3	6.1129863378062118e+03	3.4254567789991976e+00
100620	3	6.1472914407221624e+03	3.4350034453553877e+00
100630	3	6.1816851299561540e+03	3.4442757653093277e+00
100640	3	6.2161752635615139e+03	3.4532776935152714e+00
100650	3	6.2507526390992643e+03	3.4620128482805477e+00
100660	3	6.2854132732806756e+03	3.4704910830586648e+00
100670	3	6.3201619592120633e+03	3.4787111123126193e+00
100680	3	6.3549885671280035e+03	3.4866798578484102e+00
100690	3	6.3898949340033405e+03	3.4944024135120966e+00
100700	3	6.4248760672164362e+03	3.5018795621900392e+00
100710	3	6.4599303209248246e+03	3.5091188909918096e+00
100720	3	6.4950574886562399e+03	3.5161229959032299e+00
100730	3	6.5302524168347672e+03	3.5228949371044394e+00
100740	3	6.5655124072556218e+03	3.5294381903053886e+00
100750	3	6.6008408230151981e+03	3.5357618707827556e+00
100760	3	6.6362291234400263e+03	3.5418620696167933e+00
100900	2	6.6643568987450017e+03	-3.3459372836847376e+00
100910	2	6.6309385630759880e+03	-3.3372985554582515e+00
100920	2	6.5976093051179769e+03	-3.3284157237224368e+00
100930	2	6.5643699887637422e+03	-3.3192878269682931e+00
100940	2	6.5312248370768066e+03	-3.3099049735378108e+00
100950	2	6.4981756322717765e+03	-3.3002691471744106e+00
100960	2	6.4652212973149308e+03	-3.2903704111505689e+00
100970	2	6.4323665226267212e+03	-3.2802085016514457e+00
100980	2	6.3996171762517170e+03	-3.2697803981789741e+00
100990	2	6.3669737104914275e+03	-3.2590799177164862e+00
101000	2	6.3344382588243470e+03	-3.2481045620489586e+00
101010	2	6.3020115802648743e+03	-3.2368489054792593e+00
101020	2	6.2696998792123468e+03	-3.2253066127234415e+00
101030	2	6.2375068127447212e+03	-3.2134793530850292e+00
101040	2	6.2054309656339001e+03	-3.2013594116537294e+00
101050	2	6.1734812450260833e+03	-3.1889395975661272e+00
101060	2	6.1416533721860733e+03	-3.1762194278663620e+00
101070	2	6.1099563698036036e+03	-3.1631924004923704e+00
101080	2	6.0783894787394256e+03	-3.1498578821088152e+00
101090	2	6.0469599260462046e+03	-3.1362084123751641e+00
101100	2	6.0156686461884528e+03	-3.1222374383303246e+00
101110	2	5.9845184173819152e+03	-3.1079446775748054e+00
101120	2	5.9535117450676862e+03	-3.0933190686004894e+00
101130	2	5.9226503384476100e+03	-3.0783609888423697e+00
101140	2	5.8919441670233200e+03	-3.0630654834143556e+00
101150	2	5.8613917522432239e+03	-3.0474290416581780e+00
101160	2	5.8309971033186375e+03	-3.0314423520558131e+00
101170	2	5.8007643155002534e+03	-3.0151016297827660e+00
101180	2	5.7706964351270562e+03	-2.9984050574042738e+00
101190	2	5.7407966683679515e+03	-2.9813461362750973e+00
101200	2	5.7110703109645247e+03	-2.9639185734918079e+00
101210	2	5.6815193463289706e+03	-2.9461198191179663e+00
101220	2	5.6521487190983225e+03	-2.9279432822076994e+00
101230	2	5.6229633753152102e+03	-2.9093831615644001e+00
101240	2	5.5939617944299744e+03	-2.8904399310564237e+00
101250	2	5.5651546212626354e+03	-2.8711020305296340e+00
101260	2	5.5365411444984738e+03	-2.8513637419543603e+00
101270	2	5.5081296780653938e+03	-2.8312265920244251e+00
101280	2	5.4799180576855279e+03	-2.8106825924732242e+00
101290	2	5.4519150612720314e+03	-2.7897257704651293e+00
101300	2	5.4241247247187321e+03	-2.7683546282989870e+00
101310	2	5.3965516482355924e+03	-2.7465580903629023e+00
101320	2	5.3691983954408133e+03	-2.7243386494330326e+00
101330	2	5.3420651954708810e+03	-2.7016857222546284e+00
101340	2	5.3151647964483391e+03	-2.6785996569354458e+00
101350	2	5.2884968476255399e+03	-2.6550729966266293e+00
101360	2	5.2620652005155289e+03	-2.6311030567657556e+00
101370	2	5.2358763018916534e+03	-2.6066825281247641e+00
101380	2	5.2099312543692740e+03	-2.5818105277747554e+00
101390	2	5.1842410753927561e+03	-2.5564795809133876e+00
101400	2	5.1588035793175932e+03	-2.5306860715874522e+00
101410	2	5.1336263668296369e+03	-2.5044309080180258e+00
101420	2	5.1087164343349359e+03	-2.4777030429217906e+00
101430	2	5.0840757023820261e+03	-2.4505040593880900e+00
101440	2	5.0597101021495419e+03	-2.4228300544868135e+00
101450	2	5.0356212229279663e+03	-2.3946787310154645e+00
101460	2	5.0118165822376995e+03	-2.3660395855884744e+00
101470	2	4.9883021030181535e+03	-2.3369206605532487e+00
101480	2	4.9650790430132956e+03	-2.3073124438473331e+00
101490	2	4.9421552255367751e+03	-2.2772123991991986e+00
101500	2	4.9195362810254219e+03	-2.2466195077539650e+00
101510	2	4.8972246023533226e+03	-2.2155331945247099e+00
101520	2	4.8752289288721377e+03	-2.1839509410572249e+00
101530	2	4.8535482764785456e+03	-2.1518723986481509e+00
101540	2	4.8321909731252172e+03	-2.1192939513967155e+00
101550	2	4.8111639813267393e+03	-2.0862175320457950e+00
101560	2	4.7904686364112504e+03	-2.0526403524654939e+00
101570	2	4.7701127251796443e+03	-2.0185647177870663e+00
101580	2	4.7501012803004242e+03	-1.9839895730240173e+00
101590	2	4.7304364134772131e+03	-1.9489149220461950e+00
101600	2	4.7111224752570070e+03	-1.9133425569684066e+00
101610	2	4.6921693430113073e+03	-1.8772731165870615e+00
101620	2	4.6735797931941897e+03	-1.8407120729619679e+00
101630	2	4.6553572215641334e+03	-1.8036591208665604e+00
101640	2	4.6375073293160185e+03	-1.7661139030968960e+00
101650	2	4.6200374686178156e+03	-1.7280835945186963e+00
101660	2	4.6029463500067595e+03	-1.6895706648694262e+00
101670	2	4.5862491611823998e+03	-1.6505809617936098e+00
101680	2	4.5699373860953247e+03	-1.6111161723891791e+00
101690	2	4.5540262726089559e+03	-1.5711808677735826e+00
101700	2	4.5385149501583037e+03	-1.5307858299585357e+00
101710	2	4.5234106803401046e+03	-1.4899308879879418e+00
101720	2	4.5087196773085261e+03	-1.4486259737672551e+00
101730	2	4.4944406913132589e+03	-1.4068774943369966e+00
101740	2	4.4805826562625016e+03	-1.3646945572054583e+00
101750	2	4.4671483033934464e+03	-1.3220851918738354e+00
101760	2	4.4541428377014781e+03	-1.2790553912872975e+00
101770	2	4.4415701976620849e+03	-1.2356144367384625e+00
101780	2	4.4294318394709235e+03	-1.1917767480476869e+00
101790	2	4.4177349220186788e+03	-1.1475475356370637e+00
101800	2	4.4064827176444951e+03	-1.1029404300803520e+00
101810	2	4.3956775333259247e+03	-1.0579667820299634e+00
101820	2	4.3853221638383729e+03	-1.0126372236314454e+00
101830	2	4.3754247420776474e+03	-9.6696819639000253e-01
101840	2	4.3659834492195032e+03	-9.2096380371929509e-01
101850	2	4.3570073317368160e+03	-8.7464857231012805e-01
101860	2	4.3484950308876814e+03	-8.2802735027473950e-01
101870	2	4.3404487429398469e+03	-7.8111873482966654e-01
101880	2	4.3328725819877181e+03	-7.3393559361410698e-01
101890	2	4.3257683419519271e+03	-6.8649691608560615e-01
101900	2	4.3191417848864403e+03	-6.3881526304865988e-01
101910	2	4.3129939113551263e+03	-5.9090822981522306e-01
101920	2	4.3073249581154860e+03	-5.4278864852023090e-01
101930	2	4.3021394807488223e+03	-4.9447526905905648e-01
101940	2	4.2974374609297965e+03	-4.4598863606863343e-01
101950	2	4.2932191137643240e+03	-3.9734400522144475e-01
101960	2	4.2894896946647523e+03	-3.4855456019593256e-01
101970	2	4.2862497675343384e+03	-2.9964395687819129e-01
101980	2	4.2834977127722186e+03	-2.5062860535996767e-01
101990	2	4.2812346984540491e+03	-2.0152907396693936e-01
102000	2	4.2794661009750489e+03	-1.5235649084310557e-01
102010	2	4.2781886625776960e+03	-1.0313597808997656e-01
102020	2	4.2774029630024052e+03	-5.3886291871625087e-02
102030	2	4.2771115698399553e+03	-4.6225671351919819e-03
102040	2	4.2773119625307545e+03	4.4634309512667648e-02
102050	2	4.2780057638118369e+03	9.3864920148313519e-02
102060	2	4.2791897286007052e+03	1.4305461829891869e-01
102070	2	4.2808664189071842e+03	1.9218129971306452e-01
102080	2	4.2830315991925736e+03	2.4122387613374657e-01
102090	2	4.2856897323072462e+03	2.9016874489364702e-01
102100	2	4.2888369786087760e+03	3.3899701232583640e-01
102110	2	4.2924682356214626e+03	3.8768936437198254e-01
102120	2	4.2965892589301620e+03	4.3622686842966346e-01
102130	2	4.3011941001746045e+03	4.8459114343359966e-01
102140	2	4.3062787693395021e+03	5.3276909996247823e-01
102150	2	4.3118480529767121e+03	5.8074522026101860e-01
102160	2	4.3178930513586629e+03	6.2849592506501550e-01
102170	2	4.3244162131345620e+03	6.7600805610871528e-01
102180	2	4.3314126267928432e+03	7.2326935969651918e-01
102190	2	4.3388806530388847e+03	7.7025837075198555e-01
102200	2	4.3468171945193799e+03	8.1696161113678223e-01
102210	2	4.3552185816136598e+03	8.6337000962005883e-01
102220	2	4.3640832086867258e+03	9.0946224204480197e-01
102230	2	4.3734080571018003e+03	9.5522646256779242e-01
102240	2	4.3831889091428075e+03	1.0006538521521171e+00
102250	2	4.3934178766114665e+03	1.0457225716951006e+00
102260	2	4.4041002312978462e+03	1.0904308852219748e+00
102270	2	4.4152271248100678e+03	1.1347613294100580e+00
102280	2	4.4267949174869673e+03	1.1787035606326985e+00
102290	2	4.4388004721632306e+03	1.2222449927357733e+00
102300	2	4.4512381362866363e+03	1.2653794559570231e+00
102310	2	4.4641040119973941e+03	1.3080966751793890e+00
102320	2	4.4773992056485304e+03	1.3503870803719400e+00
102330	2	4.4911129389830412e+03	1.3922403329252802e+00
102340	2	4.5052413149101430e+03	1.4336505675942195e+00
102350	2	4.5197832151781176e+03	1.4746096903442873e+00
102360	2	4.5347319166032457e+03	1.5151070391086408e+00
102370	2	4.5500839867710774e+03	1.5551440440793010e+00
102380	2	4.5658328785020076e+03	1.5947107927626551e+00
102390	2	4.5819779453945830e+03	1.6337992095888005e+00
102400	2	4.5985069883558781e+03	1.6724081475419441e+00
102410	2	4.6154229373596363e+03	1.7105326840550825e+00
102420	2	4.6327185644261472e+03	1.7481701614985174e+00
102430	2	4.6503854522051124e+03	1.7853145720579098e+00
102440	2	4.6684214963102986e+03	1.8219605789870310e+00
102450	2	4.6868222264649803e+03	1.8581137926166158e+00
102460	2	4.7055828525132656e+03	1.8937657370033729e+00
102470	2	4.7246971940582216e+03	1.9289166164302236e+00
102480	2	4.7441598296965121e+03	1.9635634948758718e+00
102490	2	4.7639676345947701e+03	1.9977117182077084e+00
102500	2	4.7841106071815584e+03	2.0313504794908019e+00
102510	2	4.8045910468056436e+03	2.0644881073524384e+00
102520	2	4.8253976679304924e+03	2.0971206867236414e+00
102530	2	4.8465323958069584e+03	2.1292530378581858e+00
102540	2	4.8679838140631564e+03	2.1608832813161838e+00
102550	2	4.8897480416696335e+03	2.1920109753697870e+00
102560	2	4.9118199407413049e+03	2.2226388345441217e+00
102570	2	4.9341970379896475e+03	2.2527718689596625e+00
102580	2	4.9568772347147451e+03	2.2824098352868489e+00
102590	2	4.9798443786161588e+03	2.3115501284483728e+00
102600	2	5.0031057608554320e+03	2.3402052723420930e+00
102610	2	5.0266479425708812e+03	2.3683714474484825e+00
102620	2	5.0504705573539932e+03	2.3960519003992262e+00
102630	2	5.0745669494224921e+03	2.4232533130862386e+00
102640	2	5.0989346588556300e+03	2.4499742926026786e+00
102650	2	5.1235653076827903e+03	2.4762235683695395e+00
102660	2	5.1484558911705899e+03	2.5019990649382824e+00
102670	2	5.1736035751468999e+03	2.5273104833854605e+00
102680	2	5.1990015845513253e+03	2.5521558954264392e+00
102690	2	5.2246453631440245e+03	2.5765458800797933e+00
102700	2	5.2505314493491496e+03	2.6004809185794810e+00
102710	2	5.2766540093110334e+03	2.6239640587353938e+00
102720	2	5.3030063127908916e+03	2.6470034006250009e+00
102730	2	5.3295914425395094e+03	2.6696014656179612e+00
102740	2	5.3563993200263303e+03	2.6917693026703589e+00
102750	2	5.3834265713569885e+03	2.7134959324590535e+00
102760	2	5.4106686142002400e+03	2.7347994699522422e+00
102770	2	5.4381212267768542e+03	2.7556826097598854e+00
102780	2	5.4657797952136116e+03	2.7761468513422187e+00
102790	2	5.4936436924627633e+03	2.7961999151576635e+00
102800	2	5.5217020023302312e+03	2.8158440859199572e+00
102810	2	5.5499563440341954e+03	2.8350884139944479e+00
102820	2	5.5784036876880054e+03	2.8539338204784919e+00
102830	2	5.6070361687775612e+03	2.8723887371021775e+00
102840	2	5.6358507148052649e+03	2.8904547250005934e+00
102850	2	5.6648435563898192e+03	2.9081387689222438e+00
102860	2	5.6940121510187200e+03	2.9254461687089157e+00
102870	2	5.7233508816406302e+03	2.9423824224470172e+00
102880	2	5.7528592444244214e+03	2.9589496192710425e+00
102890	2	5.7825298469108047e+03	2.9751537844815723e+00
102900	2	5.8123596643219280e+03	2.9910026248614980e+00
102910	2	5.8423481454870216e+03	3.0064972987170688e+00
102920	2	5.8724894780276945e+03	3.0216454124077083e+00
102930	2	5.9027806353101832e+03	3.0364503514171330e+00
102940	2	5.9332161297377088e+03	3.0509181222248327e+00
102950	2	5.9637976514915645e+03	3.0650512967074142e+00
102960	2	5.9945173167457979e+03	3.0788580644249062e+00
102970	2	6.0253734675054911e+03	3.0923404970964099e+00
102980	2	6.0563631884071328e+03	3.1055038756103652e+00
102990	2	6.0874814381872156e+03	3.1183553365257191e+00
103000	2	6.1187286644024271e+03	3.1308942435916225e+00
103010	2	6.1500995034980206e+03	3.1431269266492179e+00
103020	2	6.1815891776174540e+03	3.1550619566620322e+00
103030	2	6.2131974008316865e+03	3.1666996328947858e+00
103040	2	6.2449233164848256e+03	3.1780474974751174e+00
103050	2	6.2767588519612600e+03	3.1891052131515818e+00
103060	2	6.3087042576140529e+03	3.1998810929309327e+00
103070	2	6.3407553035457258e+03	3.2103748756287271e+00
103080	2	6.3729095624913689e+03	3.2205971021456703e+00
103090	2	6.4051668398255106e+03	3.2305466243428032e+00
103100	2	6.4375214074171736e+03	3.2402327568949310e+00
103110	2	6.4699704057512827e+03	3.2496524614460385e+00
103120	2	6.5025124562519668e+03	3.2588160249821523e+00
103130	2	6.5351455322653883e+03	3.2677236960622662e+00
103140	2	6.5678660663625642e+03	3.2763791660053201e+00
103150	2	6.6006709613918047e+03	3.2847898115830283e+00
103160	2	6.6335615285596723e+03	3.2929547820649812e+00
103170	2	6.6665317026721359e+03	3.3008807038123202e+00
105800	1	6.6413538305616812e+03	-3.5412545126169190e+00
105810	1	6.6059687830505945e+03	-3.5352703126516305e+00
105820	1	6.5706475723570502e+03	-3.5290716783542009e+00
105830	1	6.5353879581929314e+03	-3.5226475086912332e+00
105840	1	6.5001951396037202e+03	-3.5160020397586043e+00
105850	1	6.4650689092510975e+03	-3.5091230868143870e+00
105860	1	6.4300132211169021e+03	-3.5020146106287080e+00
105870	1	6.3950292315357237e+03	-3.4946686958188544e+00
105880	1	6.3601196056965327e+03	-3.4870818271001882e+00
105890	1	6.3252883807909566e+03	-3.4792501853727176e+00
105900	1	6.2905368212674593e+03	-3.4711691089722141e+00
105910	1	6.2558660895707289e+03	-3.4628354852957965e+00
105920	1	6.2212822655844557e+03	-3.4542461697945805e+00
105930	1	6.1867853741438030e+03	-3.4453903225488625e+00
105940	1	6.1523730066654989e+03	-3.4362693737145120e+00
105950	1	6.1180569383268021e+03	-3.4268760470304831e+00
105960	1	6.0838361085393553e+03	-3.4172059882979182e+00
105970	1	6.0497136251547736e+03	-3.4072575000359904e+00
105980	1	6.0156928505207561e+03	-3.3970214563171410e+00
105990	1	5.9817754762785135e+03	-3.3864972424595177e+00
106000	1	5.9479641943028319e+03	-3.3756721659065336e+00
106010	1	5.9142613671615554e+03	-3.3645505309927590e+00
106020	1	5.8806755979016762e+03	-3.3531187290262219e+00
106030	1	5.8472022829039815e+03	-3.3413767805628805e+00
106040	1	5.8138465880035910e+03	-3.3293190674415469e+00
106050	1	5.7806157832243980e+03	-3.3169354550906247e+00
106060	1	5.7475094312204055e+03	-3.3042278975033406e+00
106070	1	5.7145325132616290e+03	-3.2911852098590444e+00
106080	1	5.6816867205759972e+03	-3.2778018045690183e+00
106090	1	5.6489769861152708e+03	-3.2640740425496384e+00
106100	1	5.6164072637613381e+03	-3.2499927099700523e+00
106110	1	5.5839787453631816e+03	-3.2355534049269972e+00
106120	1	5.5516972013628920e+03	-3.2207543525202804e+00
106130	1	5.5195648642181877e+03	-3.2055816656605387e+00
106140	1	5.4875866684729508e+03	-3.1900365724444510e+00
106150	1	5.4557660022535465e+03	-3.1741060657342590e+00
106160	1	5.4241053419903328e+03	-3.1577879055580103e+00
106170	1	5.3926127428276013e+03	-3.1410736089623539e+00
106180	1	5.3612864615835106e+03	-3.1239586117243898e+00
106190	1	5.3301307888739266e+03	-3.1064351035792481e+00
106200	1	5.2991578747148560e+03	-3.0884986498204783e+00
106210	1	5.2683656633942419e+03	-3.0701346799982696e+00
106220	1	5.2377581768757118e+03	-3.0513488090594536e+00
106230	1	5.2073380949677667e+03	-3.0321226767823561e+00
106240	1	5.1771180140224142e+03	-3.0124552533731506e+00
106250	1	5.1470918356292441e+03	-2.9923428722410921e+00
106260	1	5.1172694261750639e+03	-2.9717701958594085e+00
106270	1	5.0876575760374617e+03	-2.9507361518413298e+00
106280	1	5.0582571048403152e+03	-2.9292324675708818e+00
106290	1	5.0290764899558999e+03	-2.9072528178406190e+00
106300	1	5.0001121064564104e+03	-2.8847889116036916e+00
106310	1	4.9713799505325414e+03	-2.8618344105599078e+00
106320	1	4.9428796255034531e+03	-2.8383847512818070e+00
106330	1	4.9146154905248286e+03	-2.8144309699807555e+00
106340	1	4.8865907344411753e+03	-2.7899633783718287e+00
106350	1	4.8588185837394622e+03	-2.7649790038393305e+00
106360	1	4.8312931168867763e+03	-2.7394696986587186e+00
106370	1	4.8040286817798815e+03	-2.7134322396260058e+00
106380	1	4.7770273234663155e+03	-2.6868545433919593e+00
106390	1	4.7502950901416361e+03	-2.6597385318888409e+00
106400	1	4.7238353128056460e+03	-2.6320672032497510e+00
106410	1	4.6976547475063353e+03	-2.6038416683195864e+00
106420	1	4.6717606531007232e+03	-2.5750543234258259e+00
106430	1	4.6461549637580265e+03	-2.5457038965771073e+00
106440	1	4.6208492101473475e+03	-2.5157762797556460e+00
106450	1	4.5958420143414241e+03	-2.4852718602961095e+00
106460	1	4.5711423253552503e+03	-2.4541813525881806e+00
106470	1	4.5467593226785575e+03	-2.4225074917837803e+00
106480	1	4.5226950178651914e+03	-2.3902373920684390e+00
106490	1	4.4989563121208466e+03	-2.3573749871713598e+00
106500	1	4.4755511884625639e+03	-2.3239079472866253e+00
106510	1	4.4524800756637778e+03	-2.2898403980515849e+00
106520	1	4.4297557649297405e+03	-2.2551625365841845e+00
106530	1	4.4073799360640478e+03	-2.2198773604103321e+00
106540	1	4.3853594974603939e+03	-2.1839805790395279e+00
106550	1	4.3637026454429470e+03	-2.1474662889904046e+00
106560	1	4.3424122991618833e+03	-2.1103390261333952e+00
106570	1	4.3214996737136698e+03	-2.0725940388056525e+00
106580	1	4.3009616641363436e+03	-2.0342341171972502e+00
106590	1	4.2808154791131274e+03	-1.9952554275640442e+00
106600	1	4.2610596083192677e+03	-1.9556630982407326e+00
106610	1	4.2417038001884030e+03	-1.9154560289536540e+00
106620	1	4.2227513257443670e+03	-1.8746326625240541e+00
106630	1	4.2042142035408924e+03	-1.8332062928604276e+00
106640	1	4.1860912286655075e+03	-1.7911656352749967e+00
106650	1	4.1683931536625196e+03	-1.7485270043368979e+00
106660	1	4.1511231268357733e+03	-1.7052870009850618e+00
106670	1	4.1342875178074983e+03	-1.6614535792164493e+00
106680	1	4.1178941597396142e+03	-1.6170346182540922e+00
106690	1	4.1019490361571407e+03	-1.5720354142797672e+00
106700	1	4.0864570932111174e+03	-1.5264639355734164e+00
106710	1	4.0714210412699472e+03	-1.4803264436925139e+00
106720	1	4.0568516169848444e+03	-1.4336366734150130e+00
106730	1	4.0427490361151727e+03	-1.3864009057093944e+00
106740	1	4.0291246387296133e+03	-1.3386309225036952e+00
106750	1	4.0159808239129334e+03	-1.2903376749139586e+00
106760	1	4.0033213844857228e+03	-1.2415348570939997e+00
106770	1	3.9911527022439186e+03	-1.1922348401832548e+00
106780	1	3.9794778988705821e+03	-1.1424509905808564e+00
106790	1	3.9683041857660505e+03	-1.0922010931663984e+00
106800	1	3.9576339699600449e+03	-1.0415029295610161e+00
106810	1	3.9474733103234989e+03	-9.9036086326418704e-01
106820	1	3.9378301115042091e+03	-9.3880608376573560e-01
106830	1	3.9287010632554588e+03	-8.8684791401145313e-01
106840	1	3.9200938681897319e+03	-8.3450977815012750e-01
106850	1	3.9120121802827161e+03	-7.8180939532699123e-01
106860	1	3.9044579150809036e+03	-7.2876883036511164e-01
106870	1	3.8974383381219936e+03	-6.7540812637634440e-01
106880	1	3.8909521725472723e+03	-6.2174509120480992e-01
106890	1	3.8850029370135890e+03	-5.6780645700193799e-01
106900	1	3.8795952948608933e+03	-5.1361372247765247e-01
106910	1	3.8747316444814182e+03	-4.5919177349368789e-01
106920	1	3.8704134397504727e+03	-4.0456077617913416e-01
106930	1	3.8666422396461467e+03	-3.4974640339742741e-01
106940	1	3.8634193515309316e+03	-2.9477328280261167e-01
106950	1	3.8607441571430791e+03	-2.3966679578018862e-01
106960	1	3.8586256604161276e+03	-1.8445168236266063e-01
106970	1	3.8570541998674316e+03	-1.2915593819171481e-01
106980	1	3.8560408643824130e+03	-7.3797887865650114e-02
106990	1	3.8555805507025266e+03	-1.8410814647712034e-02
107000	1	3.8556743050701416e+03	3.6983413852318722e-02
107010	1	3.8563209297736171e+03	9.2354590396326861e-02
107020	1	3.8575211292583117e+03	1.4768662990745321e-01
107030	1	3.8592755093730875e+03	2.0294427927410189e-01
107040	1	3.8615799280692595e+03	2.5810527438771136e-01
107050	1	3.8644370576272672e+03	3.1314464144710674e-01
107060	1	3.8678421481029459e+03	3.6803783325829909e-01
107070	1	3.8717954491786268e+03	4.2275957629417976e-01
107080	1	3.8762955700592415e+03	4.7728376982734821e-01
107090	1	3.8813425229284398e+03	5.3158877614537603e-01
107100	1	3.8869273313268827e+03	5.8565358164668369e-01
107110	1	3.8930539633919170e+03	6.3944717734862688e-01
107120	1	3.8997157365418598e+03	6.9295416098620988e-01
107130	1	3.9069110160291684e+03	7.4614980328150149e-01
107140	1	3.9146381161501631e+03	7.9901517249914433e-01
107150	1	3.9228898247347729e+03	8.5152646820872047e-01
107160	1	3.9316678684586800e+03	9.0366734125690407e-01
107170	1	3.9409639551397454e+03	9.5541266736949748e-01
107180	1	3.9507756626839955e+03	1.0067493857290761e+00
107190	1	3.9610969290833004e+03	1.0576573120242230e+00
107200	1	3.9719264795598378e+03	1.1081232158147685e+00
107210	1	3.9832579724212906e+03	1.1581270759031315e+00
107220	1	3.9950854768036866e+03	1.2076537134628413e+00
107230	1	4.0074084933414256e+03	1.2566886148706842e+00
107240	1	4.0202189951052251e+03	1.3052191888787537e+00
107250	1	4.0335101316012738e+03	1.3532331945361220e+00
107260	1	4.0472812439021582e+03	1.4007167913997991e+00
107270	1	4.0615223842411197e+03	1.4476582723405722e+00
107280	1	4.0762325499625649e+03	1.4940498996377827e+00
107290	1	4.0914031678423644e+03	1.5398811377857866e+00
107300	1	4.1070288648636833e+03	1.5851406755042241e+00
107310	1	4.1231045238142406e+03	1.6298235408337522e+00
107320	1	4.1396240399790404e+03	1.6739212432573081e+00
107330	1	4.1565800859263290e+03	1.7174277710139896e+00
107340	1	4.1739705833756489e+03	1.7603369561341593e+00
107350	1	4.1917860580557763e+03	1.8026431428445768e+00
107360	1	4.2100203029375798e+03	1.8443444415162249e+00
107370	1	4.2286699595951450e+03	1.8854340855503269e+00
107380	1	4.2477279835183526e+03	1.9259113573023421e+00
107390	1	4.2671859279576238e+03	1.9657709841248114e+00
107400	1	4.2870397208207078e+03	2.0050179586060590e+00
107410	1	4.3072837521188858e+03	2.0436445413893902e+00
107420	1	4.3279106077070301e+03	2.0816508228453765e+00
107430	1	4.3489141523477520e+03	2.1190412017562759e+00
107440	1	4.3702912695273326e+03	2.1558148092639362e+00
107450	1	4.3920273956354313e+03	2.1919698493359028e+00
107460	1	4.4141273193905345e+03	2.2275134976989954e+00
107470	1	4.4365778207870744e+03	2.2624406431412556e+00
107480	1	4.4593744108655528e+03	2.2967581969405488e+00
107490	1	4.4825106508318140e+03	2.3304709160239958e+00
107500	1	4.5059800873224513e+03	2.3635786731514221e+00
107510	1	4.5297798893619993e+03	2.3960839951952861e+00
107520	1	4.5539003119199833e+03	2.4279967997286951e+00
107530	1	4.5783390797121147e+03	2.4593161058416366e+00
107540	1	4.6030853017725603e+03	2.4900463588936610e+00
107550	1	4.6281378760749376e+03	2.5201967634278915e+00
107560	1	4.6534876467827607e+03	2.5497690922600604e+00
107570	1	4.6791303196367953e+03	2.5787697949848303e+00
107580	1	4.7050604796794414e+03	2.6072053314283048e+00
107590	1	4.7312716992764035e+03	2.6350781514646173e+00
107600	1	4.7577601174491519e+03	2.6623967388431153e+00
107610	1	4.7845185821534360e+03	2.6891667278649405e+00
107620	1	4.8115423541433611e+03	2.7153961051023585e+00
107630	1	4.8388257554844877e+03	2.7410904795746669e+00
107640	1	4.8663627302016412e+03	2.7662549534172078e+00
107650	1	4.8941495397131093e+03	2.7908971084340362e+00
107660	1	4.9221787451907112e+03	2.8150212276558895e+00
107670	1	4.9504484417552812e+03	2.8386384326526137e+00
107680	1	4.9789496074494291e+03	2.8617535162156580e+00
107690	1	5.0076805305201515e+03	2.8843724853508586e+00
107700	1	5.0366364067163013e+03	2.9065025124029638e+00
107710	1	5.0658095730394934e+03	2.9281513798854353e+00
107720	1	5.0951971546195846e+03	2.9493239968834355e+00
107730	1	5.1247937245152707e+03	2.9700310377235510e+00
107740	1	5.1545959322638264e+03	2.9902758244302858e+00
107750	1	5.1845972925357355e+03	3.0100660119689109e+00
107760	1	5.2147957364830318e+03	3.0294106684950992e+00
107770	1	5.2451851168144085e+03	3.0483158345485988e+00
107780	1	5.2757623768266849e+03	3.0667838382048243e+00
107790	1	5.3065187673069740e+03	3.0848288033288305e+00
107800	1	5.3374555488809510e+03	3.1024535190772160e+00
107810	1	5.3685671269935538e+03	3.1196633141574179e+00
107820	1	5.3998480479680693e+03	3.1364682047615560e+00
107830	1	5.4312949492661419e+03	3.1528729719183239e+00
107840	1	5.4629041560342339e+03	3.1688831721811743e+00
107850	1	5.4946692767456452e+03	3.1845086940929348e+00
107860	1	5.5265942494569754e+03	3.1997515893568185e+00
107870	1	5.5586657196726383e+03	3.2146185899695463e+00
107880	1	5.5908836939948596e+03	3.2291224766730626e+00
107890	1	5.6232456660495773e+03	3.2432618983503336e+00
107900	1	5.6557474447974255e+03	3.2570445545192785e+00
107910	1	5.6883843477058672e+03	3.2704771701531321e+00
107920	1	5.7211562792218210e+03	3.2835695427429070e+00
107930	1	5.7540574190584011e+03	3.2963170075005328e+00
107940	1	5.7870802058388099e+03	3.3087370125641704e+00
107950	1	5.8202281179085930e+03	3.3208290213342329e+00
107960	1	5.8534972434147348e+03	3.3326004488345928e+00
107970	1	5.8868794504433790e+03	3.3440555658701707e+00
107980	1	5.9203770395507991e+03	3.3552002834767962e+00
107990	1	5.9539830243102251e+03	3.3660389345363915e+00
108000	1	5.9876975530974996e+03	3.3765801163517040e+00
108010	1	6.0215139601253131e+03	3.3868247010026380e+00
108020	1	6.0554327855286183e+03	3.3967821250436034e+00
108030	1	6.0894494871571187e+03	3.4064510764081777e+00
108040	1	6.1235611825011838e+03	3.4158432271937005e+00
108050	1	6.1577655064520104e+03	3.4249593294475011e+00
108060	1	6.1920587817565602e+03	3.4338055580658802e+00
108070	1	6.2264377850302126e+03	3.4423859223545654e+00
108080	1	6.2609061785685362e+03	3.4507050057425590e+00
108090	1	6.2954525715549544e+03	3.4587671247933405e+00
108100	1	6.3300809634145671e+03	3.4665785210112028e+00
108110	1	6.3647828890029368e+03	3.4741389335520361e+00
108120	1	6.3995634148547369e+03	3.4814573283979082e+00
108130	1	6.4344116374135301e+03	3.4885332763317676e+00
108140	1	6.4693316244574153e+03	3.4953758782717999e+00
108150	1	6.5043196752127515e+03	3.5019853779657861e+00
108160	1	6.5393735748938134e+03	3.5083683275103215e+00
108170	1	6.5744849315539277e+03	3.5145258080580133e+00
108180	1	6.6096627848325179e+03	3.5204628346930984e+00
108190	1	6.6448948888033565e+03	3.5261818290970104e+00
109210	3	6.6287147791576344e+03	-3.5853376119788143e+00
109220	3	6.5928859774694974e+03	-3.5805110046565072e+00
109230	3	6.5571058622824658e+03	-3.5754856633044829e+00
109240	3	6.5213748843893791e+03	-3.5702580182599846e+00
109250	3	6.4857019200312689e+03	-3.5648264818162110e+00
109260	3	6.4500809224005743e+03	-3.5591919953041038e+00
109270	3	6.4145165405467815e+03	-3.5533431325824782e+00
109280	3	6.3790131912766537e+03	-3.5472792363594272e+00
109290	3	6.3435721788883384e+03	-3.5410005132160531e+00
109300	3	6.3081943816893863e+03	-3.5344964023878020e+00
109310	3	6.2728843777069133e+03	-3.5277666253211550e+00
109320	3	6.2376413743634994e+03	-3.5208054085737319e+00
109330	3	6.2024682831029104e+03	-3.5136093272622402e+00
109340	3	6.1673699519307847e+03	-3.5061773674125249e+00
109350	3	6.1323454342542736e+03	-3.4985021356487551e+00
109360	3	6.0974010456895294e+03	-3.4905783132928407e+00
109370	3	6.0625358230636957e+03	-3.4824018794038349e+00
109380	3	6.0277512518357826e+03	-3.4739700676911900e+00
109390	3	5.9930568893806076e+03	-3.4652787018616515e+00
109400	3	5.9584482040376024e+03	-3.4563204730765644e+00
109410	3	5.9239303319456749e+03	-3.4470916100684077e+00
109420	3	5.8895077715730831e+03	-3.4375864459276109e+00
109430	3	5.8551793031571397e+03	-3.4278011642701856e+00
109440	3	5.8209512843972034e+03	-3.4177293867963674e+00
109450	3	5.7868266706953955e+03	-3.4073696511961029e+00
109460	3	5.7528053445582691e+03	-3.3967119117149043e+00
109470	3	5.7188929737794952e+03	-3.3857504573173198e+00
109480	3	5.6850925786117450e+03	-3.3744868668119632e+00
109490	3	5.6514037144313425e+03	-3.3629062198828525e+00
109500	3	5.6178346122585826e+03	-3.3510094285850229e+00
109510	3	5.5843858959726049e+03	-3.3387860595940726e+00
109520	3	5.5510585931745618e+03	-3.3262338443315400e+00
109530	3	5.5178616987093092e+03	-3.3133423143799283e+00
109540	3	5.4847938662873275e+03	-3.3001126033314989e+00
109550	3	5.4518609932777117e+03	-3.2865306162876666e+00
109560	3	5.4190648782745484e+03	-3.2725951226469570e+00
109570	3	5.3864098897550466e+03	-3.2582975415078335e+00
109580	3	5.3538990969266297e+03	-3.2436286352641752e+00
109590	3	5.3215394277685928e+03	-3.2285908081159742e+00
109600	3	5.2893308939430817e+03	-3.2131673595985561e+00
109610	3	5.2572769508934061e+03	-3.1973566401531670e+00
109620	3	5.2253844405227246e+03	-3.1811492525595217e+00
109630	3	5.1936548491774001e+03	-3.1645420848258543e+00
109640	3	5.1620937420747214e+03	-3.1475228794537897e+00
109650	3	5.1307059145095591e+03	-3.1300859854390346e+00
109660	3	5.0994922443364521e+03	-3.1122291708180043e+00
109670	3	5.0684642619116730e+03	-3.0939370092063108e+00
109680	3	5.0376174315353483e+03	-3.0752091282035630e+00
109690	3	5.0069580839518630e+03	-3.0560330541761838e+00
109700	3	4.9764960365918887e+03	-3.0364037593017335e+00
109710	3	4.9462339495474907e+03	-3.0163156479154698e+00
109720	3	4.9161724814019690e+03	-2.9957539548137890e+00
109730	3	4.8863198515279655e+03	-2.9747181340228188e+00
109740	3	4.8566782948731216e+03	-2.9531987836214495e+00
109750	3	4.8272576952099007e+03	-2.9311845263373950e+00
109760	3	4.7980580411296387e+03	-2.9086714186731681e+00
109770	3	4.7690864421115866e+03	-2.8856536001121706e+00
109780	3	4.7403450505523424e+03	-2.8621163828631260e+00
109790	3	4.7118462207226212e+03	-2.8380600349237990e+00
109800	3	4.6835860447213217e+03	-2.8134718639449927e+00
109810	3	4.6555776455019532e+03	-2.7883429133148434e+00
109820	3	4.6278235695461726e+03	-2.7626703246039748e+00
109830	3	4.6003273447148986e+03	-2.7364438193702165e+00
109840	3	4.5730954196467510e+03	-2.7096582892779484e+00
109850	3	4.5461358098563105e+03	-2.6823038318874661e+00
109860	3	4.5194497273886300e+03	-2.6543726352745778e+00
109870	3	4.4930500369804422e+03	-2.6258628985684882e+00
109880	3	4.4669365172990083e+03	-2.5967617223178188e+00
109890	3	4.4411149475509492e+03	-2.5670643672356155e+00
109900	3	4.4155964609615485e+03	-2.5367658362405781e+00
109910	3	4.3903855508731922e+03	-2.5058583976040891e+00
109920	3	4.3654821643205678e+03	-2.4743379607353138e+00
109930	3	4.3408992694529170e+03	-2.4421951942542308e+00
109940	3	4.3166399939101102e+03	-2.4094268040030804e+00
109950	3	4.2927104124498692e+03	-2.3760310911762317e+00
109960	3	4.2691190061336556e+03	-2.3419985124892073e+00
109970	3	4.2458736869423146e+03	-2.3073245998556726e+00
109980	3	4.2229755586992778e+03	-2.2720070935689600e+00
109990	3	4.2004343381390745e+03	-2.2360429567214779e+00
110000	3	4.1782577414974594e+03	-2.1994275444765425e+00
110010	3	4.1564498172527028e+03	-2.1621606549601595e+00
110020	3	4.1350190928916390e+03	-2.1242379126072830e+00
110030	3	4.1139663442675019e+03	-2.0856580725814848e+00
110040	3	4.0933059395618839e+03	-2.0464221824893851e+00
110050	3	4.0730431621236639e+03	-2.0065281510337014e+00
110060	3	4.0531764600927345e+03	-1.9659754403754923e+00
110070	3	4.0337235044741246e+03	-1.9247652947917666e+00
110080	3	4.0146841092337418e+03	-1.8829007435339944e+00
110090	3	3.9960687276445751e+03	-1.8403833159293521e+00
110100	3	3.9778789782150820e+03	-1.7972177501097557e+00
110110	3	3.9601264935109816e+03	-1.7534054352267177e+00
110120	3	3.9428133226713062e+03	-1.7089517022762231e+00
110130	3	3.9259490739040407e+03	-1.6638618378680468e+00
110140	3	3.9095360894900764e+03	-1.6181438690771932e+00
110150	3	3.8935867709572144e+03	-1.5718033075490829e+00
110160	3	3.8781023994186817e+03	-1.5248511463373593e+00
110170	3	3.8630909974325627e+03	-1.4772936283456759e+00
110180	3	3.8485607722652876e+03	-1.4291391265264644e+00
110190	3	3.8345127147183898e+03	-1.3804035984477341e+00
110200	3	3.8209535807786579e+03	-1.3310935342701113e+00
110210	3	3.8078906667085603e+03	-1.2812258041463491e+00
110220	3	3.7953320555014188e+03	-1.2308142237296866e+00
110230	3	3.7832789843402179e+03	-1.1798699616770592e+00
110240	3	3.7717360339875045e+03	-1.1284115125468965e+00
110250	3	3.7607097674829388e+03	-1.0764554370374726e+00
110260	3	3.7502073830752124e+03	-1.0240175029122569e+00
110270	3	3.7402324770303185e+03	-9.7111842862691922e-01
110280	3	3.7307870013271804e+03	-9.1777657006316005e-01
110290	3	3.7218786810904426e+03	-8.6401111181146728e-01
110300	3	3.7135070575686636e+03	-8.0984671207664238e-01
110310	3	3.7056835328920679e+03	-7.5530041182698859e-01
110320	3	3.6984029176528488e+03	-7.0039990608612068e-01
110330	3	3.6916744019817052e+03	-6.4516530806814831e-01
110340	3	3.6854997532079919e+03	-5.8962234454129236e-01
110350	3	3.6798844679651256e+03	-5.3379542296003690e-01
110360	3	3.6748255384071031e+03	-4.7770913914122221e-01
110370	3	3.6703298914652864e+03	-4.2139481191064959e-01
110380	3	3.6663982945027328e+03	-3.6487069412139134e-01
110390	3	3.6630322702266676e+03	-3.0817340991463760e-01
110400	3	3.6602350148164760e+03	-2.5132345102439468e-01
110410	3	3.6580071578292741e+03	-1.9434888189308247e-01
110420	3	3.6563512254785478e+03	-1.3728137908767560e-01
110430	3	3.6552614850969085e+03	-8.0148467156379438e-02
110440	3	3.6547470089708509e+03	-2.2977660307547165e-02
110450	3	3.6548013895755798e+03	3.4202063660135354e-02
110460	3	3.6554310417469574e+03	9.1361874020241582e-02
110470	3	3.6566302735055201e+03	1.4846981531237655e-01
110480	3	3.6584000437314785e+03	2.0550585346291039e-01
110490	3	3.6607394778348939e+03	2.6243075744547723e-01
110500	3	3.6636456894172816e+03	3.1922495479133878e-01
110510	3	3.6671229350269714e+03	3.7585783913188048e-01
110520	3	3.6711646405464830e+03	4.3229954921323688e-01
110530	3	3.6757665675307917e+03	4.8852742222572659e-01
110540	3	3.6809333776273807e+03	5.4451207784149414e-01
110550	3	3.6866589402970772e+03	6.0022806696160724e-01
110560	3	3.6929374368782478e+03	6.5565077129173421e-01
110570	3	3.6997710710601200e+03	7.1075448045901213e-01
110580	3	3.7071510325911622e+03	7.6551616287111746e-01
110590	3	3.7150800668275760e+03	8.1991151012618679e-01
110600	3	3.7235484735731170e+03	8.7391796417139445e-01
110610	3	3.7325565121150826e+03	9.2751331132241233e-01
110620	3	3.7420957398428345e+03	9.8068255255467351e-01
110630	3	3.7521664662402636e+03	1.0333936284273380e+00
110640	3	3.7627640081664549e+03	1.0856408580993144e+00
110650	3	3.7738787519767689e+03	1.1373970244857012e+00
110660	3	3.7855079230028077e+03	1.1886457208369885e+00
110670	3	3.7976498412429773e+03	1.2393735881891790e+00
110680	3	3.8102950971799773e+03	1.2895675579497849e+00
110690	3	3.8234389235456533e+03	1.3392064438453712e+00
110700	3	3.8370764398793212e+03	1.3882794252273112e+00
110710	3	3.8512036854626917e+03	1.4367776592307766e+00
110720	3	3.8658116106838784e+03	1.4846838879802411e+00
110730	3	3.8808943735238799e+03	1.5319957265287230e+00
110740	3	3.8964504444830113e+03	1.5786934724215849e+00
110750	3	3.9124664841516565e+03	1.6247723306705644e+00
110760	3	3.9289405274196383e+03	1.6702303640668830e+00
110770	3	3.9458694591981430e+03	1.7150492240459709e+00
110780	3	3.9632422105890168e+03	1.7592331302732769e+00
110790	3	3.9810500770183035e+03	1.8027740592704256e+00
110800	3	3.9992965827024268e+03	1.8456650599701911e+00
110810	3	4.0179627942050902e+03	1.8879029078355418e+00
110820	3	4.0370497545461426e+03	1.9294884924861468e+00
110830	3	4.0565509058507837e+03	1.9704125529421577e+00
110840	3	4.0764561015650320e+03	2.0106804563598457e+00
110850	3	4.0967629956771261e+03	2.0502904811299310e+00
110860	3	4.1174615728625868e+03	2.0892386896341715e+00
110870	3	4.1385450864882223e+03	2.1275309075453404e+00
110880	3	4.1600086728592787e+03	2.1651656052481814e+00
110890	3	4.1818440638427874e+03	2.2021430183407458e+00
110900	3	4.2040486063737644e+03	2.2384684388504592e+00
110910	3	4.2266129894605519e+03	2.2741422015181287e+00
110920	3	4.2495280722373091e+03	2.3091714090722073e+00
110930	3	4.2727931706703439e+03	2.3435537540875191e+00
110940	3	4.2963991651043798e+03	2.3772999119907152e+00
110950	3	4.3203368405635329e+03	2.4104070193891256e+00
110960	3	4.3446043002951910e+03	2.4428869340884556e+00
110970	3	4.3691940411236401e+03	2.4747422700932220e+00
110980	3	4.3940980477920784e+03	2.5059790544590679e+00
110990	3	4.4193113836388447e+03	2.5366007658717433e+00
111000	3	4.4448302988906007e+03	2.5666158007884681e+00
111010	3	4.4706422682516231e+03	2.5960302508134858e+00
111020	3	4.4967458297437488e+03	2.6248525917542143e+00
111030	3	4.5231367333774733e+03	2.6530842878186749e+00
111040	3	4.5498074454379857e+03	2.6807391822554347e+00
111050	3	4.5767513490387710e+03	2.7078186766863759e+00
111060	3	4.6039614378167607e+03	2.7343318902218616e+00
111070	3	4.6314335208867024e+03	2.7602861160118417e+00
111080	3	4.6591653125734374e+03	2.7856884830870219e+00
111090	3	4.6871468304392101e+03	2.8105489588378543e+00
111100	3	4.7153743298760492e+03	2.8348713093613589e+00
111110	3	4.7438418777301922e+03	2.8586667998897566e+00
111120	3	4.7725451783401468e+03	2.8819417530243596e+00
111130	3	4.8014791266375623e+03	2.9047020653429909e+00
111140	3	4.8306371413322368e+03	2.9269588272087077e+00
111150	3	4.8600171080982154e+03	2.9487146245379439e+00
111160	3	4.8896103633588527e+03	2.9699821445571679e+00
111170	3	4.9194159140781512e+03	2.9907699454224614e+00
111180	3	4.9494249830423742e+03	3.0110835203680786e+00
111190	3	4.9796349010222029e+03	3.0309292594216619e+00
111200	3	5.0100425976619972e+03	3.0503153425456686e+00
111210	3	5.0406403281663343e+03	3.0692482781797472e+00
111220	3	5.0714251197489903e+03	3.0877390481954836e+00
111230	3	5.1023919142796303e+03	3.1057961746258260e+00
111240	3	5.1335406017551904e+03	3.1234229494318537e+00
111250	3	5.1648597338743766e+03	3.1406259374788204e+00
111260	3	5.1963500670972935e+03	3.1574181506177648e+00
111270	3	5.2280068678114540e+03	3.1737996109612316e+00
111280	3	5.2598261498046450e+03	3.1897815300625347e+00
111290	3	5.2918013032414865e+03	3.2053730974906585e+00
111300	3	5.3239301150725441e+03	3.2205757093846579e+00
111310	3	5.3562111750637860e+03	3.2354009756127984e+00
111320	3	5.3886372326742503e+03	3.2498529031933727e+00
111330	3	5.4212070372574944e+03	3.2639402044586467e+00
111340	3	5.4539143895814414e+03	3.2776680076283773e+00
111350	3	5.4867598296056276e+03	3.2910411098175079e+00
111360	3	5.5197349665865222e+03	3.3040692532035849e+00
111370	3	5.5528388357697559e+03	3.3167552617740514e+00
111380	3	5.5860687448482086e+03	3.3291099556046642e+00
111390	3	5.6194220899109077e+03	3.3411353971034492e+00
111400	3	5.6528897534011176e+03	3.3528385914553005e+00
111410	3	5.6864770069129527e+03	3.3642247871121542e+00
111420	3	5.7201745712560405e+03	3.3752990923458368e+00
111430	3	5.7539803216789624e+03	3.3860730905824203e+00
111440	3	5.7878948781754016e+03	3.3965432621584690e+00
111450	3	5.8219104783013963e+03	3.4067221347546823e+00
111460	3	5.8560291346839413e+03	3.4166105189250366e+00
111470	3	5.8902432136690149e+03	3.4262136963654148e+00
111480	3	5.9245515676153791e+03	3.4355429342693222e+00
111490	3	5.9589516175340323e+03	3.4445981367133176e+00
111500	3	5.9934421999717033e+03	3.4533808023764458e+00
111510	3	6.0280188658833413e+03	3.4619037912379031e+00
111520	3	6.0626802726184533e+03	3.4701669092412839e+00
111530	3	6.0974230905587119e+03	3.4781748598049780e+00
111540	3	6.1322433547729252e+03	3.4859329707257016e+00
111550	3	6.1671392630880155e+03	3.4934477206823518e+00
111560	3	6.2021088675063111e+03	3.5007217762252640e+00
111570	3	6.2371525998072457e+03	3.5077574132318654e+00
111580	3	6.2722654705803488e+03	3.5145604413200693e+00
111590	3	6.3074427317658465e+03	3.5211371324597112e+00
111600	3	6.3426870919945668e+03	3.5274879164121380e+00
111610	3	6.3779942797576168e+03	3.5336191979865812e+00
111620	3	6.4133603637197975e+03	3.5395331208673491e+00
111630	3	6.4487829198818163e+03	3.5452337427333123e+00
111640	3	6.4842644852066869e+03	3.5507264363371460e+00
111650	3	6.5197971493465402e+03	3.5560136626422763e+00
111660	3	6.5553830081975220e+03	3.5610975285577542e+00
111670	3	6.5910184291879814e+03	3.5659831875953865e+00
111680	3	6.6267008380694087e+03	3.5706759580538763e+00
111690	3	6.6624309349528485e+03	3.5751738726060514e+00
112480	2	6.6728773761924976e+03	-3.9342463678846751e-01
112490	2	6.6690686808791761e+03	-3.6804793555234888e-01
112500	2	6.6655159132079889e+03	-3.4263793826059941e-01
112510	2	6.6622156973753627e+03	-3.1719349663738633e-01
112520	2	6.6591709620812899e+03	-2.9172475650925189e-01
112530	2	6.6563817659577162e+03	-2.6622927515862965e-01
112540	2	6.6538459474414230e+03	-2.4071399288793779e-01
112550	2	6.6515696280703669e+03	-2.1518281188554483e-01
112560	2	6.6495441277449536e+03	-1.8963969940722325e-01
112570	2	6.6477742296949373e+03	-1.6408784668913926e-01
112580	2	6.6462619037379145e+03	-1.3852966658441498e-01
112590	2	6.6450053680913479e+03	-1.1296997767617271e-01
112600	2	6.6440022978882353e+03	-8.7415536914006761e-02
112610	2	6.6432558231368275e+03	-6.1868428143022930e-02
112620	2	6.6427658407696226e+03	-3.6330558133709064e-02
112630	2	6.6425308507488289e+03	-1.0809192441517320e-02
112640	2	6.6425496892042484e+03	1.4695159322532240e-02
112650	2	6.6428233327891139e+03	4.0176310654174721e-02
112660	2	6.6433527912176614e+03	6.5631925900765040e-02
112670	2	6.6441357530321238e+03	9.1056041394470766e-02
112680	2	6.6451728360194920e+03	1.1644873758575237e-01
112690	2	6.6464639074504503e+03	1.4179998707259894e-01
112700	2	6.6480083932299522e+03	1.6711254176271023e-01
112710	2	6.6498058408026727e+03	1.9238097883836697e-01
112720	2	6.6518566335239075e+03	2.1759808154263433e-01
112730	2	6.6541568856789545e+03	2.4276303083969103e-01
112740	2	6.6567115683043112e+03	2.6787017108719069e-01
112750	2	6.6595141936190485e+03	2.9291927483600472e-01
112760	2	6.6625696182196261e+03	3.1790604004086426e-01
112770	2	6.6658726603985633e+03	3.4282227529735121e-01
112780	2	6.6694262440737593e+03	3.6766673170299191e-01
112790	2	6.6732276863076850e+03	3.9244121421312678e-01
116960	1	6.6580742196736237e+03	-1.9400687489251793e+00
116970	1	6.6387771587790830e+03	-1.9194462585762693e+00
116980	1	6.6196850963148163e+03	-1.8985904839277414e+00
116990	1	6.6008048554667994e+03	-1.8775041793472538e+00
117000	1	6.5821361563504352e+03	-1.8561826916779636e+00
117010	1	6.5636835579355811e+03	-1.8346316386646047e+00
117020	1	6.5454442043401996e+03	-1.8128476390893202e+00
117030	1	6.5274260930735536e+03	-1.7908301720038713e+00
117040	1	6.5096293959127888e+03	-1.7685873231823543e+00
117050	1	6.4920546871044235e+03	-1.7461099801648461e+00
117060	1	6.4747064094363741e+03	-1.7234059521368954e+00
117070	1	6.4575875141839397e+03	-1.7004761977238949e+00
117080	1	6.4406978635454598e+03	-1.6773181924045233e+00
117090	1	6.4240415934680805e+03	-1.6539352464247901e+00
117100	1	6.4076215265524388e+03	-1.6303265891243717e+00
117110	1	6.3914362510835463e+03	-1.6064942359824552e+00
117120	1	6.3754923113620998e+03	-1.5824417241146940e+00
117130	1	6.3597868802604671e+03	-1.5581702719957986e+00
117140	1	6.3443287143014377e+03	-1.5336808113576843e+00
117150	1	6.3291141299588580e+03	-1.5089725103315337e+00
117160	1	6.3141500700562538e+03	-1.4840505644601405e+00
117170	1	6.2994339054180773e+03	-1.4589160388481175e+00
117180	1	6.2849728003325217e+03	-1.4335705178852218e+00
117190	1	6.2707652065578195e+03	-1.4080143078579730e+00
117200	1	6.2568124181275889e+03	-1.3822559689760299e+00
117210	1	6.2431201000122419e+03	-1.3562928969542933e+00
117220	1	6.2296885279536373e+03	-1.3301254240179050e+00
117230	1	6.2165187052612519e+03	-1.3037636726422199e+00
117240	1	6.2036130928094472e+03	-1.2772024229290484e+00
117250	1	6.1909729467304760e+03	-1.2504509625375746e+00
117260	1	6.1786041851377113e+03	-1.2235122565337946e+00
117270	1	6.1665030344036077e+03	-1.1963823542939589e+00
117280	1	6.1546772558316970e+03	-1.1690695290679671e+00
117290	1	6.1431251523944102e+03	-1.1415754561848748e+00
117300	1	6.1318472053047544e+03	-1.1139040128693349e+00
117310	1	6.1208491920525430e+03	-1.0860602646807782e+00
117320	1	6.1101258949558433e+03	-1.0580460432251566e+00
117330	1	6.0996870850135483e+03	-1.0298684736244803e+00
117340	1	6.0895293835813118e+03	-1.0015252133205641e+00
117350	1	6.0796554435214930e+03	-9.7302647832785794e-01
117360	1	6.0700692879335984e+03	-9.4437306336855453e-01
117370	1	6.0607688511749975e+03	-9.1556921412804793e-01
117380	1	6.0517574295420718e+03	-8.8661931149257611e-01
117390	1	6.0430368788096121e+03	-8.5753055118255395e-01
117400	1	6.0346080002257886e+03	-8.2830419961613788e-01
117410	1	6.0264744961358174e+03	-7.9894489655896017e-01
117420	1	6.0186292053306306e+03	-7.6945686357058041e-01
117430	1	6.0110824034134921e+03	-7.3984881374191958e-01
117440	1	6.0038324129487173e+03	-7.1012414851162509e-01
117450	1	5.9968810091150863e+03	-6.8028351114041707e-01
117460	1	5.9902289660286806e+03	-6.5033802779928807e-01
117470	1	5.9838734502541101e+03	-6.2028622885668394e-01
117480	1	5.9778199333375114e+03	-5.9014313482796443e-01
117490	1	5.9720720096960767e+03	-5.5990411327075440e-01
117500	1	5.9666256227114227e+03	-5.2957638761919212e-01
117510	1	5.9614784061628470e+03	-4.9917123659525425e-01
117520	1	5.9566422341838652e+03	-4.6868807971560961e-01
117530	1	5.9521085347943936e+03	-4.3813662374979651e-01
117540	1	5.9478791306850981e+03	-4.0751899624102605e-01
117550	1	5.9439551378126316e+03	-3.7684541778006397e-01
117560	1	5.9403422874390235e+03	-3.4611511552247370e-01
117570	1	5.9370355332993158e+03	-3.1533790931109740e-01
117580	1	5.9340364790844751e+03	-2.8452148349081990e-01
117590	1	5.9313453976074670e+03	-2.5366649837785110e-01
117600	1	5.9289631548460638e+03	-2.2278295294137546e-01
117610	1	5.9268902405990120e+03	-1.9187570354046712e-01
117620	1	5.9251237814145143e+03	-1.6094937007413665e-01
117630	1	5.9236712009980138e+03	-1.3001162856900905e-01
117640	1	5.9225230100080071e+03	-9.9068481006039336e-02
117650	1	5.9216888667842386e+03	-6.8123554198593575e-02
117660	1	5.9211626046189813e+03	-3.7184054704504067e-02
117670	1	5.9209461684883527e+03	-6.2574676326182408e-03
117680	1	5.9210360731782112e+03	2.4649459009186043e-02
117690	1	5.9214381892627962e+03	5.5537432441818767e-02
117700	1	5.9221490095638601e+03	8.6392433214502448e-02
117710	1	5.9231661210635957e+03	1.1721400647547148e-01
117720	1	5.9244925376765359e+03	1.4799102197402242e-01
117730	1	5.9261253638317530e+03	1.7872363315496942e-01
117740	1	5.9280654710931176e+03	2.0940402097774677e-01
117750	1	5.9303142424172574e+03	2.4002148783554131e-01
117760	1	5.9328668906650491e+03	2.7057735674754568e-01
117770	1	5.9357256294946374e+03	3.0106368735803773e-01
117780	1	5.9388868185254851e+03	3.3147191020971106e-01
117790	1	5.9423537458220017e+03	3.6179879837025181e-01
117800	1	5.9461240003065759e+03	3.9204111143569209e-01
117810	1	5.9501930992328244e+03	4.2218773099469553e-01
117820	1	5.9545669337077716e+03	4.5223479700610908e-01
117830	1	5.9592390321879211e+03	4.8218342609479653e-01
117840	1	5.9642112300721383e+03	5.1202092808842581e-01
117850	1	5.9694805811475344e+03	5.4174498878054445e-01
117860	1	5.9750455112104028e+03	5.7135086850715944e-01
117870	1	5.9809041053652027e+03	6.0083278333889945e-01
117880	1	5.9870587995834067e+03	6.3018723145959432e-01
117890	1	5.9935071635990425e+03	6.5940365477807239e-01
117900	1	6.0002488031650892e+03	6.8848505428562690e-01
117910	1	6.0072772183600964e+03	7.1742150867329746e-01
117920	1	6.0145949888626228e+03	7.4621542358929860e-01
117930	1	6.0222013300152421e+03	7.7485023595064118e-01
117940	1	6.0300924733449810e+03	8.0333274988931114e-01
117950	1	6.0382662919946524e+03	8.3165634815908218e-01
117960	1	6.0467251435676699e+03	8.5981085450813799e-01
117970	1	6.0554622140158071e+03	8.8779966750963824e-01
117980	1	6.0644796657743382e+03	9.1561240650748876e-01
117990	1	6.0737758664222747e+03	9.4324997753367912e-01
118000	1	6.0833443709048006e+03	9.7070738044236970e-01
118010	1	6.0931878093376408e+03	9.9797977805324078e-01
118020	1	6.1033054122523645e+03	1.0250677375987289e+00
118030	1	6.1136902561975412e+03	1.0519649549670045e+00
118040	1	6.1243429676285732e+03	1.0786658514991327e+00
118050	1	6.1352621809847651e+03	1.1051699651610043e+00
118060	1	6.1464443432991875e+03	1.1314720564130327e+00
118070	1	6.1578899803684944e+03	1.1575758538945247e+00
118080	1	6.1695968421701300e+03	1.1834712297140944e+00
118090	1	6.1815594245796483e+03	1.2091578575393609e+00
118100	1	6.1937779448054825e+03	1.2346313607277093e+00
118110	1	6.2062533691338131e+03	1.2598953083435640e+00
118120	1	6.2189750651072445e+03	1.2849425254328999e+00
118130	1	6.2319487168494970e+03	1.3097706685232633e+00
118140	1	6.2451698031058568e+03	1.3343771085532805e+00
118150	1	6.2586337948733408e+03	1.3587623653629242e+00
118160	1	6.2723453262622033e+03	1.3829230632220797e+00
118170	1	6.2862949718634809e+03	1.4068603252133798e+00
118180	1	6.3004817855952142e+03	1.4305684410442530e+00
118190	1	6.3149033207768662e+03	1.4540483829700759e+00
118200	1	6.3295601939740618e+03	1.4772963590082562e+00
118210	1	6.3444505558593901e+03	1.5003138304904087e+00
118220	1	6.3595662962061479e+03	1.5230984443945403e+00
118230	1	6.3749120081506326e+03	1.5456479209030394e+00
118240	1	6.3904779595026230e+03	1.5679632175253444e+00
118250	1	6.4062698329999193e+03	1.5900404798888137e+00
118260	1	6.4222781318689340e+03	1.6118813588888792e+00
118270	1	6.4385055817935245e+03	1.6334839450025711e+00
118280	1	6.4549472998768779e+03	1.6548478432398674e+00
118290	1	6.4716035434795840e+03	1.6759745008800944e+00
118300	1	6.4884674650059533e+03	1.6968585932641571e+00
118310	1	6.5055388934701841e+03	1.7175058119247339e+00
118320	1	6.5228172831528336e+03	1.7379135233611798e+00
118330	1	6.5402951912237322e+03	1.7580774641392358e+00
118340	1	6.5579750393835229e+03	1.7780038542852634e+00
118350	1	6.5758558421433390e+03	1.7976879090255098e+00
118360	1	6.5939297567696394e+03	1.8171311184268841e+00
118370	1	6.6121972867933982e+03	1.8363333576438827e+00
118380	1	6.6306546429307773e+03	1.8552969326732782e+00
118390	1	6.6493030502938291e+03	1.8740186758536443e+00
120170	3	6.6533428650065389e+03	-3.6128950047022501e+00
120180	3	6.6172351500464365e+03	-3.6084979172964036e+00
120190	3	6.5811728971794555e+03	-3.6039057741414529e+00
120200	3	6.5451558593412974e+03	-3.5991154827186080e+00
120210	3	6.5091921516772763e+03	-3.5941263003944979e+00
120220	3	6.4732753705160567e+03	-3.5889307938968913e+00
120230	3	6.4374134548029097e+03	-3.5835275077688329e+00
120240	3	6.4016070112089146e+03	-3.5779105049330893e+00
120250	3	6.3658543652015524e+03	-3.5720795783998183e+00
120260	3	6.3301652238411780e+03	-3.5660289171215824e+00
120270	3	6.2945343526495571e+03	-3.5597571926472225e+00
120280	3	6.2589685207009807e+03	-3.5532546638545242e+00
120290	3	6.2234726656649527e+03	-3.5465215125973741e+00
120300	3	6.1880408914177260e+03	-3.5395532138636825e+00
120310	3	6.1526815721964686e+03	-3.5323425983986505e+00
120320	3	6.1173937736965490e+03	-3.5248888039007324e+00
120330	3	6.0821845508469469e+03	-3.5171849223220675e+00
120340	3	6.0470511201691825e+03	-3.5092282223599991e+00
120350	3	6.0120009578808385e+03	-3.5010152925854507e+00
120360	3	5.9770316361593777e+03	-3.4925361985468175e+00
120370	3	5.9421510160014404e+03	-3.4837909220179841e+00
120380	3	5.9073603244415626e+03	-3.4747713003729892e+00
120390	3	5.8726569696833667e+03	-3.4654733615312505e+00
120400	3	5.8380485844557807e+03	-3.4558958503222508e+00
120410	3	5.8035389736191055e+03	-3.4460258636382943e+00
120420	3	5.7691279976384722e+03	-3.4358626913632859e+00
120430	3	5.7348230489907864e+03	-3.4254027760510466e+00
120440	3	5.7006235643646933e+03	-3.4146327703305168e+00
120450	3	5.6665324524231573e+03	-3.4035555354073752e+00
120460	3	5.6325518083924044e+03	-3.3921587610261890e+00
120470	3	5.5986895153557389e+03	-3.3804430642001044e+00
120480	3	5.5649449694548584e+03	-3.3683971840675744e+00
120490	3	5.5313223629721997e+03	-3.3560156660250491e+00
120500	3	5.4978247530430572e+03	-3.3432956407590586e+00
120510	3	5.4644568365978794e+03	-3.3302247759718311e+00
120520	3	5.4312221249517315e+03	-3.3168027023977524e+00
120530	3	5.3981222921028502e+03	-3.3030179608036376e+00
120540	3	5.3651625438808624e+03	-3.2888670406664886e+00
120550	3	5.3323471434089997e+03	-3.2743419411269299e+00
120560	3	5.2996781212151709e+03	-3.2594359990271617e+00
120570	3	5.2671591487947699e+03	-3.2441401855938654e+00
120580	3	5.2347962318684195e+03	-3.2284499431562712e+00
120590	3	5.2025927948225881e+03	-3.2123573195524981e+00
120600	3	5.1705495582076328e+03	-3.1958547360622833e+00
120610	3	5.1386762152908132e+03	-3.1789350165882535e+00
120620	3	5.1069733650891203e+03	-3.1615893669032680e+00
120630	3	5.0754452435642961e+03	-3.1438118186356894e+00
120640	3	5.0440978441685929e+03	-3.1255941023692122e+00
120650	3	5.0129350608235136e+03	-3.1069293247094487e+00
120660	3	4.9819602555486053e+03	-3.0878082682494878e+00
120670	3	4.9511819429471652e+03	-3.0682207687141538e+00
120680	3	4.9205981415413971e+03	-3.0481653191417912e+00
120690	3	4.8902180034665516e+03	-3.0276284529736333e+00
120700	3	4.8600468810929169e+03	-3.0066036626289634e+00
120710	3	4.8300898229513959e+03	-2.9850817514899726e+00
120720	3	4.8003454687646818e+03	-2.9630559663572820e+00
120730	3	4.7708294752818510e+03	-2.9405182829499847e+00
120740	3	4.7415394827461605e+03	-2.9174591038951205e+00
120750	3	4.7124822809055595e+03	-2.8938724127595226e+00
120760	3	4.6836616247458342e+03	-2.8697468429000481e+00
120770	3	4.6550902215670703e+03	-2.8450769798889488e+00
120780	3	4.6267630208488536e+03	-2.8198519987017816e+00
120790	3	4.5986935512779892e+03	-2.7940657376487823e+00
120800	3	4.5708832729353817e+03	-2.7677122332783157e+00
120810	3	4.5433409049003658e+03	-2.7407800462857246e+00
120820	3	4.5160688882194163e+03	-2.7132623207155060e+00
120830	3	4.4890773387781701e+03	-2.6851497546990988e+00
120840	3	4.4623684515020823e+03	-2.6564384343180691e+00
120850	3	4.4359506838129064e+03	-2.6271188078613656e+00
120860	3	4.4098292674317336e+03	-2.5971827771799267e+00
120870	3	4.3840094143658753e+03	-2.5666279936061382e+00
120880	3	4.3584994472732833e+03	-2.5354385352672666e+00
120890	3	4.3333027835219191e+03	-2.5036191599092388e+00
120900	3	4.3084255578141474e+03	-2.4711521926088547e+00
120910	3	4.2838812790899219e+03	-2.4380406433987138e+00
120920	3	4.2596707632148027e+03	-2.4042753981060900e+00
120930	3	4.2357995197987311e+03	-2.3698492445734254e+00
120940	3	4.2122768444296889e+03	-2.3347601755129466e+00
120950	3	4.1891047348388565e+03	-2.2990041289117085e+00
120960	3	4.1662983640281955e+03	-2.2625734032301485e+00
120970	3	4.1438564154886280e+03	-2.2254670180563405e+00
120980	3	4.1217906210708807e+03	-2.1876829784632954e+00
120990	3	4.1001051520080491e+03	-2.1492164916302712e+00
121000	3	4.0788082665455386e+03	-2.1100690688028405e+00
121010	3	4.0579059809876658e+03	-2.0702347750512216e+00
121020	3	4.0374050067918220e+03	-2.0297153635482053e+00
121030	3	4.0173113906439098e+03	-1.9885069131781288e+00
121040	3	3.9976363332061624e+03	-1.9466181006315386e+00
121050	3	3.9783821548895780e+03	-1.9040441071501886e+00
121060	3	3.9595584997396313e+03	-1.8607890098171382e+00
121070	3	3.9411677411096198e+03	-1.8168543265041883e+00
121080	3	3.9232244940394849e+03	-1.7722463568060325e+00
121090	3	3.9057284924692576e+03	-1.7269674875258074e+00
121100	3	3.8886855140261478e+03	-1.6810263063516118e+00
121110	3	3.8721090890823089e+03	-1.6344252491271689e+00
121120	3	3.8560001652851761e+03	-1.5871740052064920e+00
121130	3	3.8403673921909749e+03	-1.5392796339837458e+00
121140	3	3.8252179600496793e+03	-1.4907543236389305e+00
121150	3	3.8105546048940041e+03	-1.4416076864243632e+00
121160	3	3.7963864763424494e+03	-1.3918464690485144e+00
121170	3	3.7827187647095930e+03	-1.3414888747675362e+00
121180	3	3.7695593082174773e+03	-1.2905471156988619e+00
121190	3	3.7569111372594057e+03	-1.2390322331918879e+00
121200	3	3.7447805292012176e+03	-1.1869616701905821e+00
121210	3	3.7331737669906474e+03	-1.1343505675294352e+00
121220	3	3.7220958539948288e+03	-1.0812212160267130e+00
121230	3	3.7115516997253899e+03	-1.0275854457691327e+00
121240	3	3.7015444096935053e+03	-9.7346896116505810e-01
121250	3	3.6920829262641855e+03	-9.1888573341435709e-01
121260	3	3.6831691724307611e+03	-8.6386337193554419e-01
121270	3	3.6748069897043893e+03	-8.0842471679031558e-01
121280	3	3.6670019228029132e+03	-7.5258364748059026e-01
121290	3	3.6597554637587159e+03	-6.9637472779921217e-01
121300	3	3.6530758763094618e+03	-6.3981848355913684e-01
121310	3	3.6469607356613765e+03	-5.8293886701960540e-01
121320	3	3.6414172917953424e+03	-5.2576338744419904e-01
121330	3	3.6364487683147545e+03	-4.6832373313112829e-01
121340	3	3.6320517238573716e+03	-4.1064054358363627e-01
121350	3	3.6282349927606806e+03	-3.5274849217867194e-01
121360	3	3.6249949666972793e+03	-2.9467225427150268e-01
121370	3	3.6223426322677510e+03	-2.3644445778641696e-01
121380	3	3.6202705951923799e+03	-1.7809039051187325e-01
121390	3	3.6187791151789652e+03	-1.1964173233022060e-01
121400	3	3.6178761518133160e+03	-6.1129751057491313e-02
121410	3	3.6175570515005948e+03	-2.5839496007804834e-03
121420	3	3.6178227050334258e+03	5.5966503135229155e-02
121430	3	3.6186756529109061e+03	1.1448681423955662e-01
121440	3	3.6201142277783365e+03	1.7295312946489108e-01
121450	3	3.6221357906261919e+03	2.3132887119134715e-01
121460	3	3.6247411713131728e+03	2.8958900909858165e-01
121470	3	3.6279267390884702e+03	3.4770340763580498e-01
121480	3	3.6316936230336469e+03	4.0564188283054353e-01
121490	3	3.6360407506326424e+03	4.6337233590356286e-01
121500	3	3.6409598766815170e+03	5.2086721158238258e-01
121510	3	3.6464549021691146e+03	5.7810501389842617e-01
121520	3	3.6525222630724697e+03	6.3505253874298506e-01
121530	3	3.6591562848041526e+03	6.9168440072794424e-01
121540	3	3.6663542994098707e+03	7.4797809913074143e-01
121550	3	3.6741140590834602e+03	8.0390169577408166e-01
121560	3	3.6824303831955376e+03	8.5943445064063684e-01
121570	3	3.6913026049304499e+03	9.1455667156589737e-01
121580	3	3.7007209437607662e+03	9.6923991230516782e-01
121590	3	3.7106854097834957e+03	1.0234649027552067e+00
121600	3	3.7211895798126429e+03	1.0772133167761431e+00
121610	3	3.7322279621744624e+03	1.1304603760424314e+00
121620	3	3.7437938874285455e+03	1.1831925288093648e+00
121630	3	3.7558903996322142e+03	1.2353882377106085e+00
121640	3	3.7685013633179037e+03	1.2870321250687984e+00
121650	3	3.7816282063916924e+03	1.3381110454821086e+00
121660	3	3.7952623655091847e+03	1.3886074292555310e+00
121670	3	3.8093965641050504e+03	1.4385087330226471e+00
121680	3	3.8240318532791612e+03	1.4878017864455690e+00
121690	3	3.8391525425137429e+03	1.5364740853259975e+00
121700	3	3.8547584244198874e+03	1.5845183339310038e+00
121710	3	3.8708403240361699e+03	1.6319218576615417e+00
121720	3	3.8873945322000163e+03	1.6786785358399865e+00
121730	3	3.9044118142407769e+03	1.7247776539837949e+00
121740	3	3.9218871140614315e+03	1.7702180327393142e+00
121750	3	3.9398150358747389e+03	1.8149878758156139e+00
121760	3	3.9581848379207954e+03	1.8590855842517684e+00
121770	3	3.9769923385493194e+03	1.9025075111723215e+00
121780	3	3.9962333404146616e+03	1.9452467608764339e+00
121790	3	4.0158953425093910e+03	1.9873076066345097e+00
121800	3	4.0359760131007079e+03	2.0286808846292130e+00
121810	3	4.0564669191787498e+03	2.0693727540097933e+00
121820	3	4.0773629085744651e+03	2.1093779767428962e+00
121830	3	4.0986528934897797e+03	2.1486993125953613e+00
121840	3	4.1203324018590520e+03	2.1873390218048687e+00
121850	3	4.1423969251464841e+03	2.2252968066009911e+00
121860	3	4.1648377614478186e+03	2.2625749844785834e+00
121870	3	4.1876463105935791e+03	2.2991774945897623e+00
121880	3	4.2108179873948529e+03	2.3351076213342323e+00
121890	3	4.2343442740263226e+03	2.3703679460721538e+00
121900	3	4.2582224600385643e+03	2.4049665987515256e+00
121910	3	4.2824435602217663e+03	2.4389076486406314e+00
121920	3	4.3069977959738062e+03	2.4721912274042710e+00
121930	3	4.3318847579425046e+03	2.5048274529372323e+00
121940	3	4.3570935001101261e+03	2.5368213978887835e+00
121950	3	4.3826188562389270e+03	2.5681789810830615e+00
121960	3	4.4084545488743443e+03	2.5989061891376521e+00
121970	3	4.4345964372032067e+03	2.6290115118568225e+00
121980	3	4.4610319626392802e+03	2.6584986600981821e+00
121990	3	4.4877642738601944e+03	2.6873771332440661e+00
122000	3	4.5147789220295817e+03	2.7156566963187472e+00
122010	3	4.5420744191438607e+03	2.7433413126734472e+00
122020	3	4.5696446901485124e+03	2.7704364833861819e+00
122030	3	4.5974819917295954e+03	2.7969565776318888e+00
122040	3	4.6255843891964196e+03	2.8229034059039533e+00
122050	3	4.6539362937981859e+03	2.8482888007610940e+00
122060	3	4.6825459794273347e+03	2.8731197403470872e+00
122070	3	4.7113993506983716e+03	2.8974028008579547e+00
122080	3	4.7404921457201763e+03	2.9211494570564782e+00
122090	3	4.7698196736841674e+03	2.9443636568938873e+00
122100	3	4.7993776326769148e+03	2.9670571540119872e+00
122110	3	4.8291561267280958e+03	2.9892371677990757e+00
122120	3	4.8591608573521462e+03	3.0109124884136791e+00
122130	3	4.8893758413238020e+03	3.0320869745179349e+00
122140	3	4.9198011120316951e+03	3.0527728682814139e+00
122150	3	4.9504290028383348e+03	3.0729806238854067e+00
122160	3	4.9812582453437235e+03	3.0927116332700693e+00
122170	3	5.0122819364455227e+03	3.1119796498320569e+00
122180	3	5.0434947573631525e+03	3.1307882578842992e+00
122190	3	5.0748979124593288e+03	3.1491486291048023e+00
122200	3	5.1064756852949722e+03	3.1670666253050324e+00
122210	3	5.1382362371091631e+03	3.1845531368771360e+00
122220	3	5.1701666138119308e+03	3.2016111610448057e+00
122230	3	5.2022677569886027e+03	3.2182491688733106e+00
122240	3	5.2345310757110037e+03	3.2344778225236261e+00
122250	3	5.2669530703035216e+03	3.2503031827100499e+00
122260	3	5.2995371112211333e+03	3.2657292635907846e+00
122270	3	5.3322677919881171e+03	3.2807686062098544e+00
122280	3	5.3651483731680337e+03	3.2954215821295501e+00
122290	3	5.3981749832821370e+03	3.3097037393907174e+00
122300	3	5.4313432463071822e+03	3.3236133339176326e+00
122310	3	5.4646464687828066e+03	3.3371622339639093e+00
122320	3	5.4980819214381436e+03	3.3503570675846226e+00
122330	3	5.5316542238210250e+03	3.3631996991457096e+00
122340	3	5.5653472385506957e+03	3.3757012966792042e+00
122350	3	5.5991666985849424e+03	3.3878695906360230e+00
122360	3	5.6331049250066580e+03	3.3997028121199584e+00
122370	3	5.6671591659382020e+03	3.4112158356326190e+00
122380	3	5.7013271845166701e+03	3.4224094059295451e+00
122390	3	5.7356072695461826e+03	3.4332904297602753e+00
122400	3	5.7699904326305259e+03	3.4438654254596126e+00
122410	3	5.8044814767215848e+03	3.4541384397659489e+00
122420	3	5.8390723733257828e+03	3.4641186109802296e+00
122430	3	5.8737630465495358e+03	3.4738072546469287e+00
122440	3	5.9085473520187315e+03	3.4832109616072993e+00
122450	3	5.9434281190552683e+03	3.4923333444169598e+00
122460	3	5.9783948000899027e+03	3.5011851117900625e+00
122470	3	6.0134501527263456e+03	3.5097662409070258e+00
122480	3	6.0485896890831391e+03	3.5180847752280964e+00
122490	3	6.0838121087615491e+03	3.5261414548375205e+00
122500	3	6.1191103901310926e+03	3.5339420858672597e+00
122510	3	6.1544870490971780e+03	3.5414956501120600e+00
122520	3	6.1899389937417127e+03	3.5488001312647866e+00
122530	3	6.2254641780833572e+03	3.5558649077035991e+00
122540	3	6.2610567745551716e+03	3.5626892308349589e+00
122550	3	6.2967169576078104e+03	3.5692850691395375e+00
122560	3	6.3324417732298025e+03	3.5756503850951771e+00
122570	3	6.3682286517007460e+03	3.5817916628517552e+00
122580	3	6.4040749292413848e+03	3.5877119627020164e+00
122590	3	6.4399826600153710e+03	3.5934146197771288e+00
122600	3	6.4759458371434175e+03	3.5989032873377163e+00
122610	3	6.5119586663662130e+03	3.6041862694480513e+00
122620	3	6.5480282496688342e+03	3.6092597163759375e+00
122630	3	6.5841457337127813e+03	3.6141316576153342e+00
122640	3	6.6203083568602251e+03	3.6188057566422080e+00
122650	3	6.6565197655658330e+03	3.6232821422248072e+00
